# File produced by Open Asset Import Library (http://www.assimp.sf.net)
# (assimp v3.1.193236683)

mtllib cow.mtl

# 3814 vertex positions
v  0.0984339 -0.245189 1.913
v  0.0924266 -0.255227 1.89522
v  0.0929025 -0.257203 1.8739
v  0.108699 -0.251997 1.882
v  0.0785483 -0.253982 1.89602
v  0.0780028 -0.248005 1.91659
v  0.0760971 -0.191802 1.89735
v  0.0830366 -0.194979 1.9104
v  0.0912156 -0.197356 1.89988
v  0.0838115 -0.198833 1.89433
v  0.0844647 -0.204155 1.8807
v  0.0700922 -0.19506 1.88141
v  0.0975777 -0.198679 1.88686
v  0.0759357 -0.121341 1.84682
v  0.0902156 -0.0956755 1.82221
v  0.0801728 -0.088914 1.82571
v  0.0784851 -0.10041 1.83693
v  0.0629263 -0.10721 1.85089
v  0.0604682 -0.127243 1.8569
v  0.196454 0.019231 1.65876
v  0.178959 0.0280336 1.6447
v  0.191135 0.0640346 1.63681
v  0.20455 0.0577013 1.64935
v  0.203297 0.0637054 1.66715
v  0.1895 0.0271646 1.67948
v  0.18348 -0.0192139 1.67691
v  0.170662 -0.00355906 1.6876
v  0.19474 -0.0371973 1.66448
v  0.203114 -0.0101138 1.64754
v  0.181845 0.0019262 1.635
v  0.192638 -0.0110258 1.61849
v  0.218744 -0.0242476 1.63424
v  0.229679 -0.0199767 1.60534
v  0.202129 -0.0132518 1.6007
v  0.202795 -0.0559281 1.64899
v  0.227446 -0.0528111 1.61817
v  0.243641 -0.0378553 1.59931
v  0.205066 -0.073905 1.63131
v  0.159179 0.0428387 1.61227
v  0.166977 0.0472676 1.58984
v  0.178763 0.0608387 1.58127
v  0.178591 0.068105 1.59982
v  0.163602 0.0332744 1.58438
v  0.181041 0.0484084 1.56488
v  0.152353 0.0213425 1.60208
v  0.184691 -0.0108103 1.59648
v  0.180114 -0.0031114 1.58149
v  0.158988 0.00792253 1.58772
v  0.164211 -0.00456734 1.60742
v  0.210931 -0.0103344 1.5825
v  0.218123 0.021458 1.55484
v  0.19675 0.017477 1.55457
v  0.188121 0.0050511 1.56793
v  0.216352 0.00239338 1.5661
v  0.184888 0.0314971 1.55541
v  0.215784 0.0419361 1.54686
v  0.170075 0.0192688 1.57244
v  0.247993 0.0500856 1.54753
v  0.26169 0.0721858 1.53055
v  0.261108 0.0850122 1.54321
v  0.241257 0.070567 1.54965
v  0.209752 0.0633198 1.54927
v  0.246065 0.0232282 1.55332
v  0.267941 0.0405036 1.53356
v  0.266754 0.0610768 1.51853
v  0.265089 0.0173889 1.54487
v  0.179513 -0.112188 1.52247
v  0.161358 -0.121842 1.53029
v  0.16576 -0.146478 1.53758
v  0.189269 -0.136857 1.52108
v  0.172188 -0.0860074 1.52807
v  0.154849 -0.10743 1.54811
v  0.15559 -0.136822 1.56072
v  0.262402 0.121177 1.49909
v  0.270539 0.145136 1.50073
v  0.249999 0.15483 1.50025
v  0.246421 0.130751 1.50809
v  0.286228 0.118589 1.49797
v  0.258747 0.0975563 1.48579
v  0.280189 0.0975814 1.4818
v  0.29331 0.141022 1.50173
v  0.254214 0.0935506 1.51309
v  0.259474 0.0813069 1.50142
v  0.252113 0.108106 1.52526
v  0.145007 0.290465 1.52037
v  0.158815 0.304449 1.5039
v  0.139082 0.317372 1.49904
v  0.1324 0.305929 1.51112
v  0.149183 0.283652 1.52477
v  0.163198 0.278393 1.52445
v  0.237645 0.250054 1.4726
v  0.266252 0.204159 1.47882
v  0.271572 0.210375 1.46687
v  0.237954 0.226608 1.46755
v  0.237994 0.202076 1.48431
v  0.234641 0.253761 1.48765
v  0.235795 0.219682 1.49683
v  0.260925 0.192445 1.48697
v  0.36084 0.556225 1.43287
v  0.365753 0.550446 1.43305
v  0.363751 0.55038 1.4314
v  0.3615 0.54949 1.43226
v  0.224288 0.198903 1.41129
v  0.25237 0.132025 1.39532
v  0.240138 0.118578 1.38101
v  0.2197 0.171554 1.39041
v  0.256204 0.165253 1.40195
v  0.25538 0.140058 1.39815
v  0.220713 0.230796 1.41476
v  0.255458 0.182732 1.41205
v  0.241854 0.0952822 1.35552
v  0.247647 0.102084 1.33685
v  0.241637 0.151493 1.32173
v  0.217345 0.153398 1.35752
v  0.232348 0.0372746 1.33514
v  0.257846 0.0660721 1.35062
v  0.256925 0.0643191 1.29055
v  0.276588 0.0704061 1.25248
v  0.282509 0.180599 1.22261
v  0.28354 0.00293964 1.20833
v  0.259564 0.000317588 1.26626
v  0.309139 0.10813 1.17548
v  0.227182 -0.0427039 1.30174
v  0.201422 -0.109782 1.26766
v  0.207591 -0.119064 1.14521
v  0.275244 -0.0221706 1.12931
v  0.126258 -0.202301 1.27649
v  0.15069 -0.225106 1.16427
v  0.287358 -0.0199274 1.07042
v  0.338023 -0.0721347 1.01735
v  0.397222 -0.0151402 0.944036
v  0.348926 0.0688945 1.00154
v  0.212237 -0.118285 1.08422
v  0.288432 -0.141825 0.994346
v  0.362777 -0.12776 0.913046
v  0.166617 -0.283539 0.972098
v  0.145588 -0.226428 1.07353
v  0.268737 -0.264413 0.855008
v  0.0390497 -0.276678 1.08271
v  0.0390497 -0.337429 1.00762
v  0.0390497 -0.418307 0.891227
v  0.123027 -0.403189 0.84843
v  0.163197 -0.382828 0.802992
v  0.437143 -0.0885297 0.822503
v  0.482632 0.0616078 0.857012
v  0.556788 0.0234073 0.748846
v  0.661791 0.19311 0.760064
v  0.576964 0.232994 0.839352
v  0.485015 0.268939 0.841066
v  0.424837 0.139759 0.905648
v  0.480943 -0.076038 0.738727
v  0.357332 -0.170546 0.795226
v  0.404837 -0.137133 0.73888
v  0.251451 -0.273771 0.762664
v  0.311593 -0.205757 0.723626
v  0.343611 -0.170788 0.714688
v  0.19262 -0.333941 0.741351
v  0.167466 -0.372763 0.653595
v  0.25272 -0.302142 0.61664
v  0.134708 -0.447206 0.700507
v  0.604277 -0.0681628 0.681468
v  0.575867 -0.26022 0.645389
v  0.634706 -0.257251 0.593386
v  0.656657 -0.0972956 0.623514
v  0.510737 -0.144228 0.720196
v  0.520222 -0.270606 0.702315
v  0.28438 1.04703 0.702718
v  0.238129 1.10031 0.619491
v  0.155262 1.13636 0.636951
v  0.18167 1.07125 0.760927
v  0.260733 1.09065 0.522559
v  0.153344 1.14114 0.497771
v  0.345799 1.01067 0.587395
v  0.498118 -0.997285 0.606276
v  0.51131 -1.03566 0.604288
v  0.546924 -1.03482 0.607675
v  0.543455 -0.992754 0.606844
v  0.448917 -1.01742 0.5772
v  0.489123 -1.03586 0.563767
v  0.532203 -1.03763 0.553409
v  0.120019 -0.463307 0.61159
v  0.0890713 -0.513897 0.587433
v  0.119127 -0.440476 0.455774
v  0.150976 -0.418031 0.547634
v  0.100314 -0.507204 0.741606
v  0.581623 -1.02871 0.601664
v  0.576745 -0.996735 0.582031
v  0.575865 -1.03602 0.545991
v  0.594951 -1.00604 0.537854
v  0.75944 0.105131 0.56807
v  0.717796 0.0753253 0.519211
v  0.708145 0.0893734 0.44653
v  0.761754 0.150493 0.456914
v  0.685265 0.0184262 0.549745
v  0.681624 0.0243232 0.457662
v  0.72884 0.0282023 0.634563
v  0.22625 -0.373419 0.493777
v  0.231182 -0.363376 0.401728
v  0.2561 -0.310795 0.324714
v  0.291781 -0.295698 0.453123
v  0.159632 -0.382824 0.323249
v  0.448103 -0.973192 0.415805
v  0.448732 -1.00367 0.41291
v  0.438231 -1.02055 0.444268
v  0.433564 -0.978487 0.454127
v  0.47554 -1.01323 0.39176
v  0.479308 -1.03586 0.434125
v  0.475374 -0.971555 0.391922
v  0.562179 -1.03367 0.436575
v  0.517704 -1.03487 0.422778
v  0.515412 -1.00939 0.378865
v  0.557936 -1.00078 0.408002
v  0.566831 -1.03337 0.476638
v  0.591441 -1.00871 0.470631
v  0.528059 -0.91971 0.4213
v  0.501534 -0.906482 0.396478
v  0.52 -0.862981 0.372028
v  0.52853 -0.862333 0.403963
v  0.470765 -0.866968 0.36953
v  0.494991 -0.884508 0.337313
v  0.478169 -0.920128 0.407356
v  0.462647 -0.864239 0.3966
v  0.453584 0.811907 0.433795
v  0.541161 0.78359 0.350065
v  0.458191 0.917382 0.225193
v  0.407084 0.9352 0.332471
v  0.494827 0.701247 0.560116
v  0.542997 0.659714 0.516115
v  0.588438 0.594472 0.480971
v  0.635622 0.63653 0.341137
v  0.562628 0.785302 0.200319
v  0.486481 0.865731 0.154106
v  0.635382 0.643894 0.207942
v  0.46091 -0.770657 0.38869
v  0.484834 -0.767709 0.383457
v  0.506595 -0.768234 0.397345
v  0.372439 -0.234279 0.306349
v  0.397121 -0.314782 0.312745
v  0.359172 -0.309615 0.361253
v  0.353575 -0.246521 0.348611
v  0.381515 -0.15487 0.27048
v  0.322609 -0.210162 0.32726
v  0.421094 -0.198074 0.256311
v  0.710105 0.500473 0.340772
v  0.770996 0.354695 0.276228
v  0.754902 0.357453 0.132005
v  0.707292 0.505302 0.195136
v  0.771047 0.311775 0.395685
v  0.730192 0.189125 0.336101
v  0.745866 0.230262 0.236674
v  0.687452 0.452382 0.462883
v  0.625262 0.0628184 0.269548
v  0.670264 0.14957 0.24519
v  0.657624 0.0938168 0.350162
v  0.609069 0.0206138 0.172132
v  0.667263 0.133868 0.199913
v  0.342033 -0.152918 0.20021
v  0.239168 -0.27646 0.121543
v  0.326541 -0.174075 0.111334
v  0.153097 -0.349824 0.119298
v  0.68174 0.127224 0.0951729
v  0.752753 0.232245 0.100199
v  0.57574 0.0128207 0.114828
v  0.420937 0.901416 0.0484385
v  0.34143 0.981925 0.0826245
v  0.525085 0.78228 0.0677501
v  0.301645 1.02063 0.249004
v  0.187015 1.03718 0.038111
v  0.172313 1.07334 0.201779
v  0.302627 0.954919 -0.128866
v  0.185949 0.988771 -0.144291
v  0.387489 0.875469 -0.107804
v  0.23202 0.573693 -0.743732
v  0.297323 0.571525 -0.816224
v  0.259134 0.671395 -0.878902
v  0.204491 0.684689 -0.831173
v  0.404985 0.558142 -0.726505
v  0.360565 0.559384 -0.800011
v  0.360507 -0.985616 -0.884961
v  0.364436 -1.01311 -0.877789
v  0.394687 -1.01917 -0.879398
v  0.396547 -0.98455 -0.881377
v  0.355569 -1.02264 -0.916112
v  0.387877 -1.02281 -0.924383
v  0.324608 -1.00732 -0.905336
v  0.417461 -1.01661 -0.882137
v  0.423695 -1.02273 -0.929356
v  0.460149 -1.00801 -0.929428
v  0.429696 -0.989922 -0.895638
v  0.363114 0.608657 -0.862753
v  0.425019 0.601644 -0.940571
v  0.314955 0.714941 -0.981494
v  0.484617 0.524497 -0.817953
v  0.110936 0.789407 -0.863611
v  0.130936 0.804507 -0.984682
v  0.0390497 0.824874 -0.987945
v  0.0390497 0.822344 -0.923887
v  0.123981 0.756276 -0.778462
v  0.0390497 0.774863 -0.745481
v  0.190672 0.738227 -0.865827
v  0.22654 0.759541 -0.93193
v  0.246297 0.765045 -1.0554
v  0.437218 -0.00313639 -0.997836
v  0.48811 0.0566475 -1.03091
v  0.489076 0.102323 -0.927079
v  0.460346 0.0245305 -0.899833
v  0.39483 -0.0556267 -0.988234
v  0.405958 -0.0402749 -0.9013
v  0.458562 0.00680619 -1.09767
v  0.297003 -0.95035 -1.0207
v  0.291322 -1.01357 -1.03184
v  0.302264 -1.02303 -0.956894
v  0.298589 -0.971884 -0.973124
v  0.308642 -0.908614 -1.04385
v  0.316525 -0.895711 -1.02016
v  0.313689 -0.919665 -1.07086
v  0.145343 0.75872 -1.13105
v  0.0978341 0.798822 -1.0634
v  0.442211 -0.959427 -1.05474
v  0.45726 -0.971954 -1.01096
v  0.457334 -1.02108 -0.997271
v  0.43634 -1.01578 -1.06817
v  0.34812 0.669785 -1.07563
v  0.396252 0.618619 -1.03765
v  0.481746 0.529955 -1.07673
v  0.438383 0.595132 -1.12712
v  0.473055 0.519196 -0.99673
v  0.332061 -0.145071 -0.981736
v  0.314991 -0.108133 -0.902696
v  0.392862 -0.221364 -1.05537
v  0.433887 -0.0901219 -1.12158
v  0.33784 -0.247554 -1.01033
v  0.428191 -0.241777 -1.07596
v  0.465007 -0.147228 -1.12465
v  0.522481 0.0984241 -1.04524
v  0.528971 0.169655 -0.995145
v  0.510874 0.0576345 -1.15028
v  0.573705 0.150284 -1.10688
v  0.152497 -0.24266 -1.0889
v  0.232198 -0.166698 -1.02777
v  0.188578 -0.168141 -0.952305
v  0.115761 -0.247199 -0.981734
v  0.207502 -0.31133 -1.10635
v  0.277016 -0.257752 -1.02842
v  0.0390497 -0.273039 -0.990447
v  0.0390497 -0.282177 -1.10214
v  0.0390497 -0.253165 -1.23884
v  0.155017 -0.237345 -1.24384
v  0.392147 0.611952 -1.19913
v  0.299953 0.69042 -1.18917
v  0.490199 0.504454 -1.19392
v  0.490384 -0.146632 -1.15324
v  0.456964 -0.276558 -1.1124
v  0.511042 -0.0416575 -1.18587
v  0.298858 0.57422 -1.32347
v  0.176848 0.628318 -1.37935
v  0.175444 0.715451 -1.26177
v  0.411871 0.540524 -1.31071
v  0.486162 0.452723 -1.29427
v  0.452677 0.416444 -1.38128
v  0.388559 0.456125 -1.41784
v  0.448306 0.31922 -1.39287
v  0.524784 0.317318 -1.2924
v  0.357045 0.334818 -1.47992
v  0.0897156 -0.0624558 -1.45855
v  0.155995 -0.0653964 -1.46969
v  0.19869 -0.140264 -1.41625
v  0.13428 -0.152243 -1.37774
v  0.0924863 0.0298429 -1.51927
v  0.178878 0.00369937 -1.50592
v  0.258023 -0.115772 -1.44504
v  0.138282 0.163986 -1.55172
v  0.238456 0.179782 -1.53854
v  0.261349 0.0324944 -1.50843
v  0.0784007 0.164131 -1.58894
v  0.320699 -0.0975892 -1.44903
v  0.0870146 -0.394524 -1.55519
v  0.0861577 -0.534808 -1.59938
v  0.0831784 -0.536532 -1.62019
v  0.0855959 -0.390399 -1.59299
v  0.0390497 -0.393538 -1.54536
v  0.0390497 -0.525378 -1.58158
v  0.0440703 -0.148473 1.86449
v  0.0390497 -0.138761 1.86876
v  0.0390497 -0.148332 1.90113
v  0.0525943 -0.154192 1.89691
v  0.0484004 -0.124149 1.86211
v  0.0390497 -0.123698 1.86292
v  0.0574601 -0.13798 1.84863
v  0.152742 -0.164392 1.57454
v  0.163487 -0.193185 1.57204
v  0.181132 -0.189305 1.54117
v  0.175286 -0.1652 1.54534
v  0.142996 -0.179095 1.60689
v  0.14786 -0.200633 1.60265
v  0.176399 -0.162145 1.57868
v  0.163058 -0.178645 1.60887
v  0.179375 -0.132992 1.56355
v  0.357247 0.565438 1.43757
v  0.35703 0.564421 1.4391
v  0.357321 0.568793 1.43838
v  0.357628 0.567861 1.4375
v  0.359485 0.569144 1.43861
v  0.359123 0.568825 1.43743
v  0.358542 0.566866 1.43626
v  0.138045 -0.158678 1.41174
v  0.125365 -0.162383 1.40792
v  0.128536 -0.127317 1.41731
v  0.1414 -0.137919 1.42207
v  0.146313 -0.171193 1.40559
v  0.15907 -0.149882 1.41901
v  0.136847 -0.186512 1.39654
v  0.0819756 -0.225108 1.3776
v  0.076005 -0.207637 1.37867
v  0.104994 -0.182324 1.39267
v  0.11241 -0.211578 1.38277
v  0.0390497 -0.203214 1.37661
v  0.0390497 -0.232263 1.3773
v  0.104721 -0.187706 1.37465
v  0.104777 0.226083 -1.56334
v  0.230108 0.326551 -1.53449
v  0.111729 0.189653 -1.61335
v  0.126647 0.348453 -1.56923
v  0.119373 -0.229514 1.70777
v  0.129983 -0.222774 1.68363
v  0.147756 -0.216543 1.67804
v  0.130702 -0.224003 1.71566
v  0.0928165 -0.216278 1.79235
v  0.0838269 -0.228618 1.8112
v  0.0894729 -0.236372 1.7824
v  0.0796068 -0.222032 1.78853
v  0.283406 0.0849336 1.45518
v  0.265646 0.0818048 1.47269
v  0.266577 0.0807235 1.44697
v  0.272501 0.070513 1.46198
v  0.287521 0.0949372 1.42963
v  0.268613 0.0941838 1.43162
v  0.0882587 -0.232056 1.82181
v  0.0909381 -0.249876 1.8344
v  0.106421 -0.254244 1.80869
v  0.092728 -0.239693 1.81019
v  0.10218 -0.225879 1.81902
v  0.105732 -0.240223 1.84572
v  0.132346 -0.232245 1.66745
v  0.123421 -0.243971 1.70486
v  0.121045 -0.258253 1.69997
v  0.118032 -0.246933 1.74534
v  0.11852 -0.260855 1.74085
v  0.101686 -0.235108 1.74329
v  0.126079 -0.254947 1.66218
v  0.112775 -0.266292 1.65671
v  0.110225 -0.268654 1.69568
v  0.130884 -0.246988 1.6249
v  0.142176 -0.231119 1.63301
v  0.116716 -0.259946 1.61735
v  0.101286 -0.270856 1.61242
v  0.0986912 -0.275214 1.65098
v  0.119593 -0.255657 1.5807
v  0.134721 -0.240419 1.58811
v  0.10161 -0.268423 1.57565
v  0.0818737 -0.28001 1.57275
v  0.0825846 -0.281379 1.60911
v  0.10608 -0.264886 1.53958
v  0.126146 -0.251504 1.54552
v  0.0840147 -0.277505 1.53542
v  0.0618703 -0.28743 1.53243
v  0.0607039 -0.290029 1.57157
v  0.0905013 -0.274459 1.49883
v  0.113852 -0.26065 1.50362
v  0.066122 -0.284491 1.49378
v  0.0390497 -0.288126 1.48968
v  0.0390497 -0.290929 1.53032
v  0.0702836 -0.279584 1.45725
v  0.0976206 -0.269883 1.46214
v  0.0390497 -0.282727 1.45383
v  0.0390497 -0.27461 1.42254
v  0.0717362 -0.271845 1.42412
v  0.0390497 -0.266732 1.39611
v  0.0722861 -0.264041 1.39743
v  0.0390497 -0.25168 1.37976
v  0.0747092 -0.249706 1.37982
v  0.107586 -0.242203 1.38079
v  0.1029 -0.256177 1.39966
v  0.136827 -0.224856 1.38477
v  0.133664 -0.240405 1.40433
v  0.126845 -0.198698 1.38975
v  0.151965 -0.20554 1.39337
v  0.113909 -0.17379 1.40089
v  0.13405 -0.129195 1.40201
v  0.140786 -0.137663 1.3902
v  0.187293 -0.0896102 1.39462
v  0.174419 -0.0889982 1.40839
v  0.148644 -0.14769 1.37252
v  0.197857 -0.078099 1.37577
v  0.169846 -0.133841 1.33303
v  0.205825 -0.0582771 1.35017
v  0.114119 -0.195047 1.34151
v  0.0390497 -0.215598 1.34389
v  0.0390497 -0.237001 1.28838
v  0.0390497 -0.256973 1.1746
v  0.225038 0.006929 1.36377
v  0.231681 -0.0236125 1.37855
v  0.256164 0.0391922 1.36701
v  0.245753 0.0193517 1.38952
v  0.279802 0.051335 1.36609
v  0.272679 0.029395 1.38731
v  0.26725 0.0775311 1.36139
v  0.266238 0.0900862 1.3745
v  0.284428 0.0664109 1.3777
v  0.23657 0.102492 1.37041
v  0.205702 0.157549 1.37675
v  0.173938 0.271393 1.37927
v  0.175059 0.282403 1.39749
v  0.177608 0.265224 1.35474
v  0.100359 0.36202 1.36632
v  0.104636 0.37163 1.38645
v  0.187929 0.265748 1.32315
v  0.101811 0.357795 1.33618
v  0.209293 0.284383 1.27044
v  0.1205 0.366138 1.2924
v  0.257451 0.363734 1.18108
v  0.154062 0.430316 1.21407
v  0.332367 0.294127 1.12779
v  0.410461 0.402014 1.03506
v  0.316329 0.479858 1.10725
v  0.368916 0.23516 1.05669
v  0.450161 0.324255 0.944151
v  0.38607 0.183392 0.960595
v  0.454717 0.287908 0.874508
v  0.323248 0.0929957 1.07824
v  0.493253 0.425449 0.813815
v  0.49334 0.459278 0.85764
v  0.523346 0.407454 0.79308
v  0.548464 0.516826 0.662207
v  0.499006 0.545833 0.674774
v  0.619649 0.368663 0.774352
v  0.608421 0.491914 0.631639
v  0.710662 0.273987 0.697303
v  0.661067 0.423132 0.544473
v  0.757071 0.157445 0.621921
v  0.765857 0.243366 0.508889
v  0.70867 0.0673752 0.701915
v  0.499478 0.577702 0.726334
v  0.455004 0.722958 0.622517
v  0.453242 0.759471 0.731128
v  0.474134 0.638703 0.826053
v  0.433365 0.856419 0.532059
v  0.388433 0.895551 0.667329
v  0.368487 0.969893 0.449434
v  0.275443 1.05433 0.387939
v  0.157736 1.11739 0.346573
v  0.0390497 1.14149 0.338913
v  0.0390497 1.15904 0.500887
v  0.0390497 1.11586 0.165379
v  0.0390497 1.0641 0.0178286
v  0.0390497 0.988026 -0.148588
v  0.0390497 0.923768 -0.31129
v  0.174554 0.903754 -0.30915
v  0.160792 0.798167 -0.443591
v  0.0390497 0.826095 -0.452443
v  0.271718 0.860148 -0.294588
v  0.262902 0.769985 -0.427181
v  0.394359 0.816773 -0.260274
v  0.396478 0.759348 -0.403098
v  0.499119 0.743666 -0.211799
v  0.491602 0.700533 -0.359178
v  0.51247 0.782084 -0.0758778
v  0.589344 0.639112 -0.0484409
v  0.57517 0.628363 -0.179706
v  0.599934 0.633694 0.0771748
v  0.660319 0.494397 0.0603101
v  0.634967 0.494148 -0.0549284
v  0.707227 0.363193 0.0300045
v  0.656307 0.352611 -0.0675838
v  0.712277 0.233586 0.0177631
v  0.646138 0.229761 -0.0548493
v  0.654449 0.117378 0.0363678
v  0.593143 0.129795 -0.0228968
v  0.542198 0.0310724 0.0736659
v  0.523962 0.0310378 0.0295885
v  0.439256 -0.0368689 0.159343
v  0.425693 -0.050573 0.112989
v  0.467255 -0.0684984 0.184167
v  0.527756 -0.0747312 0.215008
v  0.484201 -0.206268 0.242969
v  0.592226 -0.0400667 0.27675
v  0.55934 -0.183386 0.277652
v  0.453704 -0.32774 0.310728
v  0.520001 -0.315695 0.326266
v  0.678498 -0.116017 0.387285
v  0.638627 -0.292376 0.38459
v  0.523362 -0.430081 0.379889
v  0.464814 -0.426421 0.375098
v  0.579315 -0.432611 0.414596
v  0.689415 -0.285089 0.456919
v  0.60495 -0.424605 0.480802
v  0.525432 -0.538601 0.458447
v  0.501723 -0.534835 0.429559
v  0.545942 -0.544193 0.492021
v  0.609502 -0.420083 0.538823
v  0.561443 -0.551002 0.529293
v  0.530195 -0.658112 0.464
v  0.519734 -0.65216 0.43688
v  0.531968 -0.665085 0.490985
v  0.562416 -0.559245 0.574444
v  0.523202 -0.671298 0.515039
v  0.534209 -0.778483 0.464107
v  0.531349 -0.7759 0.439069
v  0.525425 -0.780849 0.488176
v  0.504663 -0.675136 0.531664
v  0.505315 -0.782751 0.503501
v  0.527977 -0.853655 0.484601
v  0.534041 -0.856291 0.460591
v  0.510827 -0.853255 0.49942
v  0.480144 -0.784018 0.504117
v  0.488138 -0.85633 0.49806
v  0.520532 -0.899046 0.522566
v  0.542179 -0.903229 0.507055
v  0.495085 -0.907387 0.518254
v  0.474497 -0.918828 0.503308
v  0.467039 -0.860304 0.487577
v  0.494942 -0.952827 0.564597
v  0.530155 -0.947224 0.565035
v  0.464419 -0.967202 0.547388
v  0.456984 -0.925798 0.480779
v  0.43924 -0.976648 0.506338
v  0.427963 -1.02451 0.504316
v  0.475974 -1.03556 0.497741
v  0.524421 -1.03289 0.488764
v  0.448765 -0.863674 0.47103
v  0.441511 -0.865022 0.446922
v  0.447071 -0.927324 0.452927
v  0.437159 -0.785164 0.477004
v  0.423626 -0.783822 0.45453
v  0.456727 -0.784884 0.493926
v  0.45624 -0.670726 0.527538
v  0.436141 -0.667707 0.507603
v  0.480162 -0.674263 0.535882
v  0.492609 -0.565777 0.624866
v  0.448321 -0.556999 0.601881
v  0.541747 -0.567191 0.620537
v  0.568016 -0.418464 0.64164
v  0.507595 -0.413825 0.651997
v  0.603213 -0.415357 0.597132
v  0.683297 -0.272736 0.525026
v  0.691124 -0.105372 0.537472
v  0.716749 -0.111176 0.458027
v  0.632645 0.00943137 0.375171
v  0.454058 -0.418835 0.652535
v  0.448463 -0.282285 0.71611
v  0.386153 -0.283817 0.676817
v  0.437039 -0.164879 0.73231
v  0.375901 -0.208923 0.682428
v  0.400932 -0.412014 0.618099
v  0.373007 -0.385342 0.555691
v  0.35022 -0.287904 0.584755
v  0.425214 -0.548027 0.55921
v  0.413556 -0.54068 0.517277
v  0.409056 -0.535673 0.477392
v  0.373341 -0.390818 0.476346
v  0.423684 -0.663277 0.480429
v  0.419798 -0.658548 0.451462
v  0.426541 -0.653493 0.423065
v  0.414842 -0.532304 0.440091
v  0.428065 -0.77997 0.429362
v  0.443045 -0.774947 0.407018
v  0.446202 -0.650416 0.398072
v  0.451316 -0.864268 0.422038
v  0.457273 -0.92606 0.42634
v  0.477305 -0.648448 0.393172
v  0.437321 -0.53139 0.413684
v  0.471367 -0.531997 0.41083
v  0.41584 -0.428131 0.377549
v  0.380788 -0.411074 0.415584
v  0.355864 -0.295757 0.454756
v  0.344992 -0.237755 0.452026
v  0.342882 -0.223831 0.58988
v  0.320746 -0.213095 0.593101
v  0.31782 -0.234498 0.452038
v  0.297049 -0.256499 0.60173
v  0.503191 -0.648995 0.411618
v  0.522079 -0.77146 0.417383
v  0.533652 -0.859279 0.433915
v  0.544402 -0.921998 0.453064
v  0.549675 -0.914004 0.481977
v  0.573882 -0.96182 0.512117
v  0.572222 -0.966801 0.464359
v  0.559337 -0.952274 0.546722
v  0.550833 -0.965839 0.414723
v  0.512234 -0.965909 0.39026
v  0.433622 -0.0878406 0.0471181
v  0.532526 0.000444535 -0.0249097
v  0.457667 -0.158966 -0.0812491
v  0.552885 -0.06545 -0.135682
v  0.36826 -0.246724 -0.0504764
v  0.406909 -0.320681 -0.285128
v  0.479113 -0.218326 -0.296355
v  0.287246 -0.343279 -0.053107
v  0.320207 -0.404359 -0.281738
v  0.178971 -0.417175 -0.0720773
v  0.197273 -0.464824 -0.284316
v  0.0390497 -0.459006 -0.0996641
v  0.0390497 -0.492424 -0.288742
v  0.0390497 -0.373347 0.104106
v  0.0390497 -0.446879 0.289684
v  0.0390497 -0.495616 0.409631
v  0.0390497 -0.530787 0.541447
v  0.0390497 -0.524965 0.763818
v  0.0390497 -0.477693 -0.495278
v  0.179986 -0.450066 -0.508249
v  0.0390497 -0.412882 -0.699419
v  0.15556 -0.377141 -0.722351
v  0.0390497 -0.306403 -0.861025
v  0.123009 -0.278946 -0.865617
v  0.198712 -0.212292 -0.853859
v  0.242774 -0.305487 -0.731038
v  0.310251 -0.120793 -0.81206
v  0.33233 -0.205761 -0.708704
v  0.432491 -0.0283021 -0.788206
v  0.435659 -0.0919375 -0.675067
v  0.488808 0.0189662 -0.796507
v  0.530513 -0.00592946 -0.67306
v  0.510695 0.092601 -0.804195
v  0.565152 0.0608833 -0.670553
v  0.541989 0.199595 -0.812896
v  0.558451 0.158995 -0.656341
v  0.568965 0.332473 -0.832572
v  0.587846 0.30567 -0.673313
v  0.538923 0.351191 -0.978113
v  0.541613 0.461673 -0.847233
v  0.567981 0.339348 -1.09346
v  0.55892 0.326921 -1.20836
v  0.562539 0.172117 -1.23084
v  0.528531 0.195415 -1.31285
v  0.545526 0.0617222 -1.25331
v  0.522628 0.0655137 -1.32622
v  0.52416 -0.0514253 -1.24382
v  0.501435 -0.0590536 -1.30113
v  0.498633 -0.164802 -1.20677
v  0.477349 -0.182492 -1.25327
v  0.458459 -0.301077 -1.15758
v  0.435914 -0.312499 -1.20528
v  0.414981 -0.439482 -1.15031
v  0.387488 -0.450109 -1.19111
v  0.410143 -0.431512 -1.09731
v  0.39288 -0.430926 -1.0489
v  0.383338 -0.564334 -1.12086
v  0.393287 -0.570683 -1.15103
v  0.367274 -0.560468 -1.09712
v  0.368344 -0.425395 -1.01342
v  0.34561 -0.562668 -1.0799
v  0.378554 -0.686769 -1.0733
v  0.400253 -0.689572 -1.09345
v  0.351901 -0.686253 -1.06209
v  0.3247 -0.690071 -1.06946
v  0.317045 -0.567326 -1.08121
v  0.354245 -0.803675 -1.03622
v  0.373961 -0.805244 -1.04219
v  0.335179 -0.807777 -1.04187
v  0.326017 -0.815459 -1.05829
v  0.306752 -0.696867 -1.09107
v  0.332852 -0.882635 -1.00445
v  0.354173 -0.87353 -0.997077
v  0.323687 -0.955161 -0.941071
v  0.354467 -0.939607 -0.925531
v  0.388389 -0.934799 -0.925111
v  0.376566 -0.873305 -0.999652
v  0.417781 -0.943562 -0.940885
v  0.397711 -0.879166 -1.00853
v  0.441488 -0.957418 -0.967501
v  0.412332 -0.890697 -1.02417
v  0.418201 -0.904772 -1.04564
v  0.404492 -0.827386 -1.08818
v  0.401639 -0.817884 -1.06982
v  0.416458 -0.917997 -1.07179
v  0.399666 -0.836494 -1.10612
v  0.401528 -0.930385 -1.09319
v  0.388576 -0.84431 -1.12157
v  0.378231 -0.938954 -1.10721
v  0.371727 -0.849603 -1.13162
v  0.400135 -1.01684 -1.06995
v  0.361571 -1.01793 -1.06137
v  0.350862 -0.939063 -1.10856
v  0.414677 -1.02106 -0.992557
v  0.376097 -1.02106 -0.984609
v  0.339613 -1.02595 -0.971467
v  0.325164 -1.02054 -1.04797
v  0.32756 -0.930493 -1.09418
v  0.339518 -0.841226 -1.11313
v  0.352284 -0.847697 -1.12762
v  0.33157 -0.832468 -1.09598
v  0.306367 -0.713352 -1.14575
v  0.319118 -0.722218 -1.1707
v  0.326756 -0.823784 -1.07741
v  0.300749 -0.704856 -1.11836
v  0.287816 -0.576163 -1.13544
v  0.287663 -0.581699 -1.17236
v  0.296386 -0.571441 -1.10442
v  0.264908 -0.441853 -1.04152
v  0.245545 -0.447185 -1.10713
v  0.313711 -0.433996 -1.00874
v  0.241255 -0.45742 -1.16714
v  0.198485 -0.334997 -1.19722
v  0.272827 -0.46142 -1.21183
v  0.222051 -0.353951 -1.25105
v  0.305299 -0.589087 -1.20883
v  0.316942 -0.598572 -1.25385
v  0.307066 -0.466182 -1.25049
v  0.33842 -0.73143 -1.19068
v  0.341531 -0.609187 -1.30815
v  0.3649 -0.735483 -1.19902
v  0.338537 -0.466627 -1.2758
v  0.3728 -0.461701 -1.26859
v  0.387176 -0.597657 -1.27677
v  0.391692 -0.730516 -1.19157
v  0.411304 -0.719621 -1.17351
v  0.384877 -0.587635 -1.2271
v  0.375165 -0.456056 -1.23073
v  0.39188 -0.579003 -1.18706
v  0.419127 -0.706226 -1.14799
v  0.414362 -0.695614 -1.1197
v  0.390756 -0.809778 -1.0538
v  0.398674 -0.322024 -1.24501
v  0.376929 -0.335623 -1.29299
v  0.385718 -0.207877 -1.34178
v  0.434733 -0.193603 -1.29841
v  0.341382 -0.347327 -1.32006
v  0.343707 -0.228719 -1.379
v  0.283523 -0.350286 -1.27989
v  0.292365 -0.235208 -1.35431
v  0.224477 -0.247984 -1.32513
v  0.379013 -0.0776028 -1.41339
v  0.448282 -0.0648579 -1.35871
v  0.345431 0.0520016 -1.4729
v  0.449953 0.0658721 -1.40918
v  0.336673 0.191344 -1.49557
v  0.445556 0.200586 -1.41153
v  0.562888 0.420512 -0.693962
v  0.504083 0.506 -0.709016
v  0.535145 0.542609 -0.592267
v  0.442395 0.608318 -0.639513
v  0.584334 0.43572 -0.558348
v  0.618738 0.461503 -0.430128
v  0.56 0.577637 -0.461894
v  0.603325 0.299413 -0.530366
v  0.63359 0.306157 -0.41155
v  0.626339 0.484238 -0.300882
v  0.65529 0.327941 -0.294744
v  0.608912 0.134812 -0.382938
v  0.590045 0.129347 -0.509783
v  0.629282 0.171689 -0.266758
v  0.657702 0.341877 -0.17883
v  0.657104 0.202905 -0.151428
v  0.612465 0.0415254 -0.21292
v  0.611581 -0.0173033 -0.354456
v  0.604053 0.0994948 -0.0867324
v  0.558972 -0.124411 -0.319855
v  0.553715 -0.0858685 -0.515439
v  0.590355 0.00197059 -0.513062
v  0.462083 -0.181025 -0.514581
v  0.380887 -0.294812 -0.526217
v  0.291653 -0.386086 -0.524995
v  0.632111 0.491156 -0.174683
v  0.568907 0.60566 -0.32039
v  0.477639 0.659599 -0.504944
v  0.349324 0.694578 -0.549887
v  0.263946 0.611083 -0.657617
v  0.189905 0.646524 -0.682012
v  0.234916 0.69517 -0.551914
v  0.15553 0.730596 -0.580369
v  0.0390497 0.765527 -0.596604
v  0.0390497 1.15966 0.618884
v  0.0390497 1.07287 0.775873
v  0.0390497 0.979822 0.874947
v  0.212282 0.985396 0.864485
v  0.0390497 0.891856 0.968256
v  0.229564 0.883145 0.954404
v  0.0390497 0.795248 1.04677
v  0.230298 0.774548 1.03199
v  0.0390497 0.696511 1.1187
v  0.2187 0.666001 1.10525
v  0.0390497 0.581786 1.17056
v  0.189069 0.554605 1.16812
v  0.0390497 0.457851 1.22224
v  0.0390497 0.379936 1.29534
v  0.0390497 0.366175 1.34058
v  0.0390497 0.378038 1.37217
v  0.0390497 0.394838 1.38773
v  0.0390497 0.403675 1.40262
v  0.105369 0.381639 1.39941
v  0.0390497 0.405319 1.41806
v  0.105731 0.38868 1.41034
v  0.0390497 0.402074 1.42894
v  0.105897 0.39095 1.42046
v  0.0390497 0.39744 1.43529
v  0.105524 0.390265 1.42887
v  0.0390497 0.393463 1.44009
v  0.104112 0.387701 1.43594
v  0.0390497 0.389853 1.4445
v  0.102721 0.384431 1.44089
v  0.0390497 0.386484 1.44884
v  0.100656 0.381138 1.44563
v  0.0390497 0.383125 1.45331
v  0.0979131 0.377562 1.45058
v  0.17306 0.357855 1.44104
v  0.181193 0.351033 1.43291
v  0.163439 0.359371 1.44777
v  0.0955231 0.373844 1.45543
v  0.153542 0.358812 1.45338
v  0.225168 0.3012 1.45628
v  0.227472 0.289428 1.44949
v  0.219313 0.308341 1.46519
v  0.146471 0.356569 1.45865
v  0.208277 0.315441 1.46985
v  0.0931332 0.370126 1.46029
v  0.0907462 0.366406 1.46515
v  0.141283 0.352348 1.46479
v  0.19891 0.318347 1.47401
v  0.134708 0.349799 1.46961
v  0.181351 0.319841 1.48137
v  0.223601 0.27398 1.49316
v  0.213457 0.282042 1.49661
v  0.221249 0.247638 1.51397
v  0.230481 0.235632 1.50698
v  0.203237 0.287568 1.49926
v  0.210291 0.257081 1.51779
v  0.172453 0.320701 1.48424
v  0.129505 0.346714 1.47445
v  0.124113 0.342954 1.47987
v  0.162882 0.321978 1.48669
v  0.192825 0.292029 1.5012
v  0.199028 0.264041 1.52028
v  0.182524 0.295624 1.50265
v  0.18791 0.269237 1.52216
v  0.155085 0.320385 1.49099
v  0.147698 0.318599 1.49617
v  0.118872 0.338762 1.48562
v  0.114819 0.33218 1.49304
v  0.172665 0.298355 1.50419
v  0.176157 0.27408 1.52326
v  0.175668 0.252026 1.54065
v  0.188148 0.246692 1.5392
v  0.162419 0.2566 1.54193
v  0.161351 0.233799 1.55954
v  0.175541 0.229029 1.55768
v  0.146209 0.26104 1.54355
v  0.144248 0.23839 1.56156
v  0.125938 0.265716 1.5454
v  0.123636 0.242973 1.5636
v  0.12847 0.286759 1.52806
v  0.103603 0.291317 1.53058
v  0.100933 0.270518 1.54762
v  0.106528 0.309364 1.51535
v  0.0744833 0.313042 1.51869
v  0.0729309 0.294894 1.53331
v  0.110181 0.322556 1.50306
v  0.0764543 0.32854 1.50566
v  0.0788947 0.339561 1.49556
v  0.0390497 0.342742 1.49722
v  0.0390497 0.330166 1.50774
v  0.0813386 0.347639 1.48748
v  0.0390497 0.351711 1.48904
v  0.0836785 0.35384 1.48073
v  0.0390497 0.358212 1.48267
v  0.0860136 0.358939 1.47489
v  0.0390497 0.363642 1.47704
v  0.0883799 0.362672 1.47002
v  0.0390497 0.368282 1.4719
v  0.0390497 0.372371 1.46706
v  0.0390497 0.376149 1.46238
v  0.0390497 0.379702 1.45783
v  0.0390497 0.314745 1.52012
v  0.0390497 0.296274 1.53483
v  0.0390497 0.275033 1.55136
v  0.0716682 0.273642 1.55002
v  0.0390497 0.251165 1.56902
v  0.0709529 0.250034 1.56798
v  0.0390497 0.22642 1.58742
v  0.0708536 0.225524 1.58669
v  0.0390497 0.201809 1.60619
v  0.0714916 0.200797 1.60605
v  0.0390497 0.178027 1.62434
v  0.072526 0.176743 1.62517
v  0.0390497 0.15496 1.64123
v  0.0722243 0.153514 1.64312
v  0.0390497 0.132137 1.65678
v  0.0705869 0.130616 1.6594
v  0.0390497 0.108911 1.67152
v  0.0678032 0.107583 1.67456
v  0.0390497 0.0848734 1.68562
v  0.0640802 0.0837942 1.68927
v  0.0390497 0.0577631 1.69885
v  0.0591383 0.056579 1.70241
v  0.0390497 0.0281529 1.71494
v  0.0559564 0.0273506 1.71615
v  0.0390497 0.0065889 1.73887
v  0.0545029 0.00560128 1.73914
v  0.0390497 -0.0147042 1.7598
v  0.054431 -0.0154957 1.76024
v  0.0390497 -0.0353255 1.77992
v  0.0548477 -0.0364773 1.78087
v  0.0390497 -0.054226 1.80106
v  0.0558406 -0.056689 1.80226
v  0.0390497 -0.0729286 1.82296
v  0.0556631 -0.0767619 1.82454
v  0.0390497 -0.0972702 1.84719
v  0.0520113 -0.101207 1.84912
v  0.0690084 -0.0820052 1.82526
v  0.0713651 -0.0605635 1.80248
v  0.084498 -0.0662084 1.80112
v  0.0957105 -0.0740484 1.79763
v  0.0839167 -0.043403 1.78054
v  0.0699059 -0.0391965 1.78149
v  0.0962331 -0.0497681 1.77719
v  0.10338 -0.0824257 1.79274
v  0.106179 -0.058358 1.77158
v  0.0971563 -0.0263593 1.75805
v  0.083666 -0.0207655 1.76049
v  0.108386 -0.034971 1.75221
v  0.114089 -0.068019 1.76416
v  0.117405 -0.0456608 1.74418
v  0.111812 -0.0140375 1.73337
v  0.0991015 -0.00543189 1.73809
v  0.122056 -0.0248905 1.72578
v  0.125893 -0.0582392 1.73507
v  0.131904 -0.0375268 1.71701
v  0.130517 -0.00317455 1.71106
v  0.117936 0.00735726 1.71709
v  0.142365 -0.0152582 1.70355
v  0.141981 -0.0516455 1.70798
v  0.153942 -0.0291086 1.69519
v  0.157553 0.00984577 1.69612
v  0.143743 0.021502 1.70309
v  0.174939 0.0392424 1.68932
v  0.16006 0.049824 1.69598
v  0.189911 0.0721608 1.67595
v  0.174066 0.0811511 1.68181
v  0.196589 0.103312 1.65689
v  0.181711 0.111078 1.66276
v  0.209066 0.0961309 1.64939
v  0.216064 0.0889199 1.63721
v  0.212921 0.123249 1.6306
v  0.199154 0.131034 1.63715
v  0.225662 0.115471 1.62253
v  0.233446 0.106829 1.61011
v  0.212787 0.086309 1.62123
v  0.228652 0.138647 1.60316
v  0.21475 0.146843 1.61082
v  0.241494 0.13065 1.59394
v  0.251973 0.121358 1.58253
v  0.234633 0.100196 1.59415
v  0.237492 0.154289 1.57187
v  0.225538 0.161756 1.58095
v  0.247556 0.14571 1.56144
v  0.259625 0.110512 1.57002
v  0.253161 0.134941 1.54952
v  0.235611 0.170931 1.54302
v  0.227897 0.180744 1.5539
v  0.237804 0.158456 1.53151
v  0.253341 0.12205 1.53768
v  0.238529 0.144838 1.52001
v  0.231999 0.179794 1.51659
v  0.231734 0.192658 1.52906
v  0.233157 0.165953 1.50421
v  0.233367 0.185597 1.49132
v  0.231508 0.199217 1.50488
v  0.255358 0.175467 1.49363
v  0.277929 0.167133 1.49675
v  0.284694 0.184508 1.489
v  0.301335 0.161286 1.49787
v  0.306575 0.176673 1.48879
v  0.32363 0.156503 1.4968
v  0.327029 0.169905 1.48623
v  0.317385 0.137902 1.504
v  0.339265 0.131334 1.5043
v  0.343863 0.148857 1.49589
v  0.310197 0.115295 1.50138
v  0.332998 0.106347 1.50306
v  0.304549 0.0876802 1.48014
v  0.329439 0.0784138 1.47942
v  0.306167 0.0800082 1.44697
v  0.332586 0.0739368 1.44583
v  0.312097 0.0914184 1.42504
v  0.336366 0.0860574 1.42569
v  0.315778 0.104847 1.41155
v  0.338874 0.0999342 1.41222
v  0.293408 0.108755 1.41244
v  0.273836 0.111233 1.41846
v  0.296734 0.122706 1.40281
v  0.318027 0.119082 1.40262
v  0.278509 0.125295 1.40531
v  0.268769 0.101302 1.41256
v  0.264661 0.123212 1.40624
v  0.281 0.141086 1.39891
v  0.299613 0.137387 1.39901
v  0.266814 0.143013 1.3993
v  0.261766 0.112984 1.3979
v  0.268623 0.161831 1.40098
v  0.282954 0.157284 1.40115
v  0.270484 0.17745 1.40903
v  0.28548 0.172515 1.40785
v  0.27242 0.191582 1.41871
v  0.28894 0.185366 1.41733
v  0.254416 0.19856 1.42381
v  0.225471 0.238141 1.42826
v  0.253509 0.209545 1.4348
v  0.273929 0.201981 1.42993
v  0.227334 0.257225 1.43679
v  0.187042 0.340158 1.4252
v  0.22882 0.275412 1.44291
v  0.187221 0.326454 1.41701
v  0.250697 0.218099 1.44693
v  0.275058 0.209785 1.44113
v  0.245051 0.222463 1.45905
v  0.274264 0.212123 1.45397
v  0.295076 0.203925 1.45192
v  0.29457 0.202006 1.43899
v  0.293304 0.201928 1.4651
v  0.312738 0.193538 1.46323
v  0.314257 0.196013 1.44981
v  0.289815 0.195887 1.47821
v  0.310028 0.187367 1.47659
v  0.329194 0.179255 1.47416
v  0.330775 0.185436 1.46134
v  0.347165 0.170787 1.47322
v  0.347551 0.177698 1.46039
v  0.346056 0.161411 1.48497
v  0.364016 0.15292 1.48601
v  0.363778 0.163308 1.47434
v  0.36365 0.14031 1.49661
v  0.382933 0.135546 1.49674
v  0.381131 0.149062 1.48658
v  0.36208 0.122658 1.50464
v  0.384578 0.117021 1.50441
v  0.357947 0.0963005 1.50319
v  0.384708 0.0904537 1.50331
v  0.35575 0.0704187 1.48045
v  0.384098 0.0656653 1.48296
v  0.357807 0.0676934 1.44954
v  0.384718 0.0631365 1.45318
v  0.360763 0.0796808 1.42841
v  0.385699 0.0747412 1.43151
v  0.362439 0.0941977 1.41373
v  0.386107 0.08975 1.41591
v  0.36273 0.109874 1.40322
v  0.385748 0.105907 1.40426
v  0.340112 0.11484 1.40262
v  0.341219 0.130054 1.39686
v  0.362854 0.126005 1.39603
v  0.319949 0.133762 1.39821
v  0.322142 0.148385 1.39768
v  0.342717 0.145156 1.39505
v  0.301695 0.152503 1.40034
v  0.304426 0.16694 1.40559
v  0.325046 0.162662 1.40123
v  0.307859 0.179559 1.41368
v  0.327919 0.17461 1.4093
v  0.311262 0.189271 1.42403
v  0.330513 0.183351 1.42019
v  0.292027 0.195191 1.42775
v  0.313722 0.19486 1.43641
v  0.332193 0.187877 1.43324
v  0.332303 0.188405 1.4474
v  0.348034 0.181398 1.44674
v  0.34803 0.181824 1.43248
v  0.36282 0.176453 1.44728
v  0.362847 0.177602 1.43239
v  0.363261 0.171551 1.46151
v  0.377182 0.168911 1.46264
v  0.376305 0.174426 1.44747
v  0.379017 0.159983 1.47554
v  0.393005 0.159376 1.47639
v  0.389577 0.16913 1.4634
v  0.39715 0.148094 1.48677
v  0.411837 0.149867 1.48661
v  0.40551 0.161129 1.47681
v  0.401599 0.134572 1.49571
v  0.418462 0.137113 1.49434
v  0.406156 0.11681 1.50245
v  0.426466 0.121373 1.4997
v  0.411383 0.0911194 1.50138
v  0.436413 0.0985998 1.49836
v  0.414315 0.0669843 1.48424
v  0.443748 0.0761644 1.48333
v  0.413966 0.0622881 1.45654
v  0.4438 0.0688135 1.45828
v  0.411543 0.0736878 1.43351
v  0.438486 0.0773043 1.43401
v  0.409921 0.0882324 1.4174
v  0.432808 0.0919476 1.41727
v  0.40793 0.104742 1.40511
v  0.429088 0.107514 1.40552
v  0.40575 0.122108 1.39634
v  0.42512 0.124384 1.39687
v  0.384739 0.122667 1.39583
v  0.383343 0.139845 1.39147
v  0.402492 0.139525 1.39155
v  0.36334 0.141943 1.39263
v  0.363624 0.157543 1.39489
v  0.381059 0.156113 1.39312
v  0.344565 0.159645 1.39784
v  0.346396 0.171461 1.40597
v  0.363363 0.169124 1.40428
v  0.347596 0.178788 1.41841
v  0.363132 0.175413 1.41776
v  0.37719 0.173739 1.41604
v  0.378624 0.167406 1.40264
v  0.376424 0.17584 1.43143
v  0.388183 0.176633 1.43056
v  0.390397 0.173741 1.41472
v  0.387802 0.175403 1.44752
v  0.397384 0.178295 1.4474
v  0.398623 0.17916 1.42965
v  0.400146 0.171594 1.46404
v  0.40916 0.1758 1.46434
v  0.405963 0.182411 1.44731
v  0.416115 0.165439 1.47698
v  0.424595 0.172178 1.47633
v  0.416805 0.181551 1.46406
v  0.424463 0.155035 1.48611
v  0.434147 0.162876 1.48562
v  0.433746 0.143362 1.49307
v  0.445787 0.152574 1.49282
v  0.444478 0.129454 1.49724
v  0.459327 0.140455 1.49695
v  0.457627 0.110464 1.49594
v  0.475976 0.124045 1.49472
v  0.469117 0.0906662 1.48104
v  0.491177 0.107342 1.47929
v  0.470787 0.0818606 1.45777
v  0.496355 0.0981254 1.45682
v  0.464798 0.0860696 1.43504
v  0.4927 0.0977071 1.43457
v  0.456316 0.0984931 1.41721
v  0.48272 0.106219 1.4159
v  0.449856 0.113193 1.40578
v  0.471926 0.120918 1.4045
v  0.443938 0.129094 1.39794
v  0.46279 0.137349 1.39744
v  0.437448 0.144759 1.39334
v  0.452837 0.151714 1.39403
v  0.420341 0.141179 1.39243
v  0.414402 0.155801 1.39342
v  0.429279 0.158421 1.39447
v  0.397964 0.155443 1.3929
v  0.393762 0.166749 1.40155
v  0.407391 0.167549 1.40075
v  0.402102 0.175482 1.41355
v  0.412948 0.17836 1.41281
v  0.420497 0.169988 1.40086
v  0.407795 0.183105 1.4289
v  0.416165 0.187801 1.42819
v  0.422874 0.182637 1.41293
v  0.413332 0.1877 1.44669
v  0.420069 0.193522 1.44582
v  0.423746 0.193278 1.42822
v  0.422958 0.18861 1.46277
v  0.427547 0.197 1.46119
v  0.425973 0.200393 1.44499
v  0.43109 0.180845 1.47561
v  0.435011 0.191318 1.47411
v  0.441227 0.172924 1.48497
v  0.445569 0.184626 1.48402
v  0.453875 0.164245 1.49243
v  0.458659 0.177188 1.49167
v  0.46996 0.153611 1.49716
v  0.47539 0.169945 1.49667
v  0.489854 0.141395 1.49469
v  0.496224 0.161733 1.49474
v  0.508132 0.128261 1.4809
v  0.516566 0.153211 1.48203
v  0.517482 0.119703 1.45895
v  0.527399 0.147688 1.46169
v  0.516884 0.117428 1.43685
v  0.528913 0.14568 1.4409
v  0.507919 0.122179 1.41732
v  0.522627 0.146916 1.42138
v  0.492927 0.133659 1.40396
v  0.507069 0.15328 1.40627
v  0.478889 0.148168 1.39764
v  0.489753 0.163469 1.39843
v  0.465306 0.16147 1.39524
v  0.473696 0.173719 1.39648
v  0.452111 0.172402 1.39691
v  0.460019 0.182724 1.39885
v  0.442148 0.164029 1.39547
v  0.431757 0.174557 1.40173
v  0.441252 0.18137 1.40316
v  0.431518 0.188365 1.41374
v  0.43801 0.196112 1.41552
v  0.448314 0.19047 1.40554
v  0.430026 0.199945 1.42887
v  0.434715 0.208134 1.43012
v  0.442672 0.205275 1.41795
v  0.430752 0.208461 1.44462
v  0.433564 0.218099 1.44461
v  0.437645 0.217958 1.43177
v  0.431104 0.206258 1.45956
v  0.433068 0.216709 1.45824
v  0.437566 0.202072 1.47245
v  0.438078 0.213827 1.47101
v  0.447717 0.197166 1.48259
v  0.447969 0.210223 1.48125
v  0.460952 0.191902 1.49028
v  0.460929 0.206787 1.48902
v  0.476879 0.186959 1.495
v  0.477034 0.20414 1.49328
v  0.497775 0.182352 1.4931
v  0.4971 0.202014 1.49065
v  0.517831 0.178117 1.48157
v  0.515617 0.20081 1.48014
v  0.529402 0.175097 1.46348
v  0.528636 0.200106 1.46424
v  0.531698 0.17382 1.44366
v  0.531266 0.199191 1.44495
v  0.526181 0.173818 1.42468
v  0.52563 0.19865 1.42664
v  0.513092 0.176447 1.40932
v  0.513607 0.199246 1.41153
v  0.495301 0.181799 1.39989
v  0.497168 0.201603 1.40188
v  0.478733 0.188258 1.39805
v  0.480997 0.205218 1.39999
v  0.464702 0.195504 1.40121
v  0.466762 0.209522 1.40366
v  0.452832 0.200966 1.40822
v  0.454627 0.213403 1.41103
v  0.445028 0.216129 1.42042
v  0.445995 0.22852 1.42292
v  0.455339 0.226937 1.41366
v  0.438756 0.229409 1.43354
v  0.438234 0.242125 1.43501
v  0.445338 0.242104 1.42492
v  0.434452 0.229074 1.44528
v  0.433466 0.24157 1.44609
v  0.433204 0.227869 1.45791
v  0.432006 0.240272 1.458
v  0.437459 0.225939 1.47021
v  0.43566 0.239264 1.46972
v  0.446604 0.224043 1.4803
v  0.444536 0.238837 1.47944
v  0.459385 0.222283 1.48778
v  0.456706 0.2387 1.48594
v  0.475519 0.221483 1.4912
v  0.472178 0.239881 1.48802
v  0.494243 0.22157 1.48772
v  0.488871 0.241599 1.4842
v  0.510854 0.222326 1.47761
v  0.50354 0.243813 1.47474
v  0.523013 0.22292 1.46283
v  0.514447 0.245478 1.46137
v  0.526695 0.222684 1.44489
v  0.51836 0.246054 1.44509
v  0.521968 0.221845 1.42771
v  0.515113 0.245571 1.42917
v  0.511654 0.221596 1.41349
v  0.507134 0.244528 1.41524
v  0.497528 0.22195 1.40352
v  0.495093 0.24334 1.40493
v  0.481487 0.22317 1.40158
v  0.479476 0.242536 1.40297
v  0.467191 0.224741 1.40608
v  0.465894 0.241898 1.40808
v  0.454806 0.24194 1.41597
v  0.451837 0.259949 1.41875
v  0.462104 0.261352 1.41093
v  0.443061 0.258658 1.42701
v  0.439134 0.278199 1.42909
v  0.447185 0.280362 1.42143
v  0.436038 0.257768 1.43646
v  0.432041 0.276638 1.43754
v  0.43117 0.256601 1.44675
v  0.427353 0.275025 1.44715
v  0.429269 0.255543 1.45795
v  0.42496 0.274124 1.45773
v  0.432485 0.255392 1.46931
v  0.427784 0.274935 1.46837
v  0.441115 0.256206 1.47823
v  0.435926 0.277439 1.47605
v  0.452963 0.258305 1.48339
v  0.446753 0.281275 1.47939
v  0.46693 0.261533 1.48366
v  0.457937 0.285924 1.47873
v  0.480745 0.265044 1.47919
v  0.469421 0.290341 1.47524
v  0.492836 0.268058 1.47087
v  0.479625 0.294168 1.46856
v  0.502143 0.270312 1.45953
v  0.487522 0.296783 1.45861
v  0.506087 0.271181 1.44553
v  0.491042 0.29743 1.44622
v  0.504448 0.270697 1.43106
v  0.49041 0.296633 1.43327
v  0.49864 0.269121 1.41781
v  0.486127 0.294793 1.42126
v  0.488718 0.266716 1.40745
v  0.478061 0.291561 1.41199
v  0.474711 0.263617 1.40574
v  0.466977 0.286905 1.41079
v  0.456467 0.283134 1.41492
v  0.446043 0.309937 1.41843
v  0.455056 0.31417 1.4156
v  0.438187 0.306226 1.42386
v  0.424176 0.335493 1.42454
v  0.431173 0.339219 1.41976
v  0.431457 0.302661 1.43074
v  0.418333 0.332401 1.43109
v  0.425464 0.299764 1.4385
v  0.413053 0.32994 1.43828
v  0.420872 0.298104 1.44733
v  0.408957 0.328175 1.44647
v  0.418204 0.297608 1.45695
v  0.406342 0.327752 1.45537
v  0.420517 0.29928 1.46646
v  0.407494 0.329219 1.46438
v  0.427652 0.302967 1.47246
v  0.414689 0.332746 1.46938
v  0.436709 0.307635 1.47467
v  0.423014 0.33706 1.4705
v  0.446412 0.312531 1.47391
v  0.43119 0.341151 1.46915
v  0.455883 0.317004 1.47045
v  0.438795 0.34499 1.46578
v  0.464074 0.320933 1.4645
v  0.445347 0.348294 1.46046
v  0.470324 0.323244 1.45596
v  0.450472 0.350837 1.45352
v  0.47328 0.324127 1.44572
v  0.453321 0.352114 1.44511
v  0.472917 0.323521 1.43538
v  0.453267 0.351891 1.43614
v  0.470038 0.321646 1.42538
v  0.450924 0.350442 1.42759
v  0.464078 0.318531 1.41763
v  0.446295 0.347794 1.42068
v  0.439066 0.343653 1.41769
v  0.421114 0.373824 1.41959
v  0.427634 0.377356 1.42251
v  0.414117 0.370124 1.42077
v  0.39841 0.402873 1.42391
v  0.404259 0.405367 1.4232
v  0.408072 0.367054 1.42521
v  0.393172 0.400674 1.42719
v  0.403364 0.364796 1.43145
v  0.388924 0.398953 1.43203
v  0.399326 0.363017 1.43805
v  0.385603 0.397654 1.43795
v  0.396252 0.361822 1.4453
v  0.383227 0.39683 1.44423
v  0.394574 0.361389 1.45307
v  0.382282 0.396632 1.45098
v  0.394932 0.362131 1.46112
v  0.383345 0.397308 1.45759
v  0.40078 0.365182 1.46581
v  0.38769 0.399275 1.46217
v  0.407961 0.368696 1.4668
v  0.393676 0.401818 1.46332
v  0.41495 0.372047 1.46526
v  0.399715 0.404312 1.46195
v  0.421607 0.375266 1.4622
v  0.405297 0.406611 1.45908
v  0.427453 0.378065 1.45765
v  0.410127 0.408565 1.45492
v  0.431872 0.380139 1.45144
v  0.413891 0.410062 1.4497
v  0.434493 0.381329 1.44402
v  0.416114 0.410917 1.4434
v  0.434548 0.381211 1.43601
v  0.415973 0.41066 1.4367
v  0.432387 0.379971 1.42834
v  0.413963 0.409704 1.43045
v  0.409935 0.407871 1.4254
v  0.395089 0.439935 1.42782
v  0.39803 0.441024 1.43224
v  0.390563 0.438332 1.42533
v  0.379648 0.472104 1.42899
v  0.383005 0.473186 1.43138
v  0.385272 0.436557 1.4256
v  0.375542 0.470812 1.42873
v  0.380638 0.435037 1.42842
v  0.371731 0.469617 1.43065
v  0.377047 0.433893 1.43264
v  0.368998 0.468811 1.43415
v  0.374321 0.433016 1.43772
v  0.367226 0.468269 1.43823
v  0.372777 0.432545 1.44322
v  0.366063 0.467898 1.4426
v  0.372384 0.432541 1.44894
v  0.36639 0.468111 1.44712
v  0.37347 0.433029 1.45458
v  0.367698 0.468676 1.45122
v  0.376804 0.434229 1.45885
v  0.37025 0.469537 1.45471
v  0.382006 0.435964 1.46008
v  0.374222 0.470788 1.45639
v  0.387097 0.43768 1.45871
v  0.378406 0.4721 1.45578
v  0.391621 0.439193 1.45605
v  0.382146 0.473212 1.45397
v  0.395295 0.440396 1.45225
v  0.385074 0.474076 1.45099
v  0.39778 0.441181 1.44764
v  0.386631 0.474507 1.4471
v  0.399319 0.441624 1.44258
v  0.387145 0.474645 1.44294
v  0.399516 0.44162 1.43733
v  0.386502 0.474372 1.43881
v  0.385267 0.473918 1.43487
v  0.376486 0.505199 1.43598
v  0.377644 0.505673 1.4393
v  0.374533 0.504611 1.43323
v  0.369526 0.529946 1.43257
v  0.370813 0.530333 1.43529
v  0.371753 0.503706 1.43132
v  0.36728 0.529184 1.43087
v  0.368484 0.50269 1.43084
v  0.364569 0.528447 1.43144
v  0.365531 0.501856 1.43248
v  0.362462 0.527996 1.43357
v  0.363677 0.501292 1.43549
v  0.360804 0.527622 1.43602
v  0.362409 0.500914 1.43884
v  0.359845 0.52788 1.43865
v  0.361661 0.500651 1.44227
v  0.359038 0.527546 1.44157
v  0.358806 0.527576 1.44442
v  0.362049 0.500792 1.4461
v  0.36266 0.501115 1.44969
v  0.359492 0.528094 1.44707
v  0.361095 0.528581 1.44935
v  0.364479 0.501754 1.45292
v  0.363462 0.529242 1.45055
v  0.36782 0.502799 1.45431
v  0.366231 0.529956 1.45063
v  0.371457 0.50403 1.454
v  0.374794 0.505085 1.45254
v  0.368536 0.530498 1.44903
v  0.37756 0.505937 1.45003
v  0.370129 0.530789 1.4467
v  0.378594 0.506212 1.44637
v  0.371176 0.530872 1.44399
v  0.378427 0.506052 1.44275
v  0.371599 0.530833 1.44128
v  0.371483 0.530591 1.43825
v  0.366749 0.551278 1.43779
v  0.366718 0.55131 1.44007
v  0.366714 0.550736 1.43536
v  0.361873 0.566032 1.436
v  0.361804 0.565618 1.43758
v  0.358276 0.562774 1.43553
v  0.359985 0.549165 1.43406
v  0.357243 0.561823 1.43706
v  0.358636 0.549604 1.43609
v  0.357978 0.549104 1.43828
v  0.356909 0.560898 1.43873
v  0.357319 0.548605 1.44047
v  0.356729 0.560258 1.44015
v  0.357197 0.548883 1.44278
v  0.356704 0.560889 1.44123
v  0.357511 0.549003 1.44477
v  0.356805 0.560421 1.44314
v  0.358617 0.549614 1.44633
v  0.358034 0.560126 1.44433
v  0.360687 0.550104 1.44709
v  0.359254 0.560869 1.44453
v  0.36268 0.550997 1.44691
v  0.360517 0.561465 1.44413
v  0.364403 0.550594 1.44555
v  0.361454 0.561993 1.44318
v  0.36549 0.550711 1.44404
v  0.362062 0.5626 1.44176
v  0.366193 0.551131 1.4422
v  0.362392 0.562965 1.4404
v  0.362498 0.563566 1.43908
v  0.359598 0.569465 1.43937
v  0.35935 0.569068 1.44028
v  0.357319 0.569375 1.43894
v  0.357313 0.569771 1.43938
v  0.356991 0.565172 1.44009
v  0.356953 0.565922 1.44107
v  0.356925 0.566559 1.44189
v  0.357294 0.569913 1.43979
v  0.357224 0.569114 1.44003
v  0.35746 0.566837 1.44225
v  0.359003 0.567979 1.44215
v  0.359102 0.568671 1.44119
v  0.358545 0.564957 1.44315
v  0.185931 0.312543 1.40988
v  0.180869 0.29508 1.40523
v  0.275021 0.0901567 1.4022
v  0.280815 0.0791428 1.39069
v  0.263689 0.101907 1.38669
v  0.280403 0.0726022 1.41346
v  0.285284 0.0604111 1.40274
v  0.273424 0.0828202 1.423
v  0.272714 0.0698667 1.43737
v  0.280093 0.0580637 1.4281
v  0.277744 0.057986 1.45272
v  0.279274 0.0432299 1.44382
v  0.279745 0.0426374 1.46763
v  0.274295 0.0280162 1.45896
v  0.276619 0.056944 1.47766
v  0.279612 0.0400159 1.49236
v  0.276586 0.0257594 1.4825
v  0.268555 0.069121 1.48897
v  0.274159 0.0518418 1.50443
v  0.277927 0.0307596 1.52053
v  0.280225 0.0196817 1.50817
v  0.273826 0.00642685 1.53282
v  0.273753 -0.00452273 1.52086
v  0.268839 -0.0177322 1.54706
v  0.27053 -0.0299865 1.53453
v  0.260555 -0.0060318 1.55768
v  0.253791 -0.0249991 1.57633
v  0.26284 -0.0386714 1.56665
v  0.242165 0.000803858 1.5645
v  0.236629 -0.013961 1.58215
v  0.248197 -0.054687 1.58726
v  0.226863 -0.0696404 1.60277
v  0.222763 -0.0827303 1.58885
v  0.243101 -0.0675706 1.57312
v  0.261627 -0.0527348 1.55339
v  0.23192 -0.0768471 1.56042
v  0.249826 -0.0613135 1.54046
v  0.260111 -0.0387524 1.52264
v  0.230624 -0.0628075 1.53225
v  0.241275 -0.041925 1.51547
v  0.264711 -0.0138428 1.51007
v  0.248672 -0.0205771 1.50167
v  0.219023 -0.0422068 1.51069
v  0.227277 -0.0235701 1.49551
v  0.256006 -0.000964023 1.49018
v  0.27121 0.00780103 1.49803
v  0.238261 -0.00845113 1.48159
v  0.226176 -0.0423999 1.48815
v  0.23663 -0.0278293 1.47458
v  0.251255 0.00306153 1.46723
v  0.266824 0.012844 1.47474
v  0.243788 -0.0128045 1.46015
v  0.240323 -0.0547339 1.46749
v  0.248113 -0.039839 1.45483
v  0.245309 0.00490911 1.44523
v  0.264121 0.0140833 1.4517
v  0.25339 -0.0224233 1.44007
v  0.22989 -0.0640791 1.44643
v  0.236386 -0.049944 1.43467
v  0.250189 -0.000863623 1.42381
v  0.261625 0.0145351 1.42967
v  0.247047 -0.033644 1.41834
v  0.204319 -0.07119 1.43044
v  0.213078 -0.0593936 1.41662
v  0.252182 -0.00963536 1.40057
v  0.256417 0.0185167 1.40916
v  0.228055 -0.0480843 1.39762
v  0.274647 0.0280469 1.4127
v  0.283976 0.0455735 1.39281
v  0.281238 0.0436689 1.41947
v  0.273731 0.0282999 1.43621
v  0.201232 -0.0853445 1.44079
v  0.170033 -0.107886 1.43331
v  0.167921 -0.0929051 1.42372
v  0.202186 -0.101707 1.4472
v  0.176814 -0.124708 1.4354
v  0.226847 -0.0797316 1.45572
v  0.225912 -0.0961866 1.46502
v  0.206451 -0.119436 1.45126
v  0.233065 -0.0695621 1.48015
v  0.222626 -0.0843181 1.49456
v  0.221865 -0.111602 1.47922
v  0.214459 -0.0579134 1.50277
v  0.199308 -0.0743496 1.5177
v  0.205463 -0.0991169 1.51184
v  0.208955 -0.0624855 1.52611
v  0.193503 -0.0797498 1.54324
v  0.214327 -0.0787089 1.55141
v  0.201243 -0.0992207 1.56517
v  0.180339 -0.102153 1.55722
v  0.215498 -0.0934987 1.57583
v  0.206895 -0.118347 1.58647
v  0.199206 -0.128324 1.57181
v  0.20727 -0.105194 1.60026
v  0.199889 -0.133646 1.6112
v  0.208443 -0.148369 1.59819
v  0.206328 -0.0903082 1.6146
v  0.192661 -0.116835 1.62316
v  0.186884 -0.098356 1.64052
v  0.179289 -0.123274 1.65223
v  0.188414 -0.141249 1.63968
v  0.179031 -0.0799724 1.65757
v  0.167056 -0.104317 1.6691
v  0.174055 -0.0622894 1.67432
v  0.158737 -0.0852835 1.68474
v  0.165171 -0.0448477 1.6861
v  0.151645 -0.0675404 1.69821
v  0.142794 -0.0882502 1.71513
v  0.150136 -0.105996 1.70229
v  0.134399 -0.0723651 1.72556
v  0.128946 -0.0922362 1.74825
v  0.135564 -0.107701 1.73909
v  0.12129 -0.0789855 1.75667
v  0.116579 -0.102116 1.77969
v  0.122262 -0.113316 1.77377
v  0.110165 -0.09128 1.78614
v  0.103136 -0.113199 1.81245
v  0.108467 -0.122541 1.80762
v  0.0978175 -0.104396 1.81768
v  0.0811641 -0.127308 1.83746
v  0.084132 -0.135379 1.83083
v  0.0598021 -0.152295 1.8396
v  0.0517115 -0.163529 1.86441
v  0.0618109 -0.179068 1.8617
v  0.0721364 -0.164972 1.83835
v  0.0921988 -0.143334 1.82742
v  0.102891 -0.149269 1.82833
v  0.0865313 -0.172807 1.84029
v  0.11385 -0.132321 1.80296
v  0.119316 -0.142954 1.79806
v  0.11297 -0.156665 1.82673
v  0.127549 -0.125659 1.76799
v  0.132923 -0.140765 1.76052
v  0.125401 -0.155646 1.79253
v  0.140963 -0.124472 1.7287
v  0.14665 -0.141924 1.71764
v  0.138215 -0.156429 1.75307
v  0.158118 -0.124304 1.6885
v  0.167457 -0.14259 1.67449
v  0.148607 -0.16011 1.7059
v  0.15589 -0.178595 1.69771
v  0.142879 -0.173083 1.74576
v  0.146824 -0.190778 1.73835
v  0.178882 -0.159788 1.666
v  0.190856 -0.177182 1.66062
v  0.168782 -0.194526 1.69298
v  0.194878 -0.158724 1.62804
v  0.186997 -0.195604 1.65125
v  0.197863 -0.173743 1.61768
v  0.168529 -0.212345 1.68587
v  0.161837 -0.199268 1.64797
v  0.184311 -0.180311 1.61154
v  0.146446 -0.197144 1.64296
v  0.201568 -0.16072 1.58285
v  0.14112 -0.218677 1.72349
v  0.146515 -0.207635 1.73071
v  0.119966 -0.20441 1.76441
v  0.106387 -0.208734 1.75608
v  0.132523 -0.197752 1.77336
v  0.125162 -0.206964 1.80423
v  0.108879 -0.211999 1.79689
v  0.135583 -0.183312 1.78164
v  0.13073 -0.194046 1.81197
v  0.131308 -0.169094 1.78732
v  0.127033 -0.180243 1.81758
v  0.120726 -0.167798 1.82245
v  0.114774 -0.177538 1.84894
v  0.124081 -0.189778 1.84476
v  0.100553 -0.1738 1.84627
v  0.0912543 -0.195386 1.86309
v  0.105214 -0.191141 1.86954
v  0.0741371 -0.192285 1.85937
v  0.0635895 -0.181009 1.88601
v  0.0715981 -0.181339 1.90448
v  0.0595499 -0.167008 1.89109
v  0.0636246 -0.175451 1.91227
v  0.0520139 -0.172863 1.91784
v  0.0500458 -0.192459 1.91988
v  0.0613967 -0.19287 1.91981
v  0.0390497 -0.176676 1.92
v  0.0390497 -0.19237 1.91904
v  0.0390497 -0.20834 1.91791
v  0.0491115 -0.208596 1.91965
v  0.0390497 -0.223754 1.91657
v  0.0481374 -0.223975 1.91839
v  0.0390497 -0.241054 1.91182
v  0.0472144 -0.239122 1.91352
v  0.0390497 -0.247347 1.89536
v  0.0474737 -0.247723 1.89866
v  0.0390497 -0.254308 1.87628
v  0.0490046 -0.252151 1.87856
v  0.0390497 -0.269537 1.85221
v  0.0500632 -0.267869 1.85578
v  0.0390497 -0.278803 1.81931
v  0.053483 -0.277694 1.821
v  0.0390497 -0.289043 1.78234
v  0.0568871 -0.287396 1.78584
v  0.0390497 -0.293493 1.7447
v  0.0593772 -0.291458 1.75029
v  0.0390497 -0.292467 1.70947
v  0.0606561 -0.291014 1.71408
v  0.0390497 -0.291134 1.67692
v  0.0621039 -0.289259 1.67931
v  0.0390497 -0.291184 1.64581
v  0.0617645 -0.288838 1.64505
v  0.0390497 -0.292813 1.60993
v  0.061251 -0.289754 1.60865
v  0.0390497 -0.293441 1.57145
v  0.0817195 -0.283385 1.64623
v  0.0808274 -0.284746 1.68361
v  0.0965582 -0.277565 1.68977
v  0.0948295 -0.279221 1.7272
v  0.0790122 -0.28591 1.72033
v  0.10826 -0.271101 1.7339
v  0.109073 -0.272468 1.77196
v  0.0944328 -0.280986 1.76492
v  0.119067 -0.258175 1.77916
v  0.102582 -0.270504 1.80266
v  0.106053 -0.24585 1.78099
v  0.0906452 -0.279571 1.79665
v  0.0886986 -0.263244 1.83197
v  0.0793459 -0.271354 1.82746
v  0.0793416 -0.258273 1.86793
v  0.0695308 -0.26104 1.86286
v  0.0675706 -0.252651 1.88937
v  0.0582638 -0.251338 1.88363
v  0.0659181 -0.249122 1.90978
v  0.0559551 -0.248432 1.90343
v  0.0603452 -0.265051 1.85889
v  0.0673486 -0.275432 1.82428
v  0.0741997 -0.284853 1.79071
v  0.0778819 -0.286956 1.7572
v  0.0665853 -0.238497 1.92227
v  0.0561127 -0.238899 1.91734
v  0.0808521 -0.236244 1.92339
v  0.0825901 -0.222866 1.92177
v  0.0688758 -0.223842 1.92435
v  0.100352 -0.234298 1.91421
v  0.0993895 -0.221763 1.91249
v  0.118872 -0.237446 1.89016
v  0.114427 -0.220511 1.89253
v  0.126568 -0.232549 1.85726
v  0.125074 -0.213861 1.86542
v  0.125562 -0.220679 1.82817
v  0.130722 -0.204785 1.83854
v  0.116215 -0.19998 1.86923
v  0.107054 -0.206394 1.89159
v  0.0962438 -0.208166 1.90841
v  0.083433 -0.208769 1.91763
v  0.0710191 -0.208829 1.92193
v  0.0725628 -0.193621 1.91654
v  0.0594623 -0.208757 1.92235
v  0.0578722 -0.224137 1.922
v  0.0906007 -0.212769 1.74746
v  0.208325 -0.124135 1.50021
v  0.207665 -0.148718 1.48665
v  0.196255 -0.158821 1.51662
v  0.211203 -0.136118 1.46268
v  0.196783 -0.157437 1.44744
v  0.20002 -0.171425 1.47242
v  0.188577 -0.14111 1.43407
v  0.182857 -0.177812 1.43355
v  0.175835 -0.163294 1.41743
v  0.169673 -0.199218 1.42169
v  0.186738 -0.192027 1.46108
v  0.170612 -0.211175 1.45078
v  0.163798 -0.18537 1.40395
v  0.155073 -0.219711 1.41261
v  0.151634 -0.231201 1.43968
v  0.128745 -0.249063 1.43151
v  0.144945 -0.239023 1.47474
v  0.12273 -0.254861 1.46767
v  0.165047 -0.222228 1.48413
v  0.15547 -0.230352 1.51982
v  0.136358 -0.245526 1.51056
v  0.181477 -0.20308 1.49493
v  0.170262 -0.211411 1.52995
v  0.193109 -0.181659 1.50632
v  0.156558 -0.216971 1.56285
v  0.143239 -0.236745 1.55378
v  0.146239 -0.22267 1.59604
v  0.136859 -0.211475 1.63752
v  0.100617 -0.263372 1.42679
v  0.231731 0.212465 1.51775
v  0.223523 0.223945 1.52687
v  0.224779 0.203347 1.53981
v  0.212686 0.232867 1.53325
v  0.21373 0.211292 1.54735
v  0.200574 0.240561 1.53664
v  0.201723 0.218012 1.55236
v  0.188886 0.223878 1.55543
v  0.1913 0.200445 1.57299
v  0.204626 0.194378 1.56868
v  0.176954 0.205959 1.57596
v  0.180654 0.183657 1.59688
v  0.196913 0.176834 1.59336
v  0.161209 0.210845 1.57857
v  0.162903 0.189217 1.5997
v  0.143636 0.215292 1.58095
v  0.14412 0.193059 1.60238
v  0.122766 0.219444 1.58309
v  0.12339 0.196073 1.60433
v  0.0986019 0.223073 1.58502
v  0.0993047 0.198724 1.6054
v  0.0994521 0.247028 1.56595
v  0.101241 0.174789 1.62641
v  0.125597 0.1731 1.62703
v  0.101755 0.151734 1.64636
v  0.127483 0.150602 1.64939
v  0.0992186 0.128761 1.66449
v  0.125203 0.127216 1.66978
v  0.094283 0.10548 1.68097
v  0.118521 0.102752 1.68754
v  0.0874791 0.0816422 1.69617
v  0.108722 0.0770188 1.70247
v  0.0778384 0.0544033 1.70775
v  0.0957256 0.0493285 1.71127
v  0.0723816 0.0254797 1.71849
v  0.0882499 0.0220107 1.72053
v  0.0699449 0.00372735 1.73978
v  0.0848356 0.00037298 1.73982
v  0.0693387 -0.0174191 1.76087
v  0.103663 0.0159298 1.72033
v  0.113166 0.0416854 1.71118
v  0.129073 0.0321596 1.70817
v  0.144829 0.0598651 1.70063
v  0.127564 0.0693288 1.70315
v  0.157358 0.0896365 1.68645
v  0.139602 0.097187 1.68914
v  0.165168 0.118411 1.66772
v  0.147176 0.124396 1.67108
v  0.167449 0.14508 1.64617
v  0.149332 0.149465 1.64931
v  0.183988 0.138589 1.64234
v  0.183699 0.162242 1.61949
v  0.165994 0.168354 1.62256
v  0.199895 0.154959 1.61614
v  0.212007 0.16943 1.58809
v  0.216937 0.188074 1.56235
v  0.146694 0.171768 1.62549
v  0.262658 0.0982426 1.55695
v  0.235971 0.0895166 1.55909
v  0.234124 0.0970507 1.57671
v  0.203248 0.086262 1.58451
v  0.204987 0.0793426 1.56455
v  0.206525 0.0876623 1.60385
v  0.182624 0.0684526 1.61925
v  0.16479 0.0366634 1.62945
v  0.15928 0.0105265 1.62151
v  0.354845 0.598395 1.03157
v  0.372336 0.717016 0.953716
v  0.455233 0.517701 0.933333
v  0.36422 0.832883 0.875529
v  0.329257 0.949604 0.794071
v  0.0390497 0.183998 -1.56867
v  0.0390497 0.0255805 -1.51361
v  0.0390497 -0.0543803 -1.45646
v  0.0390497 -0.159117 -1.35532
v  0.0390497 0.0396065 -1.60322
v  0.0846209 0.039385 -1.61024
v  0.0390497 -0.100399 -1.58668
v  0.0852356 -0.102352 -1.59695
v  0.0390497 -0.242906 -1.54796
v  0.0902514 -0.243254 -1.55599
v  0.0912099 -0.249711 -1.59406
v  0.0865353 -0.110831 -1.63322
v  0.0390497 -0.251062 -1.59871
v  0.0390497 -0.112755 -1.63948
v  0.0390497 -0.388021 -1.60007
v  0.0390497 -0.528843 -1.6249
v  0.0390497 0.0367562 -1.67008
v  0.0951028 0.0356406 -1.65767
v  0.0390497 0.184179 -1.66367
v  0.0390497 0.369413 -1.5943
v  0.0390497 0.533501 -1.50929
v  0.157293 0.515568 -1.48903
v  0.0390497 0.653305 -1.40772
v  0.0390497 0.746963 -1.29652
v  0.0390497 0.781028 -1.15965
v  0.0390497 0.815068 -1.05973
v  0.278811 0.484961 -1.45023
v  0.130376 -0.197101 1.64361
v  0.13762 -0.20677 1.65818
v  -0.014803 -0.257203 1.8739
v  -0.0143271 -0.255227 1.89522
v  -0.0203344 -0.245189 1.913
v  -0.0305996 -0.251997 1.882
v  -0.000448834 -0.253982 1.89602
v  9.6675e-05 -0.248005 1.91659
v  -0.0131161 -0.197356 1.89988
v  -0.00493716 -0.194979 1.9104
v  0.00200243 -0.191802 1.89735
v  -0.00571205 -0.198833 1.89433
v  -0.00636517 -0.204155 1.8807
v  0.00800732 -0.19506 1.88141
v  -0.0194782 -0.198679 1.88686
v  -0.00207331 -0.088914 1.82571
v  -0.0121161 -0.0956755 1.82221
v  0.00216382 -0.121341 1.84682
v  -0.000385601 -0.10041 1.83693
v  0.0176313 -0.127243 1.8569
v  0.0151732 -0.10721 1.85089
v  -0.113036 0.0640346 1.63681
v  -0.100859 0.0280336 1.6447
v  -0.118355 0.019231 1.65876
v  -0.126451 0.0577013 1.64935
v  -0.125197 0.0637054 1.66715
v  -0.1114 0.0271646 1.67948
v  -0.105381 -0.0192139 1.67691
v  -0.092562 -0.00355906 1.6876
v  -0.116641 -0.0371973 1.66448
v  -0.125015 -0.0101138 1.64754
v  -0.103745 0.0019262 1.635
v  -0.151579 -0.0199767 1.60534
v  -0.140644 -0.0242476 1.63424
v  -0.114538 -0.0110258 1.61849
v  -0.12403 -0.0132518 1.6007
v  -0.124695 -0.0559281 1.64899
v  -0.165542 -0.0378553 1.59931
v  -0.149347 -0.0528111 1.61817
v  -0.126966 -0.073905 1.63131
v  -0.100663 0.0608387 1.58127
v  -0.0888775 0.0472676 1.58984
v  -0.0810798 0.0428387 1.61227
v  -0.100491 0.068105 1.59982
v  -0.0855023 0.0332744 1.58438
v  -0.102941 0.0484084 1.56488
v  -0.074253 0.0213425 1.60208
v  -0.0808885 0.00792253 1.58772
v  -0.102015 -0.0031114 1.58149
v  -0.106591 -0.0108103 1.59648
v  -0.0861117 -0.00456734 1.60742
v  -0.132832 -0.0103344 1.5825
v  -0.110022 0.0050511 1.56793
v  -0.118651 0.017477 1.55457
v  -0.140024 0.021458 1.55484
v  -0.138253 0.00239338 1.5661
v  -0.106789 0.0314971 1.55541
v  -0.137684 0.0419361 1.54686
v  -0.0919756 0.0192688 1.57244
v  -0.183008 0.0850122 1.54321
v  -0.183591 0.0721858 1.53055
v  -0.169894 0.0500856 1.54753
v  -0.163157 0.070567 1.54965
v  -0.131652 0.0633198 1.54927
v  -0.167965 0.0232282 1.55332
v  -0.188655 0.0610768 1.51853
v  -0.189842 0.0405036 1.53356
v  -0.186989 0.0173889 1.54487
v  -0.0876605 -0.146478 1.53758
v  -0.0832585 -0.121842 1.53029
v  -0.101414 -0.112188 1.52247
v  -0.11117 -0.136857 1.52108
v  -0.0940883 -0.0860074 1.52807
v  -0.076749 -0.10743 1.54811
v  -0.0774906 -0.136822 1.56072
v  -0.1719 0.15483 1.50025
v  -0.19244 0.145136 1.50073
v  -0.184303 0.121177 1.49909
v  -0.168322 0.130751 1.50809
v  -0.180647 0.0975563 1.48579
v  -0.208129 0.118589 1.49797
v  -0.202089 0.0975814 1.4818
v  -0.21521 0.141022 1.50173
v  -0.181374 0.0813069 1.50142
v  -0.176114 0.0935506 1.51309
v  -0.174014 0.108106 1.52526
v  -0.0609828 0.317372 1.49904
v  -0.0807158 0.304449 1.5039
v  -0.0669077 0.290465 1.52037
v  -0.0543003 0.305929 1.51112
v  -0.0710833 0.283652 1.52477
v  -0.0850987 0.278393 1.52445
v  -0.193472 0.210375 1.46687
v  -0.188152 0.204159 1.47882
v  -0.159545 0.250054 1.4726
v  -0.159855 0.226608 1.46755
v  -0.156541 0.253761 1.48765
v  -0.159895 0.202076 1.48431
v  -0.157696 0.219682 1.49683
v  -0.182826 0.192445 1.48697
v  -0.28274 0.556225 1.43287
v  -0.283401 0.54949 1.43226
v  -0.285652 0.55038 1.4314
v  -0.287653 0.550446 1.43305
v  -0.162038 0.118578 1.38101
v  -0.174271 0.132025 1.39532
v  -0.146189 0.198903 1.41129
v  -0.141601 0.171554 1.39041
v  -0.177281 0.140058 1.39815
v  -0.178104 0.165253 1.40195
v  -0.142613 0.230796 1.41476
v  -0.177359 0.182732 1.41205
v  -0.163538 0.151493 1.32173
v  -0.169548 0.102084 1.33685
v  -0.163755 0.0952822 1.35552
v  -0.139246 0.153398 1.35752
v  -0.154248 0.0372746 1.33514
v  -0.179746 0.0660721 1.35062
v  -0.178826 0.0643191 1.29055
v  -0.204409 0.180599 1.22261
v  -0.198489 0.0704061 1.25248
v  -0.20544 0.00293964 1.20833
v  -0.181465 0.000317588 1.26626
v  -0.23104 0.10813 1.17548
v  -0.123322 -0.109782 1.26766
v  -0.149083 -0.0427039 1.30174
v  -0.197144 -0.0221706 1.12931
v  -0.129492 -0.119064 1.14521
v  -0.0481587 -0.202301 1.27649
v  -0.0725901 -0.225106 1.16427
v  -0.319123 -0.0151402 0.944036
v  -0.259924 -0.0721347 1.01735
v  -0.209259 -0.0199274 1.07042
v  -0.270827 0.0688945 1.00154
v  -0.134138 -0.118285 1.08422
v  -0.210332 -0.141825 0.994346
v  -0.284678 -0.12776 0.913046
v  -0.0885179 -0.283539 0.972098
v  -0.067488 -0.226428 1.07353
v  -0.190637 -0.264413 0.855008
v  -0.0449273 -0.403189 0.84843
v  -0.0850973 -0.382828 0.802992
v  -0.404533 0.0616078 0.857012
v  -0.359044 -0.0885297 0.822503
v  -0.583691 0.19311 0.760064
v  -0.478689 0.0234073 0.748846
v  -0.498865 0.232994 0.839352
v  -0.406916 0.268939 0.841066
v  -0.346737 0.139759 0.905648
v  -0.402844 -0.076038 0.738727
v  -0.279233 -0.170546 0.795226
v  -0.326737 -0.137133 0.73888
v  -0.173352 -0.273771 0.762664
v  -0.233493 -0.205757 0.723626
v  -0.265511 -0.170788 0.714688
v  -0.11452 -0.333941 0.741351
v  -0.0893669 -0.372763 0.653595
v  -0.17462 -0.302142 0.61664
v  -0.0566089 -0.447206 0.700507
v  -0.556607 -0.257251 0.593386
v  -0.497768 -0.26022 0.645389
v  -0.526178 -0.0681628 0.681468
v  -0.578557 -0.0972956 0.623514
v  -0.432637 -0.144228 0.720196
v  -0.442123 -0.270606 0.702315
v  -0.0771627 1.13636 0.636951
v  -0.160029 1.10031 0.619491
v  -0.20628 1.04703 0.702718
v  -0.103571 1.07125 0.760927
v  -0.182634 1.09065 0.522559
v  -0.0752441 1.14114 0.497771
v  -0.2677 1.01067 0.587395
v  -0.468824 -1.03482 0.607675
v  -0.433211 -1.03566 0.604288
v  -0.420018 -0.997285 0.606276
v  -0.465355 -0.992754 0.606844
v  -0.370817 -1.01742 0.5772
v  -0.411024 -1.03586 0.563767
v  -0.454103 -1.03763 0.553409
v  -0.0410276 -0.440476 0.455774
v  -0.0109718 -0.513897 0.587433
v  -0.0419199 -0.463307 0.61159
v  -0.0728765 -0.418031 0.547634
v  -0.0222143 -0.507204 0.741606
v  -0.498645 -0.996735 0.582031
v  -0.503523 -1.02871 0.601664
v  -0.497766 -1.03602 0.545991
v  -0.516852 -1.00604 0.537854
v  -0.630046 0.0893734 0.44653
v  -0.639697 0.0753253 0.519211
v  -0.68134 0.105131 0.56807
v  -0.683655 0.150493 0.456914
v  -0.607165 0.0184262 0.549745
v  -0.603524 0.0243232 0.457662
v  -0.650741 0.0282023 0.634563
v  -0.178 -0.310795 0.324714
v  -0.153082 -0.363376 0.401728
v  -0.148151 -0.373419 0.493777
v  -0.213681 -0.295698 0.453123
v  -0.0815328 -0.382824 0.323249
v  -0.360132 -1.02055 0.444268
v  -0.370632 -1.00367 0.41291
v  -0.370004 -0.973192 0.415805
v  -0.355465 -0.978487 0.454127
v  -0.39744 -1.01323 0.39176
v  -0.401209 -1.03586 0.434125
v  -0.397274 -0.971555 0.391922
v  -0.437312 -1.00939 0.378865
v  -0.439605 -1.03487 0.422778
v  -0.484079 -1.03367 0.436575
v  -0.479837 -1.00078 0.408002
v  -0.488731 -1.03337 0.476638
v  -0.513341 -1.00871 0.470631
v  -0.4419 -0.862981 0.372028
v  -0.423435 -0.906482 0.396478
v  -0.449959 -0.91971 0.4213
v  -0.45043 -0.862333 0.403963
v  -0.416892 -0.884508 0.337313
v  -0.392666 -0.866968 0.36953
v  -0.40007 -0.920128 0.407356
v  -0.384547 -0.864239 0.3966
v  -0.380091 0.917382 0.225193
v  -0.463062 0.78359 0.350065
v  -0.375485 0.811907 0.433795
v  -0.328985 0.9352 0.332471
v  -0.416728 0.701247 0.560116
v  -0.464898 0.659714 0.516115
v  -0.510338 0.594472 0.480971
v  -0.557523 0.63653 0.341137
v  -0.408381 0.865731 0.154106
v  -0.484529 0.785302 0.200319
v  -0.557283 0.643894 0.207942
v  -0.38281 -0.770657 0.38869
v  -0.406735 -0.767709 0.383457
v  -0.428496 -0.768234 0.397345
v  -0.281073 -0.309615 0.361253
v  -0.319021 -0.314782 0.312745
v  -0.294339 -0.234279 0.306349
v  -0.275475 -0.246521 0.348611
v  -0.303415 -0.15487 0.27048
v  -0.244509 -0.210162 0.32726
v  -0.342994 -0.198074 0.256311
v  -0.676802 0.357453 0.132005
v  -0.692897 0.354695 0.276228
v  -0.632006 0.500473 0.340772
v  -0.629193 0.505302 0.195136
v  -0.652093 0.189125 0.336101
v  -0.692948 0.311775 0.395685
v  -0.667767 0.230262 0.236674
v  -0.609352 0.452382 0.462883
v  -0.592165 0.14957 0.24519
v  -0.547162 0.0628184 0.269548
v  -0.579524 0.0938168 0.350162
v  -0.589164 0.133868 0.199913
v  -0.53097 0.0206138 0.172132
v  -0.263934 -0.152918 0.20021
v  -0.248441 -0.174075 0.111334
v  -0.161069 -0.27646 0.121543
v  -0.0749976 -0.349824 0.119298
v  -0.60364 0.127224 0.0951729
v  -0.674654 0.232245 0.100199
v  -0.497641 0.0128207 0.114828
v  -0.263331 0.981925 0.0826245
v  -0.342838 0.901416 0.0484385
v  -0.446986 0.78228 0.0677501
v  -0.223546 1.02063 0.249004
v  -0.108915 1.03718 0.038111
v  -0.0942132 1.07334 0.201779
v  -0.107849 0.988771 -0.144291
v  -0.224528 0.954919 -0.128866
v  -0.30939 0.875469 -0.107804
v  -0.181035 0.671395 -0.878902
v  -0.219223 0.571525 -0.816224
v  -0.15392 0.573693 -0.743732
v  -0.126391 0.684689 -0.831173
v  -0.326886 0.558142 -0.726505
v  -0.282466 0.559384 -0.800011
v  -0.316587 -1.01917 -0.879398
v  -0.286336 -1.01311 -0.877789
v  -0.282408 -0.985616 -0.884961
v  -0.318448 -0.98455 -0.881377
v  -0.27747 -1.02264 -0.916112
v  -0.309777 -1.02281 -0.924383
v  -0.246509 -1.00732 -0.905336
v  -0.38205 -1.00801 -0.929428
v  -0.345596 -1.02273 -0.929356
v  -0.339362 -1.01661 -0.882137
v  -0.351597 -0.989922 -0.895638
v  -0.346919 0.601644 -0.940571
v  -0.285015 0.608657 -0.862753
v  -0.236856 0.714941 -0.981494
v  -0.406517 0.524497 -0.817953
v  -0.0528368 0.804507 -0.984682
v  -0.0328361 0.789407 -0.863611
v  -0.0458814 0.756276 -0.778462
v  -0.112572 0.738227 -0.865827
v  -0.168197 0.765045 -1.0554
v  -0.14844 0.759541 -0.93193
v  -0.410977 0.102323 -0.927079
v  -0.41001 0.0566475 -1.03091
v  -0.359118 -0.00313639 -0.997836
v  -0.382246 0.0245305 -0.899833
v  -0.316731 -0.0556267 -0.988234
v  -0.327859 -0.0402749 -0.9013
v  -0.380462 0.00680619 -1.09767
v  -0.224165 -1.02303 -0.956894
v  -0.213223 -1.01357 -1.03184
v  -0.218903 -0.95035 -1.0207
v  -0.22049 -0.971884 -0.973124
v  -0.230543 -0.908614 -1.04385
v  -0.238426 -0.895711 -1.02016
v  -0.235589 -0.919665 -1.07086
v  -0.0197346 0.798822 -1.0634
v  -0.0672437 0.75872 -1.13105
v  -0.379234 -1.02108 -0.997271
v  -0.379161 -0.971954 -1.01096
v  -0.364111 -0.959427 -1.05474
v  -0.35824 -1.01578 -1.06817
v  -0.403646 0.529955 -1.07673
v  -0.318152 0.618619 -1.03765
v  -0.270021 0.669785 -1.07563
v  -0.360283 0.595132 -1.12712
v  -0.394955 0.519196 -0.99673
v  -0.253961 -0.145071 -0.981736
v  -0.236892 -0.108133 -0.902696
v  -0.314762 -0.221364 -1.05537
v  -0.355787 -0.0901219 -1.12158
v  -0.25974 -0.247554 -1.01033
v  -0.350092 -0.241777 -1.07596
v  -0.386907 -0.147228 -1.12465
v  -0.450871 0.169655 -0.995145
v  -0.444382 0.0984241 -1.04524
v  -0.432774 0.0576345 -1.15028
v  -0.495605 0.150284 -1.10688
v  -0.110479 -0.168141 -0.952305
v  -0.154099 -0.166698 -1.02777
v  -0.0743975 -0.24266 -1.0889
v  -0.0376615 -0.247199 -0.981734
v  -0.129403 -0.31133 -1.10635
v  -0.198916 -0.257752 -1.02842
v  -0.0769177 -0.237345 -1.24384
v  -0.221854 0.69042 -1.18917
v  -0.314048 0.611952 -1.19913
v  -0.4121 0.504454 -1.19392
v  -0.412285 -0.146632 -1.15324
v  -0.378865 -0.276558 -1.1124
v  -0.432943 -0.0416575 -1.18587
v  -0.0987482 0.628318 -1.37935
v  -0.220758 0.57422 -1.32347
v  -0.0973444 0.715451 -1.26177
v  -0.333772 0.540524 -1.31071
v  -0.310459 0.456125 -1.41784
v  -0.374578 0.416444 -1.38128
v  -0.408063 0.452723 -1.29427
v  -0.370207 0.31922 -1.39287
v  -0.446684 0.317318 -1.2924
v  -0.278945 0.334818 -1.47992
v  -0.12059 -0.140264 -1.41625
v  -0.0778955 -0.0653964 -1.46969
v  -0.0116161 -0.0624558 -1.45855
v  -0.0561807 -0.152243 -1.37774
v  -0.0143868 0.0298429 -1.51927
v  -0.100779 0.00369937 -1.50592
v  -0.179923 -0.115772 -1.44504
v  -0.160357 0.179782 -1.53854
v  -0.0601828 0.163986 -1.55172
v  -0.183249 0.0324944 -1.50843
v  -0.000301197 0.164131 -1.58894
v  -0.2426 -0.0975892 -1.44903
v  -0.00507893 -0.536532 -1.62019
v  -0.00805821 -0.534808 -1.59938
v  -0.00891516 -0.394524 -1.55519
v  -0.00749644 -0.390399 -1.59299
v  0.0340292 -0.148473 1.86449
v  0.0255052 -0.154192 1.89691
v  0.0296991 -0.124149 1.86211
v  0.0206393 -0.13798 1.84863
v  -0.103033 -0.189305 1.54117
v  -0.0853871 -0.193185 1.57204
v  -0.0746429 -0.164392 1.57454
v  -0.0971863 -0.1652 1.54534
v  -0.0697608 -0.200633 1.60265
v  -0.0648968 -0.179095 1.60689
v  -0.0982998 -0.162145 1.57868
v  -0.0849582 -0.178645 1.60887
v  -0.101276 -0.132992 1.56355
v  -0.279221 0.568793 1.43838
v  -0.27893 0.564421 1.4391
v  -0.279148 0.565438 1.43757
v  -0.279529 0.567861 1.4375
v  -0.281024 0.568825 1.43743
v  -0.281386 0.569144 1.43861
v  -0.280442 0.566866 1.43626
v  -0.0504368 -0.127317 1.41731
v  -0.047265 -0.162383 1.40792
v  -0.0599455 -0.158678 1.41174
v  -0.0633006 -0.137919 1.42207
v  -0.068214 -0.171193 1.40559
v  -0.0809706 -0.149882 1.41901
v  -0.0587471 -0.186512 1.39654
v  -0.0268948 -0.182324 1.39267
v  0.00209448 -0.207637 1.37867
v  -0.00387612 -0.225108 1.3776
v  -0.03431 -0.211578 1.38277
v  -0.0266216 -0.187706 1.37465
v  -0.152008 0.326551 -1.53449
v  -0.026677 0.226083 -1.56334
v  -0.0336294 0.189653 -1.61335
v  -0.0485475 0.348453 -1.56923
v  -0.069656 -0.216543 1.67804
v  -0.0518837 -0.222774 1.68363
v  -0.0412736 -0.229514 1.70777
v  -0.0526025 -0.224003 1.71566
v  -0.0113734 -0.236372 1.7824
v  -0.0057274 -0.228618 1.8112
v  -0.014717 -0.216278 1.79235
v  -0.0015073 -0.222032 1.78853
v  -0.205306 0.0849336 1.45518
v  -0.187546 0.0818048 1.47269
v  -0.188477 0.0807235 1.44697
v  -0.194401 0.070513 1.46198
v  -0.209421 0.0949372 1.42963
v  -0.190513 0.0941838 1.43162
v  -0.028322 -0.254244 1.80869
v  -0.0128386 -0.249876 1.8344
v  -0.0101592 -0.232056 1.82181
v  -0.0146285 -0.239693 1.81019
v  -0.02408 -0.225879 1.81902
v  -0.0276327 -0.240223 1.84572
v  -0.0542462 -0.232245 1.66745
v  -0.0453217 -0.243971 1.70486
v  -0.039933 -0.246933 1.74534
v  -0.0429457 -0.258253 1.69997
v  -0.0404203 -0.260855 1.74085
v  -0.0235863 -0.235108 1.74329
v  -0.0479797 -0.254947 1.66218
v  -0.0346753 -0.266292 1.65671
v  -0.0321256 -0.268654 1.69568
v  -0.0527849 -0.246988 1.6249
v  -0.0640764 -0.231119 1.63301
v  -0.0386163 -0.259946 1.61735
v  -0.0231864 -0.270856 1.61242
v  -0.0205917 -0.275214 1.65098
v  -0.0414934 -0.255657 1.5807
v  -0.0566218 -0.240419 1.58811
v  -0.0235105 -0.268423 1.57565
v  -0.00377424 -0.28001 1.57275
v  -0.00448509 -0.281379 1.60911
v  -0.0279804 -0.264886 1.53958
v  -0.048046 -0.251504 1.54552
v  -0.00591521 -0.277505 1.53542
v  0.0162292 -0.28743 1.53243
v  0.0173955 -0.290029 1.57157
v  -0.0357526 -0.26065 1.50362
v  -0.0124018 -0.274459 1.49883
v  0.0119775 -0.284491 1.49378
v  -0.0195211 -0.269883 1.46214
v  0.00781588 -0.279584 1.45725
v  0.00636328 -0.271845 1.42412
v  0.00581339 -0.264041 1.39743
v  0.00339033 -0.249706 1.37982
v  -0.029487 -0.242203 1.38079
v  -0.0248003 -0.256177 1.39966
v  -0.058727 -0.224856 1.38477
v  -0.0555649 -0.240405 1.40433
v  -0.0487459 -0.198698 1.38975
v  -0.0738659 -0.20554 1.39337
v  -0.03581 -0.17379 1.40089
v  -0.055951 -0.129195 1.40201
v  -0.0626864 -0.137663 1.3902
v  -0.109193 -0.0896102 1.39462
v  -0.096319 -0.0889982 1.40839
v  -0.119758 -0.078099 1.37577
v  -0.0705445 -0.14769 1.37252
v  -0.127726 -0.0582771 1.35017
v  -0.091747 -0.133841 1.33303
v  -0.0360196 -0.195047 1.34151
v  -0.146938 0.006929 1.36377
v  -0.153581 -0.0236125 1.37855
v  -0.178065 0.0391922 1.36701
v  -0.167653 0.0193517 1.38952
v  -0.201703 0.051335 1.36609
v  -0.194579 0.029395 1.38731
v  -0.189151 0.0775311 1.36139
v  -0.188138 0.0900862 1.3745
v  -0.206329 0.0664109 1.3777
v  -0.158471 0.102492 1.37041
v  -0.127602 0.157549 1.37675
v  -0.0969593 0.282403 1.39749
v  -0.0958388 0.271393 1.37927
v  -0.0995089 0.265224 1.35474
v  -0.0265361 0.37163 1.38645
v  -0.0222593 0.36202 1.36632
v  -0.10983 0.265748 1.32315
v  -0.0237118 0.357795 1.33618
v  -0.131194 0.284383 1.27044
v  -0.0424004 0.366138 1.2924
v  -0.179351 0.363734 1.18108
v  -0.0759627 0.430316 1.21407
v  -0.254267 0.294127 1.12779
v  -0.332361 0.402014 1.03506
v  -0.23823 0.479858 1.10725
v  -0.372062 0.324255 0.944151
v  -0.290817 0.23516 1.05669
v  -0.376617 0.287908 0.874508
v  -0.30797 0.183392 0.960595
v  -0.245148 0.0929957 1.07824
v  -0.41524 0.459278 0.85764
v  -0.415153 0.425449 0.813815
v  -0.445247 0.407454 0.79308
v  -0.470365 0.516826 0.662207
v  -0.420906 0.545833 0.674774
v  -0.530321 0.491914 0.631639
v  -0.541549 0.368663 0.774352
v  -0.632563 0.273987 0.697303
v  -0.582968 0.423132 0.544473
v  -0.678971 0.157445 0.621921
v  -0.687758 0.243366 0.508889
v  -0.630571 0.0673752 0.701915
v  -0.421379 0.577702 0.726334
v  -0.376905 0.722958 0.622517
v  -0.396035 0.638703 0.826053
v  -0.375142 0.759471 0.731128
v  -0.355265 0.856419 0.532059
v  -0.310333 0.895551 0.667329
v  -0.290387 0.969893 0.449434
v  -0.197343 1.05433 0.387939
v  -0.0796366 1.11739 0.346573
v  -0.0964547 0.903754 -0.30915
v  -0.0826925 0.798167 -0.443591
v  -0.184802 0.769985 -0.427181
v  -0.193619 0.860148 -0.294588
v  -0.31626 0.816773 -0.260274
v  -0.318379 0.759348 -0.403098
v  -0.421019 0.743666 -0.211799
v  -0.413502 0.700533 -0.359178
v  -0.43437 0.782084 -0.0758778
v  -0.511245 0.639112 -0.0484409
v  -0.49707 0.628363 -0.179706
v  -0.521835 0.633694 0.0771748
v  -0.556867 0.494148 -0.0549284
v  -0.582219 0.494397 0.0603101
v  -0.578207 0.352611 -0.0675838
v  -0.629128 0.363193 0.0300045
v  -0.568039 0.229761 -0.0548493
v  -0.634177 0.233586 0.0177631
v  -0.515044 0.129795 -0.0228968
v  -0.57635 0.117378 0.0363678
v  -0.445862 0.0310378 0.0295885
v  -0.464099 0.0310724 0.0736659
v  -0.361157 -0.0368689 0.159343
v  -0.347594 -0.050573 0.112989
v  -0.389155 -0.0684984 0.184167
v  -0.449656 -0.0747312 0.215008
v  -0.406101 -0.206268 0.242969
v  -0.514127 -0.0400667 0.27675
v  -0.481241 -0.183386 0.277652
v  -0.375604 -0.32774 0.310728
v  -0.441901 -0.315695 0.326266
v  -0.600399 -0.116017 0.387285
v  -0.560527 -0.292376 0.38459
v  -0.445262 -0.430081 0.379889
v  -0.386715 -0.426421 0.375098
v  -0.501216 -0.432611 0.414596
v  -0.611315 -0.285089 0.456919
v  -0.526851 -0.424605 0.480802
v  -0.447332 -0.538601 0.458447
v  -0.423624 -0.534835 0.429559
v  -0.467843 -0.544193 0.492021
v  -0.531402 -0.420083 0.538823
v  -0.483344 -0.551002 0.529293
v  -0.441634 -0.65216 0.43688
v  -0.452095 -0.658112 0.464
v  -0.453869 -0.665085 0.490985
v  -0.484317 -0.559245 0.574444
v  -0.445102 -0.671298 0.515039
v  -0.45325 -0.7759 0.439069
v  -0.456109 -0.778483 0.464107
v  -0.447325 -0.780849 0.488176
v  -0.426564 -0.675136 0.531664
v  -0.427216 -0.782751 0.503501
v  -0.455942 -0.856291 0.460591
v  -0.449878 -0.853655 0.484601
v  -0.432727 -0.853255 0.49942
v  -0.402044 -0.784018 0.504117
v  -0.410039 -0.85633 0.49806
v  -0.464079 -0.903229 0.507055
v  -0.442432 -0.899046 0.522566
v  -0.416985 -0.907387 0.518254
v  -0.396398 -0.918828 0.503308
v  -0.388939 -0.860304 0.487577
v  -0.416843 -0.952827 0.564597
v  -0.452056 -0.947224 0.565035
v  -0.386319 -0.967202 0.547388
v  -0.378884 -0.925798 0.480779
v  -0.361141 -0.976648 0.506338
v  -0.349864 -1.02451 0.504316
v  -0.397875 -1.03556 0.497741
v  -0.446322 -1.03289 0.488764
v  -0.363412 -0.865022 0.446922
v  -0.370666 -0.863674 0.47103
v  -0.368971 -0.927324 0.452927
v  -0.345526 -0.783822 0.45453
v  -0.35906 -0.785164 0.477004
v  -0.378628 -0.784884 0.493926
v  -0.378141 -0.670726 0.527538
v  -0.358041 -0.667707 0.507603
v  -0.402063 -0.674263 0.535882
v  -0.41451 -0.565777 0.624866
v  -0.370221 -0.556999 0.601881
v  -0.463647 -0.567191 0.620537
v  -0.489916 -0.418464 0.64164
v  -0.429496 -0.413825 0.651997
v  -0.525113 -0.415357 0.597132
v  -0.605198 -0.272736 0.525026
v  -0.613024 -0.105372 0.537472
v  -0.638649 -0.111176 0.458027
v  -0.554546 0.00943137 0.375171
v  -0.375959 -0.418835 0.652535
v  -0.370364 -0.282285 0.71611
v  -0.358939 -0.164879 0.73231
v  -0.308054 -0.283817 0.676817
v  -0.297802 -0.208923 0.682428
v  -0.322832 -0.412014 0.618099
v  -0.294907 -0.385342 0.555691
v  -0.272121 -0.287904 0.584755
v  -0.347115 -0.548027 0.55921
v  -0.335456 -0.54068 0.517277
v  -0.330956 -0.535673 0.477392
v  -0.295242 -0.390818 0.476346
v  -0.345584 -0.663277 0.480429
v  -0.341699 -0.658548 0.451462
v  -0.348441 -0.653493 0.423065
v  -0.336742 -0.532304 0.440091
v  -0.349965 -0.77997 0.429362
v  -0.364946 -0.774947 0.407018
v  -0.368103 -0.650416 0.398072
v  -0.373217 -0.864268 0.422038
v  -0.379173 -0.92606 0.42634
v  -0.359222 -0.53139 0.413684
v  -0.399206 -0.648448 0.393172
v  -0.393267 -0.531997 0.41083
v  -0.337741 -0.428131 0.377549
v  -0.302689 -0.411074 0.415584
v  -0.277764 -0.295757 0.454756
v  -0.266893 -0.237755 0.452026
v  -0.264782 -0.223831 0.58988
v  -0.242646 -0.213095 0.593101
v  -0.239721 -0.234498 0.452038
v  -0.21895 -0.256499 0.60173
v  -0.425091 -0.648995 0.411618
v  -0.443979 -0.77146 0.417383
v  -0.455552 -0.859279 0.433915
v  -0.466303 -0.921998 0.453064
v  -0.471575 -0.914004 0.481977
v  -0.495782 -0.96182 0.512117
v  -0.494123 -0.966801 0.464359
v  -0.481238 -0.952274 0.546722
v  -0.472733 -0.965839 0.414723
v  -0.434134 -0.965909 0.39026
v  -0.454426 0.000444535 -0.0249097
v  -0.355522 -0.0878406 0.0471181
v  -0.474785 -0.06545 -0.135682
v  -0.379567 -0.158966 -0.0812491
v  -0.29016 -0.246724 -0.0504764
v  -0.401013 -0.218326 -0.296355
v  -0.328809 -0.320681 -0.285128
v  -0.242107 -0.404359 -0.281738
v  -0.209146 -0.343279 -0.053107
v  -0.119174 -0.464824 -0.284316
v  -0.100871 -0.417175 -0.0720773
v  -0.101887 -0.450066 -0.508249
v  -0.0774603 -0.377141 -0.722351
v  -0.0449099 -0.278946 -0.865617
v  -0.120612 -0.212292 -0.853859
v  -0.164674 -0.305487 -0.731038
v  -0.232152 -0.120793 -0.81206
v  -0.254231 -0.205761 -0.708704
v  -0.354392 -0.0283021 -0.788206
v  -0.357559 -0.0919375 -0.675067
v  -0.410709 0.0189662 -0.796507
v  -0.452413 -0.00592946 -0.67306
v  -0.432596 0.092601 -0.804195
v  -0.487053 0.0608833 -0.670553
v  -0.463889 0.199595 -0.812896
v  -0.480352 0.158995 -0.656341
v  -0.490866 0.332473 -0.832572
v  -0.509746 0.30567 -0.673313
v  -0.460824 0.351191 -0.978113
v  -0.463514 0.461673 -0.847233
v  -0.489881 0.339348 -1.09346
v  -0.48082 0.326921 -1.20836
v  -0.48444 0.172117 -1.23084
v  -0.450432 0.195415 -1.31285
v  -0.444529 0.0655137 -1.32622
v  -0.467426 0.0617222 -1.25331
v  -0.446061 -0.0514253 -1.24382
v  -0.423335 -0.0590536 -1.30113
v  -0.420533 -0.164802 -1.20677
v  -0.39925 -0.182492 -1.25327
v  -0.357815 -0.312499 -1.20528
v  -0.380359 -0.301077 -1.15758
v  -0.309388 -0.450109 -1.19111
v  -0.336882 -0.439482 -1.15031
v  -0.332043 -0.431512 -1.09731
v  -0.31478 -0.430926 -1.0489
v  -0.315187 -0.570683 -1.15103
v  -0.305238 -0.564334 -1.12086
v  -0.289175 -0.560468 -1.09712
v  -0.290245 -0.425395 -1.01342
v  -0.267511 -0.562668 -1.0799
v  -0.322154 -0.689572 -1.09345
v  -0.300455 -0.686769 -1.0733
v  -0.273801 -0.686253 -1.06209
v  -0.246601 -0.690071 -1.06946
v  -0.238946 -0.567326 -1.08121
v  -0.276145 -0.803675 -1.03622
v  -0.295862 -0.805244 -1.04219
v  -0.257079 -0.807777 -1.04187
v  -0.247917 -0.815459 -1.05829
v  -0.228653 -0.696867 -1.09107
v  -0.254753 -0.882635 -1.00445
v  -0.276074 -0.87353 -0.997077
v  -0.245587 -0.955161 -0.941071
v  -0.276368 -0.939607 -0.925531
v  -0.298466 -0.873305 -0.999652
v  -0.31029 -0.934799 -0.925111
v  -0.319612 -0.879166 -1.00853
v  -0.339682 -0.943562 -0.940885
v  -0.334233 -0.890697 -1.02417
v  -0.363388 -0.957418 -0.967501
v  -0.340101 -0.904772 -1.04564
v  -0.32354 -0.817884 -1.06982
v  -0.326392 -0.827386 -1.08818
v  -0.321567 -0.836494 -1.10612
v  -0.338359 -0.917997 -1.07179
v  -0.323429 -0.930385 -1.09319
v  -0.310476 -0.84431 -1.12157
v  -0.300131 -0.938954 -1.10721
v  -0.293628 -0.849603 -1.13162
v  -0.322036 -1.01684 -1.06995
v  -0.272763 -0.939063 -1.10856
v  -0.283471 -1.01793 -1.06137
v  -0.297998 -1.02106 -0.984609
v  -0.336577 -1.02106 -0.992557
v  -0.261514 -1.02595 -0.971467
v  -0.247064 -1.02054 -1.04797
v  -0.249461 -0.930493 -1.09418
v  -0.261419 -0.841226 -1.11313
v  -0.274185 -0.847697 -1.12762
v  -0.25347 -0.832468 -1.09598
v  -0.228268 -0.713352 -1.14575
v  -0.241019 -0.722218 -1.1707
v  -0.22265 -0.704856 -1.11836
v  -0.248657 -0.823784 -1.07741
v  -0.209716 -0.576163 -1.13544
v  -0.209563 -0.581699 -1.17236
v  -0.218287 -0.571441 -1.10442
v  -0.186808 -0.441853 -1.04152
v  -0.167445 -0.447185 -1.10713
v  -0.235611 -0.433996 -1.00874
v  -0.163155 -0.45742 -1.16714
v  -0.120386 -0.334997 -1.19722
v  -0.194728 -0.46142 -1.21183
v  -0.143951 -0.353951 -1.25105
v  -0.227199 -0.589087 -1.20883
v  -0.238843 -0.598572 -1.25385
v  -0.228966 -0.466182 -1.25049
v  -0.260321 -0.73143 -1.19068
v  -0.263431 -0.609187 -1.30815
v  -0.2868 -0.735483 -1.19902
v  -0.294701 -0.461701 -1.26859
v  -0.260437 -0.466627 -1.2758
v  -0.309077 -0.597657 -1.27677
v  -0.313593 -0.730516 -1.19157
v  -0.333205 -0.719621 -1.17351
v  -0.306778 -0.587635 -1.2271
v  -0.297066 -0.456056 -1.23073
v  -0.31378 -0.579003 -1.18706
v  -0.341028 -0.706226 -1.14799
v  -0.336263 -0.695614 -1.1197
v  -0.312656 -0.809778 -1.0538
v  -0.320575 -0.322024 -1.24501
v  -0.29883 -0.335623 -1.29299
v  -0.356634 -0.193603 -1.29841
v  -0.307618 -0.207877 -1.34178
v  -0.263282 -0.347327 -1.32006
v  -0.265608 -0.228719 -1.379
v  -0.205423 -0.350286 -1.27989
v  -0.214266 -0.235208 -1.35431
v  -0.146377 -0.247984 -1.32513
v  -0.300913 -0.0776028 -1.41339
v  -0.267332 0.0520016 -1.4729
v  -0.370183 -0.0648579 -1.35871
v  -0.371853 0.0658721 -1.40918
v  -0.367456 0.200586 -1.41153
v  -0.258573 0.191344 -1.49557
v  -0.484789 0.420512 -0.693962
v  -0.425983 0.506 -0.709016
v  -0.457046 0.542609 -0.592267
v  -0.364296 0.608318 -0.639513
v  -0.506235 0.43572 -0.558348
v  -0.540639 0.461503 -0.430128
v  -0.4819 0.577637 -0.461894
v  -0.525226 0.299413 -0.530366
v  -0.55549 0.306157 -0.41155
v  -0.54824 0.484238 -0.300882
v  -0.57719 0.327941 -0.294744
v  -0.530812 0.134812 -0.382938
v  -0.511946 0.129347 -0.509783
v  -0.551182 0.171689 -0.266758
v  -0.579603 0.341877 -0.17883
v  -0.579004 0.202905 -0.151428
v  -0.533482 -0.0173033 -0.354456
v  -0.534365 0.0415254 -0.21292
v  -0.525953 0.0994948 -0.0867324
v  -0.480872 -0.124411 -0.319855
v  -0.512256 0.00197059 -0.513062
v  -0.475615 -0.0858685 -0.515439
v  -0.383983 -0.181025 -0.514581
v  -0.302788 -0.294812 -0.526217
v  -0.213553 -0.386086 -0.524995
v  -0.554012 0.491156 -0.174683
v  -0.490807 0.60566 -0.32039
v  -0.39954 0.659599 -0.504944
v  -0.271224 0.694578 -0.549887
v  -0.185847 0.611083 -0.657617
v  -0.111806 0.646524 -0.682012
v  -0.156817 0.69517 -0.551914
v  -0.0774307 0.730596 -0.580369
v  -0.134183 0.985396 0.864485
v  -0.151465 0.883145 0.954404
v  -0.152198 0.774548 1.03199
v  -0.1406 0.666001 1.10525
v  -0.11097 0.554605 1.16812
v  -0.0272694 0.381639 1.39941
v  -0.0276315 0.38868 1.41034
v  -0.027798 0.39095 1.42046
v  -0.0274245 0.390265 1.42887
v  -0.0260123 0.387701 1.43594
v  -0.0246211 0.384431 1.44089
v  -0.0225561 0.381138 1.44563
v  -0.0198136 0.377562 1.45058
v  -0.103093 0.351033 1.43291
v  -0.0949606 0.357855 1.44104
v  -0.0853395 0.359371 1.44777
v  -0.0174236 0.373844 1.45543
v  -0.075443 0.358812 1.45338
v  -0.149373 0.289428 1.44949
v  -0.147068 0.3012 1.45628
v  -0.141213 0.308341 1.46519
v  -0.0683713 0.356569 1.45865
v  -0.130178 0.315441 1.46985
v  -0.0126467 0.366406 1.46515
v  -0.0150337 0.370126 1.46029
v  -0.0631835 0.352348 1.46479
v  -0.12081 0.318347 1.47401
v  -0.0566081 0.349799 1.46961
v  -0.103251 0.319841 1.48137
v  -0.145502 0.27398 1.49316
v  -0.135357 0.282042 1.49661
v  -0.152382 0.235632 1.50698
v  -0.14315 0.247638 1.51397
v  -0.125138 0.287568 1.49926
v  -0.132191 0.257081 1.51779
v  -0.0943533 0.320701 1.48424
v  -0.0460134 0.342954 1.47987
v  -0.0514056 0.346714 1.47445
v  -0.084782 0.321978 1.48669
v  -0.114726 0.292029 1.5012
v  -0.120928 0.264041 1.52028
v  -0.104425 0.295624 1.50265
v  -0.109811 0.269237 1.52216
v  -0.0769856 0.320385 1.49099
v  -0.0407729 0.338762 1.48562
v  -0.0695984 0.318599 1.49617
v  -0.0367199 0.33218 1.49304
v  -0.0945655 0.298355 1.50419
v  -0.0980579 0.27408 1.52326
v  -0.110049 0.246692 1.5392
v  -0.0975689 0.252026 1.54065
v  -0.084319 0.2566 1.54193
v  -0.0974414 0.229029 1.55768
v  -0.0832515 0.233799 1.55954
v  -0.0681093 0.26104 1.54355
v  -0.0661488 0.23839 1.56156
v  -0.0478381 0.265716 1.5454
v  -0.0455361 0.242973 1.5636
v  -0.0503701 0.286759 1.52806
v  -0.0228336 0.270518 1.54762
v  -0.0255035 0.291317 1.53058
v  -0.0284283 0.309364 1.51535
v  0.00516858 0.294894 1.53331
v  0.00361622 0.313042 1.51869
v  -0.0320815 0.322556 1.50306
v  0.0016452 0.32854 1.50566
v  -0.000795197 0.339561 1.49556
v  -0.00323912 0.347639 1.48748
v  -0.00557904 0.35384 1.48073
v  -0.0079141 0.358939 1.47489
v  -0.0102804 0.362672 1.47002
v  0.00643125 0.273642 1.55002
v  0.00714661 0.250034 1.56798
v  0.00724585 0.225524 1.58669
v  0.00660792 0.200797 1.60605
v  0.0055735 0.176743 1.62517
v  0.0058752 0.153514 1.64312
v  0.0075126 0.130616 1.6594
v  0.0102963 0.107583 1.67456
v  0.0140193 0.0837942 1.68927
v  0.0189612 0.056579 1.70241
v  0.0221431 0.0273506 1.71615
v  0.0235966 0.00560128 1.73914
v  0.0236685 -0.0154957 1.76024
v  0.0232518 -0.0364773 1.78087
v  0.0222589 -0.056689 1.80226
v  0.0224364 -0.0767619 1.82454
v  0.0260882 -0.101207 1.84912
v  0.00909106 -0.0820052 1.82526
v  0.0067344 -0.0605635 1.80248
v  -0.00639848 -0.0662084 1.80112
v  -0.017611 -0.0740484 1.79763
v  0.00819363 -0.0391965 1.78149
v  -0.0058172 -0.043403 1.78054
v  -0.0181336 -0.0497681 1.77719
v  -0.0252802 -0.0824257 1.79274
v  -0.0280794 -0.058358 1.77158
v  -0.00556647 -0.0207655 1.76049
v  -0.0190568 -0.0263593 1.75805
v  -0.0302863 -0.034971 1.75221
v  -0.0359895 -0.068019 1.76416
v  -0.0393051 -0.0456608 1.74418
v  -0.021002 -0.00543189 1.73809
v  -0.0337126 -0.0140375 1.73337
v  -0.0439564 -0.0248905 1.72578
v  -0.0477932 -0.0582392 1.73507
v  -0.0538049 -0.0375268 1.71701
v  -0.0398368 0.00735726 1.71709
v  -0.0524171 -0.00317455 1.71106
v  -0.0642655 -0.0152582 1.70355
v  -0.0638816 -0.0516455 1.70798
v  -0.0758425 -0.0291086 1.69519
v  -0.0656432 0.021502 1.70309
v  -0.0794536 0.00984577 1.69612
v  -0.08196 0.049824 1.69598
v  -0.0968398 0.0392424 1.68932
v  -0.095967 0.0811511 1.68181
v  -0.111812 0.0721608 1.67595
v  -0.103612 0.111078 1.66276
v  -0.118489 0.103312 1.65689
v  -0.130966 0.0961309 1.64939
v  -0.137965 0.0889199 1.63721
v  -0.121054 0.131034 1.63715
v  -0.134822 0.123249 1.6306
v  -0.147563 0.115471 1.62253
v  -0.155347 0.106829 1.61011
v  -0.134687 0.086309 1.62123
v  -0.136651 0.146843 1.61082
v  -0.150553 0.138647 1.60316
v  -0.163395 0.13065 1.59394
v  -0.173873 0.121358 1.58253
v  -0.156533 0.100196 1.59415
v  -0.147439 0.161756 1.58095
v  -0.159392 0.154289 1.57187
v  -0.169456 0.14571 1.56144
v  -0.181525 0.110512 1.57002
v  -0.175061 0.134941 1.54952
v  -0.149798 0.180744 1.5539
v  -0.157512 0.170931 1.54302
v  -0.159705 0.158456 1.53151
v  -0.175242 0.12205 1.53768
v  -0.160429 0.144838 1.52001
v  -0.153634 0.192658 1.52906
v  -0.153899 0.179794 1.51659
v  -0.155058 0.165953 1.50421
v  -0.153408 0.199217 1.50488
v  -0.155267 0.185597 1.49132
v  -0.177259 0.175467 1.49363
v  -0.199829 0.167133 1.49675
v  -0.206594 0.184508 1.489
v  -0.228476 0.176673 1.48879
v  -0.223236 0.161286 1.49787
v  -0.248929 0.169905 1.48623
v  -0.24553 0.156503 1.4968
v  -0.239286 0.137902 1.504
v  -0.261166 0.131334 1.5043
v  -0.265763 0.148857 1.49589
v  -0.254898 0.106347 1.50306
v  -0.232098 0.115295 1.50138
v  -0.25134 0.0784138 1.47942
v  -0.226449 0.0876802 1.48014
v  -0.254487 0.0739368 1.44583
v  -0.228068 0.0800082 1.44697
v  -0.258266 0.0860574 1.42569
v  -0.233997 0.0914184 1.42504
v  -0.237679 0.104847 1.41155
v  -0.260774 0.0999342 1.41222
v  -0.215309 0.108755 1.41244
v  -0.195736 0.111233 1.41846
v  -0.239928 0.119082 1.40262
v  -0.218634 0.122706 1.40281
v  -0.20041 0.125295 1.40531
v  -0.19067 0.101302 1.41256
v  -0.186562 0.123212 1.40624
v  -0.221513 0.137387 1.39901
v  -0.2029 0.141086 1.39891
v  -0.188714 0.143013 1.3993
v  -0.183667 0.112984 1.3979
v  -0.190523 0.161831 1.40098
v  -0.204854 0.157284 1.40115
v  -0.192384 0.17745 1.40903
v  -0.20738 0.172515 1.40785
v  -0.194321 0.191582 1.41871
v  -0.210841 0.185366 1.41733
v  -0.176316 0.19856 1.42381
v  -0.147371 0.238141 1.42826
v  -0.175409 0.209545 1.4348
v  -0.19583 0.201981 1.42993
v  -0.149235 0.257225 1.43679
v  -0.108942 0.340158 1.4252
v  -0.150721 0.275412 1.44291
v  -0.109122 0.326454 1.41701
v  -0.172598 0.218099 1.44693
v  -0.196959 0.209785 1.44113
v  -0.166951 0.222463 1.45905
v  -0.196165 0.212123 1.45397
v  -0.216471 0.202006 1.43899
v  -0.216977 0.203925 1.45192
v  -0.215205 0.201928 1.4651
v  -0.236157 0.196013 1.44981
v  -0.234639 0.193538 1.46323
v  -0.211716 0.195887 1.47821
v  -0.231928 0.187367 1.47659
v  -0.252675 0.185436 1.46134
v  -0.251095 0.179255 1.47416
v  -0.269066 0.170787 1.47322
v  -0.269452 0.177698 1.46039
v  -0.267956 0.161411 1.48497
v  -0.285916 0.15292 1.48601
v  -0.285679 0.163308 1.47434
v  -0.28555 0.14031 1.49661
v  -0.304834 0.135546 1.49674
v  -0.303032 0.149062 1.48658
v  -0.306479 0.117021 1.50441
v  -0.283981 0.122658 1.50464
v  -0.306608 0.0904537 1.50331
v  -0.279847 0.0963005 1.50319
v  -0.305998 0.0656653 1.48296
v  -0.27765 0.0704187 1.48045
v  -0.279708 0.0676934 1.44954
v  -0.306619 0.0631365 1.45318
v  -0.282663 0.0796808 1.42841
v  -0.307599 0.0747412 1.43151
v  -0.28434 0.0941977 1.41373
v  -0.308008 0.08975 1.41591
v  -0.28463 0.109874 1.40322
v  -0.307649 0.105907 1.40426
v  -0.262012 0.11484 1.40262
v  -0.26312 0.130054 1.39686
v  -0.284755 0.126005 1.39603
v  -0.24185 0.133762 1.39821
v  -0.244042 0.148385 1.39768
v  -0.264618 0.145156 1.39505
v  -0.223596 0.152503 1.40034
v  -0.226326 0.16694 1.40559
v  -0.246946 0.162662 1.40123
v  -0.22976 0.179559 1.41368
v  -0.24982 0.17461 1.4093
v  -0.233163 0.189271 1.42403
v  -0.252413 0.183351 1.42019
v  -0.213927 0.195191 1.42775
v  -0.235623 0.19486 1.43641
v  -0.254093 0.187877 1.43324
v  -0.254203 0.188405 1.4474
v  -0.26993 0.181824 1.43248
v  -0.269934 0.181398 1.44674
v  -0.284721 0.176453 1.44728
v  -0.284748 0.177602 1.43239
v  -0.285162 0.171551 1.46151
v  -0.299082 0.168911 1.46264
v  -0.298206 0.174426 1.44747
v  -0.300918 0.159983 1.47554
v  -0.314905 0.159376 1.47639
v  -0.311477 0.16913 1.4634
v  -0.31905 0.148094 1.48677
v  -0.333737 0.149867 1.48661
v  -0.327411 0.161129 1.47681
v  -0.340363 0.137113 1.49434
v  -0.323499 0.134572 1.49571
v  -0.348366 0.121373 1.4997
v  -0.328056 0.11681 1.50245
v  -0.358314 0.0985998 1.49836
v  -0.333284 0.0911194 1.50138
v  -0.336216 0.0669843 1.48424
v  -0.365649 0.0761644 1.48333
v  -0.335867 0.0622881 1.45654
v  -0.365701 0.0688135 1.45828
v  -0.333443 0.0736878 1.43351
v  -0.360387 0.0773043 1.43401
v  -0.331821 0.0882324 1.4174
v  -0.354709 0.0919476 1.41727
v  -0.32983 0.104742 1.40511
v  -0.350988 0.107514 1.40552
v  -0.32765 0.122108 1.39634
v  -0.347021 0.124384 1.39687
v  -0.306639 0.122667 1.39583
v  -0.305243 0.139845 1.39147
v  -0.324393 0.139525 1.39155
v  -0.28524 0.141943 1.39263
v  -0.285525 0.157543 1.39489
v  -0.302959 0.156113 1.39312
v  -0.266466 0.159645 1.39784
v  -0.268296 0.171461 1.40597
v  -0.285264 0.169124 1.40428
v  -0.269497 0.178788 1.41841
v  -0.285032 0.175413 1.41776
v  -0.300525 0.167406 1.40264
v  -0.29909 0.173739 1.41604
v  -0.298324 0.17584 1.43143
v  -0.312297 0.173741 1.41472
v  -0.310084 0.176633 1.43056
v  -0.309703 0.175403 1.44752
v  -0.320524 0.17916 1.42965
v  -0.319285 0.178295 1.4474
v  -0.322047 0.171594 1.46404
v  -0.327864 0.182411 1.44731
v  -0.33106 0.1758 1.46434
v  -0.338016 0.165439 1.47698
v  -0.338706 0.181551 1.46406
v  -0.346496 0.172178 1.47633
v  -0.356047 0.162876 1.48562
v  -0.346364 0.155035 1.48611
v  -0.367688 0.152574 1.49282
v  -0.355646 0.143362 1.49307
v  -0.381227 0.140455 1.49695
v  -0.366378 0.129454 1.49724
v  -0.397877 0.124045 1.49472
v  -0.379528 0.110464 1.49594
v  -0.413077 0.107342 1.47929
v  -0.391018 0.0906662 1.48104
v  -0.392688 0.0818606 1.45777
v  -0.418255 0.0981254 1.45682
v  -0.386699 0.0860696 1.43504
v  -0.414601 0.0977071 1.43457
v  -0.378217 0.0984931 1.41721
v  -0.404621 0.106219 1.4159
v  -0.371757 0.113193 1.40578
v  -0.393827 0.120918 1.4045
v  -0.365839 0.129094 1.39794
v  -0.38469 0.137349 1.39744
v  -0.359349 0.144759 1.39334
v  -0.374738 0.151714 1.39403
v  -0.342242 0.141179 1.39243
v  -0.336302 0.155801 1.39342
v  -0.351179 0.158421 1.39447
v  -0.319865 0.155443 1.3929
v  -0.315663 0.166749 1.40155
v  -0.329292 0.167549 1.40075
v  -0.324003 0.175482 1.41355
v  -0.342397 0.169988 1.40086
v  -0.334849 0.17836 1.41281
v  -0.329696 0.183105 1.4289
v  -0.344774 0.182637 1.41293
v  -0.338066 0.187801 1.42819
v  -0.335232 0.1877 1.44669
v  -0.345647 0.193278 1.42822
v  -0.341969 0.193522 1.44582
v  -0.344858 0.18861 1.46277
v  -0.347874 0.200393 1.44499
v  -0.349447 0.197 1.46119
v  -0.352991 0.180845 1.47561
v  -0.356911 0.191318 1.47411
v  -0.363128 0.172924 1.48497
v  -0.36747 0.184626 1.48402
v  -0.375776 0.164245 1.49243
v  -0.38056 0.177188 1.49167
v  -0.39186 0.153611 1.49716
v  -0.397291 0.169945 1.49667
v  -0.411755 0.141395 1.49469
v  -0.418125 0.161733 1.49474
v  -0.430032 0.128261 1.4809
v  -0.438466 0.153211 1.48203
v  -0.439382 0.119703 1.45895
v  -0.449299 0.147688 1.46169
v  -0.438785 0.117428 1.43685
v  -0.450814 0.14568 1.4409
v  -0.42982 0.122179 1.41732
v  -0.444528 0.146916 1.42138
v  -0.414828 0.133659 1.40396
v  -0.42897 0.15328 1.40627
v  -0.411653 0.163469 1.39843
v  -0.40079 0.148168 1.39764
v  -0.395596 0.173719 1.39648
v  -0.387207 0.16147 1.39524
v  -0.38192 0.182724 1.39885
v  -0.374011 0.172402 1.39691
v  -0.364048 0.164029 1.39547
v  -0.353657 0.174557 1.40173
v  -0.363152 0.18137 1.40316
v  -0.353419 0.188365 1.41374
v  -0.35991 0.196112 1.41552
v  -0.370215 0.19047 1.40554
v  -0.351926 0.199945 1.42887
v  -0.356615 0.208134 1.43012
v  -0.364573 0.205275 1.41795
v  -0.352653 0.208461 1.44462
v  -0.355464 0.218099 1.44461
v  -0.359545 0.217958 1.43177
v  -0.353004 0.206258 1.45956
v  -0.354969 0.216709 1.45824
v  -0.359467 0.202072 1.47245
v  -0.359978 0.213827 1.47101
v  -0.369617 0.197166 1.48259
v  -0.36987 0.210223 1.48125
v  -0.382852 0.191902 1.49028
v  -0.38283 0.206787 1.48902
v  -0.39878 0.186959 1.495
v  -0.398935 0.20414 1.49328
v  -0.419675 0.182352 1.4931
v  -0.419001 0.202014 1.49065
v  -0.439731 0.178117 1.48157
v  -0.437518 0.20081 1.48014
v  -0.451302 0.175097 1.46348
v  -0.450536 0.200106 1.46424
v  -0.453598 0.17382 1.44366
v  -0.453167 0.199191 1.44495
v  -0.448082 0.173818 1.42468
v  -0.44753 0.19865 1.42664
v  -0.435508 0.199246 1.41153
v  -0.434992 0.176447 1.40932
v  -0.419069 0.201603 1.40188
v  -0.417202 0.181799 1.39989
v  -0.402898 0.205218 1.39999
v  -0.400633 0.188258 1.39805
v  -0.388662 0.209522 1.40366
v  -0.386603 0.195504 1.40121
v  -0.376528 0.213403 1.41103
v  -0.374733 0.200966 1.40822
v  -0.366929 0.216129 1.42042
v  -0.367895 0.22852 1.42292
v  -0.377239 0.226937 1.41366
v  -0.360656 0.229409 1.43354
v  -0.360134 0.242125 1.43501
v  -0.367238 0.242104 1.42492
v  -0.355366 0.24157 1.44609
v  -0.356353 0.229074 1.44528
v  -0.355104 0.227869 1.45791
v  -0.353907 0.240272 1.458
v  -0.359359 0.225939 1.47021
v  -0.35756 0.239264 1.46972
v  -0.368505 0.224043 1.4803
v  -0.366436 0.238837 1.47944
v  -0.381286 0.222283 1.48778
v  -0.378606 0.2387 1.48594
v  -0.39742 0.221483 1.4912
v  -0.394079 0.239881 1.48802
v  -0.416143 0.22157 1.48772
v  -0.410771 0.241599 1.4842
v  -0.432754 0.222326 1.47761
v  -0.42544 0.243813 1.47474
v  -0.444914 0.22292 1.46283
v  -0.436347 0.245478 1.46137
v  -0.448596 0.222684 1.44489
v  -0.440261 0.246054 1.44509
v  -0.437013 0.245571 1.42917
v  -0.443869 0.221845 1.42771
v  -0.429034 0.244528 1.41524
v  -0.433555 0.221596 1.41349
v  -0.416993 0.24334 1.40493
v  -0.419428 0.22195 1.40352
v  -0.401376 0.242536 1.40297
v  -0.403387 0.22317 1.40158
v  -0.387795 0.241898 1.40808
v  -0.389091 0.224741 1.40608
v  -0.376706 0.24194 1.41597
v  -0.373737 0.259949 1.41875
v  -0.384004 0.261352 1.41093
v  -0.364962 0.258658 1.42701
v  -0.361034 0.278199 1.42909
v  -0.369086 0.280362 1.42143
v  -0.353941 0.276638 1.43754
v  -0.357939 0.257768 1.43646
v  -0.349254 0.275025 1.44715
v  -0.353071 0.256601 1.44675
v  -0.351169 0.255543 1.45795
v  -0.34686 0.274124 1.45773
v  -0.354385 0.255392 1.46931
v  -0.349685 0.274935 1.46837
v  -0.363016 0.256206 1.47823
v  -0.357826 0.277439 1.47605
v  -0.374863 0.258305 1.48339
v  -0.368653 0.281275 1.47939
v  -0.379838 0.285924 1.47873
v  -0.388831 0.261533 1.48366
v  -0.402646 0.265044 1.47919
v  -0.391322 0.290341 1.47524
v  -0.414737 0.268058 1.47087
v  -0.401526 0.294168 1.46856
v  -0.424043 0.270312 1.45953
v  -0.409422 0.296783 1.45861
v  -0.427988 0.271181 1.44553
v  -0.412942 0.29743 1.44622
v  -0.426348 0.270697 1.43106
v  -0.412311 0.296633 1.43327
v  -0.420541 0.269121 1.41781
v  -0.408027 0.294793 1.42126
v  -0.410618 0.266716 1.40745
v  -0.399962 0.291561 1.41199
v  -0.388877 0.286905 1.41079
v  -0.396612 0.263617 1.40574
v  -0.378368 0.283134 1.41492
v  -0.367944 0.309937 1.41843
v  -0.376957 0.31417 1.4156
v  -0.360088 0.306226 1.42386
v  -0.346076 0.335493 1.42454
v  -0.353073 0.339219 1.41976
v  -0.353357 0.302661 1.43074
v  -0.340233 0.332401 1.43109
v  -0.347364 0.299764 1.4385
v  -0.334954 0.32994 1.43828
v  -0.342772 0.298104 1.44733
v  -0.330858 0.328175 1.44647
v  -0.328243 0.327752 1.45537
v  -0.340105 0.297608 1.45695
v  -0.329395 0.329219 1.46438
v  -0.342417 0.29928 1.46646
v  -0.336589 0.332746 1.46938
v  -0.349553 0.302967 1.47246
v  -0.344915 0.33706 1.4705
v  -0.358609 0.307635 1.47467
v  -0.35309 0.341151 1.46915
v  -0.368312 0.312531 1.47391
v  -0.377784 0.317004 1.47045
v  -0.360696 0.34499 1.46578
v  -0.385975 0.320933 1.4645
v  -0.367247 0.348294 1.46046
v  -0.392225 0.323244 1.45596
v  -0.372373 0.350837 1.45352
v  -0.39518 0.324127 1.44572
v  -0.375221 0.352114 1.44511
v  -0.394817 0.323521 1.43538
v  -0.375168 0.351891 1.43614
v  -0.391939 0.321646 1.42538
v  -0.372824 0.350442 1.42759
v  -0.385978 0.318531 1.41763
v  -0.368195 0.347794 1.42068
v  -0.360966 0.343653 1.41769
v  -0.343015 0.373824 1.41959
v  -0.349534 0.377356 1.42251
v  -0.336017 0.370124 1.42077
v  -0.320311 0.402873 1.42391
v  -0.32616 0.405367 1.4232
v  -0.315073 0.400674 1.42719
v  -0.329972 0.367054 1.42521
v  -0.310825 0.398953 1.43203
v  -0.325265 0.364796 1.43145
v  -0.307503 0.397654 1.43795
v  -0.321226 0.363017 1.43805
v  -0.305127 0.39683 1.44423
v  -0.318153 0.361822 1.4453
v  -0.316474 0.361389 1.45307
v  -0.304183 0.396632 1.45098
v  -0.316833 0.362131 1.46112
v  -0.305246 0.397308 1.45759
v  -0.30959 0.399275 1.46217
v  -0.32268 0.365182 1.46581
v  -0.315576 0.401818 1.46332
v  -0.329861 0.368696 1.4668
v  -0.321616 0.404312 1.46195
v  -0.336851 0.372047 1.46526
v  -0.327198 0.406611 1.45908
v  -0.343508 0.375266 1.4622
v  -0.349354 0.378065 1.45765
v  -0.332027 0.408565 1.45492
v  -0.353772 0.380139 1.45144
v  -0.335791 0.410062 1.4497
v  -0.356393 0.381329 1.44402
v  -0.338014 0.410917 1.4434
v  -0.356449 0.381211 1.43601
v  -0.337874 0.41066 1.4367
v  -0.354288 0.379971 1.42834
v  -0.335863 0.409704 1.43045
v  -0.331836 0.407871 1.4254
v  -0.31993 0.441024 1.43224
v  -0.31699 0.439935 1.42782
v  -0.312464 0.438332 1.42533
v  -0.304906 0.473186 1.43138
v  -0.301548 0.472104 1.42899
v  -0.307173 0.436557 1.4256
v  -0.297442 0.470812 1.42873
v  -0.293631 0.469617 1.43065
v  -0.302538 0.435037 1.42842
v  -0.290899 0.468811 1.43415
v  -0.298947 0.433893 1.43264
v  -0.289127 0.468269 1.43823
v  -0.296221 0.433016 1.43772
v  -0.294678 0.432545 1.44322
v  -0.287964 0.467898 1.4426
v  -0.28829 0.468111 1.44712
v  -0.294285 0.432541 1.44894
v  -0.289598 0.468676 1.45122
v  -0.295371 0.433029 1.45458
v  -0.29215 0.469537 1.45471
v  -0.298705 0.434229 1.45885
v  -0.296122 0.470788 1.45639
v  -0.303906 0.435964 1.46008
v  -0.300307 0.4721 1.45578
v  -0.308998 0.43768 1.45871
v  -0.304046 0.473212 1.45397
v  -0.313522 0.439193 1.45605
v  -0.306974 0.474076 1.45099
v  -0.317195 0.440396 1.45225
v  -0.308532 0.474507 1.4471
v  -0.31968 0.441181 1.44764
v  -0.309046 0.474645 1.44294
v  -0.32122 0.441624 1.44258
v  -0.321417 0.44162 1.43733
v  -0.308403 0.474372 1.43881
v  -0.307167 0.473918 1.43487
v  -0.299545 0.505673 1.4393
v  -0.298386 0.505199 1.43598
v  -0.296434 0.504611 1.43323
v  -0.292714 0.530333 1.43529
v  -0.291426 0.529946 1.43257
v  -0.289181 0.529184 1.43087
v  -0.293653 0.503706 1.43132
v  -0.28647 0.528447 1.43144
v  -0.290385 0.50269 1.43084
v  -0.284362 0.527996 1.43357
v  -0.287431 0.501856 1.43248
v  -0.282704 0.527622 1.43602
v  -0.285578 0.501292 1.43549
v  -0.281746 0.52788 1.43865
v  -0.28431 0.500914 1.43884
v  -0.280938 0.527546 1.44157
v  -0.283561 0.500651 1.44227
v  -0.280706 0.527576 1.44442
v  -0.283949 0.500792 1.4461
v  -0.281392 0.528094 1.44707
v  -0.28456 0.501115 1.44969
v  -0.282995 0.528581 1.44935
v  -0.28638 0.501754 1.45292
v  -0.285363 0.529242 1.45055
v  -0.289721 0.502799 1.45431
v  -0.288131 0.529956 1.45063
v  -0.293358 0.50403 1.454
v  -0.290437 0.530498 1.44903
v  -0.296695 0.505085 1.45254
v  -0.29203 0.530789 1.4467
v  -0.299461 0.505937 1.45003
v  -0.293077 0.530872 1.44399
v  -0.300494 0.506212 1.44637
v  -0.2935 0.530833 1.44128
v  -0.300327 0.506052 1.44275
v  -0.293383 0.530591 1.43825
v  -0.288618 0.55131 1.44007
v  -0.288649 0.551278 1.43779
v  -0.288615 0.550736 1.43536
v  -0.283705 0.565618 1.43758
v  -0.283774 0.566032 1.436
v  -0.280176 0.562774 1.43553
v  -0.281886 0.549165 1.43406
v  -0.279144 0.561823 1.43706
v  -0.280537 0.549604 1.43609
v  -0.27881 0.560898 1.43873
v  -0.279878 0.549104 1.43828
v  -0.27863 0.560258 1.44015
v  -0.27922 0.548605 1.44047
v  -0.278605 0.560889 1.44123
v  -0.279097 0.548883 1.44278
v  -0.278706 0.560421 1.44314
v  -0.279411 0.549003 1.44477
v  -0.279935 0.560126 1.44433
v  -0.280517 0.549614 1.44633
v  -0.281155 0.560869 1.44453
v  -0.282587 0.550104 1.44709
v  -0.282418 0.561465 1.44413
v  -0.28458 0.550997 1.44691
v  -0.283355 0.561993 1.44318
v  -0.286303 0.550594 1.44555
v  -0.283963 0.5626 1.44176
v  -0.28739 0.550711 1.44404
v  -0.284293 0.562965 1.4404
v  -0.288094 0.551131 1.4422
v  -0.284398 0.563566 1.43908
v  -0.281498 0.569465 1.43937
v  -0.28125 0.569068 1.44028
v  -0.279214 0.569771 1.43938
v  -0.27922 0.569375 1.43894
v  -0.278853 0.565922 1.44107
v  -0.278892 0.565172 1.44009
v  -0.279194 0.569913 1.43979
v  -0.278825 0.566559 1.44189
v  -0.279125 0.569114 1.44003
v  -0.27936 0.566837 1.44225
v  -0.281002 0.568671 1.44119
v  -0.280904 0.567979 1.44215
v  -0.280446 0.564957 1.44315
v  -0.107831 0.312543 1.40988
v  -0.10277 0.29508 1.40523
v  -0.202715 0.0791428 1.39069
v  -0.196921 0.0901567 1.4022
v  -0.185589 0.101907 1.38669
v  -0.207185 0.0604111 1.40274
v  -0.202304 0.0726022 1.41346
v  -0.195325 0.0828202 1.423
v  -0.201993 0.0580637 1.4281
v  -0.194614 0.0698667 1.43737
v  -0.201174 0.0432299 1.44382
v  -0.199644 0.057986 1.45272
v  -0.196195 0.0280162 1.45896
v  -0.201645 0.0426374 1.46763
v  -0.198519 0.056944 1.47766
v  -0.198486 0.0257594 1.4825
v  -0.201512 0.0400159 1.49236
v  -0.190456 0.069121 1.48897
v  -0.196059 0.0518418 1.50443
v  -0.202125 0.0196817 1.50817
v  -0.199828 0.0307596 1.52053
v  -0.195653 -0.00452273 1.52086
v  -0.195727 0.00642685 1.53282
v  -0.19243 -0.0299865 1.53453
v  -0.190739 -0.0177322 1.54706
v  -0.182456 -0.0060318 1.55768
v  -0.18474 -0.0386714 1.56665
v  -0.175691 -0.0249991 1.57633
v  -0.15853 -0.013961 1.58215
v  -0.164066 0.000803858 1.5645
v  -0.170097 -0.054687 1.58726
v  -0.144664 -0.0827303 1.58885
v  -0.148764 -0.0696404 1.60277
v  -0.165002 -0.0675706 1.57312
v  -0.183527 -0.0527348 1.55339
v  -0.15382 -0.0768471 1.56042
v  -0.171726 -0.0613135 1.54046
v  -0.182012 -0.0387524 1.52264
v  -0.152524 -0.0628075 1.53225
v  -0.163176 -0.041925 1.51547
v  -0.186612 -0.0138428 1.51007
v  -0.170572 -0.0205771 1.50167
v  -0.140924 -0.0422068 1.51069
v  -0.149178 -0.0235701 1.49551
v  -0.193111 0.00780103 1.49803
v  -0.177906 -0.000964023 1.49018
v  -0.160162 -0.00845113 1.48159
v  -0.148077 -0.0423999 1.48815
v  -0.15853 -0.0278293 1.47458
v  -0.188725 0.012844 1.47474
v  -0.173155 0.00306153 1.46723
v  -0.165688 -0.0128045 1.46015
v  -0.162224 -0.0547339 1.46749
v  -0.170014 -0.039839 1.45483
v  -0.186021 0.0140833 1.4517
v  -0.167209 0.00490911 1.44523
v  -0.175291 -0.0224233 1.44007
v  -0.151791 -0.0640791 1.44643
v  -0.158286 -0.049944 1.43467
v  -0.183526 0.0145351 1.42967
v  -0.17209 -0.000863623 1.42381
v  -0.168948 -0.033644 1.41834
v  -0.12622 -0.07119 1.43044
v  -0.134978 -0.0593936 1.41662
v  -0.178318 0.0185167 1.40916
v  -0.174083 -0.00963536 1.40057
v  -0.149955 -0.0480843 1.39762
v  -0.196547 0.0280469 1.4127
v  -0.205877 0.0455735 1.39281
v  -0.203139 0.0436689 1.41947
v  -0.195632 0.0282999 1.43621
v  -0.0919337 -0.107886 1.43331
v  -0.123132 -0.0853445 1.44079
v  -0.0898211 -0.0929051 1.42372
v  -0.0987142 -0.124708 1.4354
v  -0.124087 -0.101707 1.4472
v  -0.148748 -0.0797316 1.45572
v  -0.128352 -0.119436 1.45126
v  -0.147813 -0.0961866 1.46502
v  -0.154966 -0.0695621 1.48015
v  -0.143766 -0.111602 1.47922
v  -0.144527 -0.0843181 1.49456
v  -0.136359 -0.0579134 1.50277
v  -0.127364 -0.0991169 1.51184
v  -0.121209 -0.0743496 1.5177
v  -0.130856 -0.0624855 1.52611
v  -0.115404 -0.0797498 1.54324
v  -0.136228 -0.0787089 1.55141
v  -0.102239 -0.102153 1.55722
v  -0.123144 -0.0992207 1.56517
v  -0.137399 -0.0934987 1.57583
v  -0.121107 -0.128324 1.57181
v  -0.128796 -0.118347 1.58647
v  -0.129171 -0.105194 1.60026
v  -0.130343 -0.148369 1.59819
v  -0.121789 -0.133646 1.6112
v  -0.128228 -0.0903082 1.6146
v  -0.114562 -0.116835 1.62316
v  -0.108784 -0.098356 1.64052
v  -0.110314 -0.141249 1.63968
v  -0.101189 -0.123274 1.65223
v  -0.100932 -0.0799724 1.65757
v  -0.0889561 -0.104317 1.6691
v  -0.0959555 -0.0622894 1.67432
v  -0.0806376 -0.0852835 1.68474
v  -0.0870718 -0.0448477 1.6861
v  -0.0735452 -0.0675404 1.69821
v  -0.0720362 -0.105996 1.70229
v  -0.064694 -0.0882502 1.71513
v  -0.0562999 -0.0723651 1.72556
v  -0.0574646 -0.107701 1.73909
v  -0.0508465 -0.0922362 1.74825
v  -0.0431902 -0.0789855 1.75667
v  -0.0441623 -0.113316 1.77377
v  -0.0384799 -0.102116 1.77969
v  -0.0320651 -0.09128 1.78614
v  -0.0303671 -0.122541 1.80762
v  -0.0250368 -0.113199 1.81245
v  -0.019718 -0.104396 1.81768
v  -0.00603247 -0.135379 1.83083
v  -0.0030646 -0.127308 1.83746
v  0.0182974 -0.152295 1.8396
v  0.0162886 -0.179068 1.8617
v  0.026388 -0.163529 1.86441
v  0.00596308 -0.164972 1.83835
v  -0.0140993 -0.143334 1.82742
v  -0.0247912 -0.149269 1.82833
v  -0.00843186 -0.172807 1.84029
v  -0.0357501 -0.132321 1.80296
v  -0.0412163 -0.142954 1.79806
v  -0.0348708 -0.156665 1.82673
v  -0.0494498 -0.125659 1.76799
v  -0.0548238 -0.140765 1.76052
v  -0.0473019 -0.155646 1.79253
v  -0.0628631 -0.124472 1.7287
v  -0.0685502 -0.141924 1.71764
v  -0.0601158 -0.156429 1.75307
v  -0.0800184 -0.124304 1.6885
v  -0.0893572 -0.14259 1.67449
v  -0.0705077 -0.16011 1.7059
v  -0.0647794 -0.173083 1.74576
v  -0.0777906 -0.178595 1.69771
v  -0.0687246 -0.190778 1.73835
v  -0.100782 -0.159788 1.666
v  -0.112757 -0.177182 1.66062
v  -0.0906828 -0.194526 1.69298
v  -0.116779 -0.158724 1.62804
v  -0.108898 -0.195604 1.65125
v  -0.119764 -0.173743 1.61768
v  -0.0904292 -0.212345 1.68587
v  -0.0837376 -0.199268 1.64797
v  -0.106211 -0.180311 1.61154
v  -0.0683462 -0.197144 1.64296
v  -0.123468 -0.16072 1.58285
v  -0.0630206 -0.218677 1.72349
v  -0.0684154 -0.207635 1.73071
v  -0.0418668 -0.20441 1.76441
v  -0.0282872 -0.208734 1.75608
v  -0.0544237 -0.197752 1.77336
v  -0.0470622 -0.206964 1.80423
v  -0.0307796 -0.211999 1.79689
v  -0.0526308 -0.194046 1.81197
v  -0.057484 -0.183312 1.78164
v  -0.0489334 -0.180243 1.81758
v  -0.0532083 -0.169094 1.78732
v  -0.0426268 -0.167798 1.82245
v  -0.0366746 -0.177538 1.84894
v  -0.0459812 -0.189778 1.84476
v  -0.0224536 -0.1738 1.84627
v  -0.0131549 -0.195386 1.86309
v  -0.0271144 -0.191141 1.86954
v  0.00396236 -0.192285 1.85937
v  0.01451 -0.181009 1.88601
v  0.00650144 -0.181339 1.90448
v  0.0144749 -0.175451 1.91227
v  0.0185496 -0.167008 1.89109
v  0.0260856 -0.172863 1.91784
v  0.0280537 -0.192459 1.91988
v  0.0167028 -0.19287 1.91981
v  0.0289879 -0.208596 1.91965
v  0.0299621 -0.223975 1.91839
v  0.0308851 -0.239122 1.91352
v  0.0306258 -0.247723 1.89866
v  0.0290949 -0.252151 1.87856
v  0.0280363 -0.267869 1.85578
v  0.0246165 -0.277694 1.821
v  0.0212123 -0.287396 1.78584
v  0.0187223 -0.291458 1.75029
v  0.0174434 -0.291014 1.71408
v  0.0159955 -0.289259 1.67931
v  0.016335 -0.288838 1.64505
v  0.0168485 -0.289754 1.60865
v  -0.00362005 -0.283385 1.64623
v  -0.00272791 -0.284746 1.68361
v  -0.0184587 -0.277565 1.68977
v  -0.01673 -0.279221 1.7272
v  -0.00091267 -0.28591 1.72033
v  -0.0301609 -0.271101 1.7339
v  -0.030973 -0.272468 1.77196
v  -0.0163333 -0.280986 1.76492
v  -0.0409675 -0.258175 1.77916
v  -0.0244827 -0.270504 1.80266
v  -0.0279538 -0.24585 1.78099
v  -0.0105991 -0.263244 1.83197
v  -0.0125457 -0.279571 1.79665
v  -0.00124643 -0.271354 1.82746
v  -0.00124209 -0.258273 1.86793
v  0.00856865 -0.26104 1.86286
v  0.0105289 -0.252651 1.88937
v  0.0121814 -0.249122 1.90978
v  0.0198357 -0.251338 1.88363
v  0.0221444 -0.248432 1.90343
v  0.0177543 -0.265051 1.85889
v  0.0107509 -0.275432 1.82428
v  0.00389978 -0.284853 1.79071
v  0.000217583 -0.286956 1.7572
v  0.0115142 -0.238497 1.92227
v  0.0219868 -0.238899 1.91734
v  -0.00275264 -0.236244 1.92339
v  -0.00449065 -0.222866 1.92177
v  0.00922374 -0.223842 1.92435
v  -0.02129 -0.221763 1.91249
v  -0.0222529 -0.234298 1.91421
v  -0.0407725 -0.237446 1.89016
v  -0.0363275 -0.220511 1.89253
v  -0.0484683 -0.232549 1.85726
v  -0.0469744 -0.213861 1.86542
v  -0.0474626 -0.220679 1.82817
v  -0.0526228 -0.204785 1.83854
v  -0.0381151 -0.19998 1.86923
v  -0.0289544 -0.206394 1.89159
v  -0.0181443 -0.208166 1.90841
v  -0.00533352 -0.208769 1.91763
v  0.00708039 -0.208829 1.92193
v  0.00553666 -0.193621 1.91654
v  0.0186372 -0.208757 1.92235
v  0.0202273 -0.224137 1.922
v  -0.0125012 -0.212769 1.74746
v  -0.130226 -0.124135 1.50021
v  -0.129565 -0.148718 1.48665
v  -0.118155 -0.158821 1.51662
v  -0.133103 -0.136118 1.46268
v  -0.118684 -0.157437 1.44744
v  -0.121921 -0.171425 1.47242
v  -0.110477 -0.14111 1.43407
v  -0.104758 -0.177812 1.43355
v  -0.0977357 -0.163294 1.41743
v  -0.108638 -0.192027 1.46108
v  -0.091573 -0.199218 1.42169
v  -0.0925121 -0.211175 1.45078
v  -0.0856989 -0.18537 1.40395
v  -0.0769737 -0.219711 1.41261
v  -0.0506451 -0.249063 1.43151
v  -0.0735342 -0.231201 1.43968
v  -0.0668456 -0.239023 1.47474
v  -0.04463 -0.254861 1.46767
v  -0.0869475 -0.222228 1.48413
v  -0.0773709 -0.230352 1.51982
v  -0.0582583 -0.245526 1.51056
v  -0.0921627 -0.211411 1.52995
v  -0.103377 -0.20308 1.49493
v  -0.115009 -0.181659 1.50632
v  -0.0784585 -0.216971 1.56285
v  -0.0651391 -0.236745 1.55378
v  -0.068139 -0.22267 1.59604
v  -0.0587596 -0.211475 1.63752
v  -0.0225176 -0.263372 1.42679
v  -0.153632 0.212465 1.51775
v  -0.145424 0.223945 1.52687
v  -0.14668 0.203347 1.53981
v  -0.134586 0.232867 1.53325
v  -0.13563 0.211292 1.54735
v  -0.122474 0.240561 1.53664
v  -0.123624 0.218012 1.55236
v  -0.110787 0.223878 1.55543
v  -0.126527 0.194378 1.56868
v  -0.1132 0.200445 1.57299
v  -0.0988549 0.205959 1.57596
v  -0.118814 0.176834 1.59336
v  -0.102554 0.183657 1.59688
v  -0.0831091 0.210845 1.57857
v  -0.0848038 0.189217 1.5997
v  -0.0655366 0.215292 1.58095
v  -0.0660207 0.193059 1.60238
v  -0.0446669 0.219444 1.58309
v  -0.0452908 0.196073 1.60433
v  -0.0205024 0.223073 1.58502
v  -0.0212052 0.198724 1.6054
v  -0.0213526 0.247028 1.56595
v  -0.0474971 0.1731 1.62703
v  -0.0231417 0.174789 1.62641
v  -0.0493835 0.150602 1.64939
v  -0.0236556 0.151734 1.64636
v  -0.0471032 0.127216 1.66978
v  -0.0211191 0.128761 1.66449
v  -0.0404218 0.102752 1.68754
v  -0.0161835 0.10548 1.68097
v  -0.0306228 0.0770188 1.70247
v  -0.00937958 0.0816422 1.69617
v  0.000261106 0.0544033 1.70775
v  -0.0176261 0.0493285 1.71127
v  -0.0101504 0.0220107 1.72053
v  0.00571787 0.0254797 1.71849
v  -0.00673607 0.00037298 1.73982
v  0.0081546 0.00372735 1.73978
v  0.00876082 -0.0174191 1.76087
v  -0.0255634 0.0159298 1.72033
v  -0.035067 0.0416854 1.71118
v  -0.0509736 0.0321596 1.70817
v  -0.0667299 0.0598651 1.70063
v  -0.049464 0.0693288 1.70315
v  -0.0792585 0.0896365 1.68645
v  -0.0615029 0.097187 1.68914
v  -0.0690768 0.124396 1.67108
v  -0.0870687 0.118411 1.66772
v  -0.0712326 0.149465 1.64931
v  -0.0893499 0.14508 1.64617
v  -0.105888 0.138589 1.64234
v  -0.0878942 0.168354 1.62256
v  -0.105599 0.162242 1.61949
v  -0.121796 0.154959 1.61614
v  -0.133908 0.16943 1.58809
v  -0.138838 0.188074 1.56235
v  -0.0685948 0.171768 1.62549
v  -0.184559 0.0982426 1.55695
v  -0.157871 0.0895166 1.55909
v  -0.156024 0.0970507 1.57671
v  -0.125149 0.086262 1.58451
v  -0.126887 0.0793426 1.56455
v  -0.128425 0.0876623 1.60385
v  -0.104525 0.0684526 1.61925
v  -0.0866905 0.0366634 1.62945
v  -0.08118 0.0105265 1.62151
v  -0.276745 0.598395 1.03157
v  -0.294237 0.717016 0.953716
v  -0.377134 0.517701 0.933333
v  -0.28612 0.832883 0.875529
v  -0.251158 0.949604 0.794071
v  -0.00652143 0.039385 -1.61024
v  -0.00713607 -0.102352 -1.59695
v  -0.0121519 -0.243254 -1.55599
v  -0.00843577 -0.110831 -1.63322
v  -0.0131104 -0.249711 -1.59406
v  -0.0170033 0.0356406 -1.65767
v  -0.0791937 0.515568 -1.48903
v  -0.200712 0.484961 -1.45023
v  -0.0522762 -0.197101 1.64361
v  -0.0595206 -0.20677 1.65818

# 2195 UV coordinates
vt 0.0600701 0.481257 0
vt 0.0740203 0.476986 0
vt 0.0886363 0.477636 0
vt 0.0814577 0.488732 0
vt 0.0738772 0.467841 0
vt 0.0589245 0.467097 0
vt 0.0570856 0.595926 0
vt 0.0527464 0.589059 0
vt 0.0610167 0.586965 0
vt 0.0617555 0.591465 0
vt 0.0686605 0.593894 0
vt 0.0646213 0.601056 0
vt 0.070173 0.586779 0
vt 0.0907216 0.643423 0
vt 0.109148 0.655397 0
vt 0.104526 0.661438 0
vt 0.0981384 0.654505 0
vt 0.0855708 0.652724 0
vt 0.0799334 0.64211 0
vt 0.241209 0.720385 0
vt 0.246346 0.724354 0
vt 0.257382 0.739433 0
vt 0.253002 0.736804 0
vt 0.231856 0.70912 0
vt 0.246051 0.730116 0
vt 0.237921 0.736263 0
vt 0.222376 0.717734 0
vt 0.213927 0.689426 0
vt 0.207127 0.701257 0
vt 0.221237 0.677109 0
vt 0.233678 0.691534 0
vt 0.238596 0.704466 0
vt 0.24375 0.71049 0
vt 0.24659 0.70135 0
vt 0.240498 0.69474 0
vt 0.250891 0.692242 0
vt 0.252095 0.697264 0
vt 0.229813 0.665597 0
vt 0.241774 0.683798 0
vt 0.251526 0.667765 0
vt 0.263738 0.677082 0
vt 0.256643 0.687879 0
vt 0.237988 0.653799 0
vt 0.258248 0.729101 0
vt 0.266516 0.727752 0
vt 0.272818 0.732118 0
vt 0.268759 0.737883 0
vt 0.2649 0.720719 0
vt 0.275216 0.723982 0
vt 0.256215 0.718216 0
vt 0.252847 0.699421 0
vt 0.258811 0.701626 0
vt 0.258046 0.709481 0
vt 0.249636 0.705526 0
vt 0.258805 0.695633 0
vt 0.274626 0.706699 0
vt 0.272529 0.706634 0
vt 0.265215 0.703131 0
vt 0.266915 0.699183 0
vt 0.274624 0.714436 0
vt 0.281401 0.71565 0
vt 0.265858 0.712019 0
vt 0.295216 0.728608 0
vt 0.310846 0.738285 0
vt 0.30746 0.748313 0
vt 0.295568 0.738998 0
vt 0.284951 0.716804 0
vt 0.288387 0.727389 0
vt 0.284988 0.72664 0
vt 0.277185 0.70492 0
vt 0.305697 0.719456 0
vt 0.315589 0.730147 0
vt 0.28689 0.715048 0
vt 0.29664 0.707702 0
vt 0.313126 0.6055 0
vt 0.30319 0.599706 0
vt 0.300425 0.586742 0
vt 0.318351 0.591121 0
vt 0.305146 0.618226 0
vt 0.294891 0.606213 0
vt 0.285499 0.592738 0
vt 0.192085 0.974028 0
vt 0.204753 0.963471 0
vt 0.21498 0.971417 0
vt 0.203216 0.979831 0
vt 0.18677 0.960945 0
vt 0.17656 0.979369 0
vt 0.17101 0.969621 0
vt 0.19914 0.951561 0
vt 0.184798 0.990964 0
vt 0.176654 0.991562 0
vt 0.193291 0.991615 0
vt 0.308016 0.890084 0
vt 0.318838 0.893269 0
vt 0.316777 0.906772 0
vt 0.31015 0.903157 0
vt 0.306387 0.884797 0
vt 0.311156 0.877347 0
vt 0.3409 0.845972 0
vt 0.341912 0.817608 0
vt 0.343895 0.824032 0
vt 0.343222 0.835884 0
vt 0.33654 0.819217 0
vt 0.338419 0.848141 0
vt 0.333257 0.828785 0
vt 0.340501 0.812045 0
vt 0.0171893 0.669798 0
vt 0.0192905 0.674143 0
vt 0.0180334 0.674231 0
vt 0.0168735 0.674734 0
vt 0.374567 0.823955 0
vt 0.380193 0.780517 0
vt 0.393889 0.776084 0
vt 0.390701 0.809279 0
vt 0.366359 0.797701 0
vt 0.374695 0.784263 0
vt 0.367166 0.841038 0
vt 0.359671 0.808389 0
vt 0.409132 0.760531 0
vt 0.421347 0.760203 0
vt 0.43706 0.787143 0
vt 0.414065 0.797419 0
vt 0.425128 0.72004 0
vt 0.408872 0.739573 0
vt 0.678296 0.939403 0
vt 0.665049 0.943798 0
vt 0.647607 0.945547 0
vt 0.65512 0.932175 0
vt 0.656557 0.920862 0
vt 0.685271 0.912022 0
vt 0.638084 0.910853 0
vt 0.63834 0.926788 0
vt 0.664655 0.898722 0
vt 0.626313 0.938797 0
vt 0.606486 0.933213 0
vt 0.599085 0.902264 0
vt 0.627804 0.891636 0
vt 0.576862 0.941121 0
vt 0.571077 0.913145 0
vt 0.625826 0.875394 0
vt 0.61442 0.855444 0
vt 0.628733 0.832856 0
vt 0.649857 0.852868 0
vt 0.596018 0.887097 0
vt 0.592862 0.856873 0
vt 0.598389 0.82948 0
vt 0.546434 0.866224 0
vt 0.563247 0.89209 0
vt 0.554357 0.827894 0
vt 0.535816 0.904865 0
vt 0.520729 0.889923 0
vt 0.495382 0.866065 0
vt 0.50666 0.844834 0
vt 0.512268 0.829768 0
vt 0.609192 0.800746 0
vt 0.647995 0.803572 0
vt 0.242762 0.159764 0
vt 0.211716 0.171913 0
vt 0.196725 0.125026 0
vt 0.223815 0.115887 0
vt 0.68729 0.779398 0
vt 0.700335 0.800615 0
vt 0.667887 0.82212 0
vt 0.244882 0.197583 0
vt 0.222568 0.202197 0
vt 0.257649 0.217597 0
vt 0.238368 0.221342 0
vt 0.579884 0.803173 0
vt 0.541353 0.807297 0
vt 0.559285 0.790015 0
vt 0.262029 0.234813 0
vt 0.250712 0.235449 0
vt 0.519654 0.809863 0
vt 0.500604 0.793468 0
vt 0.522603 0.774246 0
vt 0.486289 0.811841 0
vt 0.189559 0.194285 0
vt 0.182241 0.242003 0
vt 0.163921 0.239926 0
vt 0.167728 0.199203 0
vt 0.210942 0.217517 0
vt 0.20064 0.246861 0
vt 0.908316 0.777415 0
vt 0.929576 0.760358 0
vt 0.949298 0.769663 0
vt 0.927111 0.799593 0
vt 0.928891 0.73564 0
vt 0.959031 0.734179 0
vt 0.897498 0.746285 0
vt 0.947524 0.157673 0
vt 0.956421 0.152588 0
vt 0.963891 0.156652 0
vt 0.953765 0.1672 0
vt 0.941848 0.146123 0
vt 0.951583 0.142203 0
vt 0.963018 0.13848 0
vt 0.472786 0.793187 0
vt 0.456762 0.793303 0
vt 0.460512 0.75528 0
vt 0.479352 0.772963 0
vt 0.474163 0.827061 0
vt 0.986654 0.0651091 0
vt 0.978974 0.0637676 0
vt 0.971818 0.0589286 0
vt 0.980198 0.0509191 0
vt 0.978964 0.080685 0
vt 0.970011 0.0735922 0
vt 0.963605 0.0673864 0
vt 0.146217 0.146114 0
vt 0.134521 0.157777 0
vt 0.116501 0.155617 0
vt 0.119944 0.136452 0
vt 0.143142 0.173366 0
vt 0.119985 0.17304 0
vt 0.163376 0.164389 0
vt 0.49374 0.751777 0
vt 0.487137 0.729777 0
vt 0.491687 0.706075 0
vt 0.5134 0.732581 0
vt 0.46315 0.717324 0
vt 0.916916 0.110745 0
vt 0.924564 0.111353 0
vt 0.928708 0.117991 0
vt 0.916857 0.123562 0
vt 0.929073 0.104519 0
vt 0.938438 0.110974 0
vt 0.918789 0.100834 0
vt 0.947576 0.0898852 0
vt 0.944874 0.101807 0
vt 0.93211 0.0967753 0
vt 0.937464 0.0875782 0
vt 0.956206 0.0851535 0
vt 0.951138 0.0774437 0
vt 0.140748 0.412769 0
vt 0.132763 0.413118 0
vt 0.128864 0.401306 0
vt 0.135169 0.399939 0
vt 0.12705 0.40277 0
vt 0.129059 0.408992 0
vt 0.127082 0.417783 0
vt 0.121798 0.404668 0
vt 0.848117 0.702846 0
vt 0.833174 0.677777 0
vt 0.876241 0.653852 0
vt 0.884092 0.681019 0
vt 0.813717 0.729724 0
vt 0.80148 0.71666 0
vt 0.784287 0.704293 0
vt 0.790359 0.66937 0
vt 0.836363 0.642992 0
vt 0.864546 0.635277 0
vt 0.796875 0.639158 0
vt 0.117862 0.381649 0
vt 0.122853 0.37888 0
vt 0.128916 0.377637 0
vt 0.0498559 0.27089 0
vt 0.0660396 0.279945 0
vt 0.0539826 0.28716 0
vt 0.0473796 0.279508 0
vt 0.0368933 0.256197 0
vt 0.0391577 0.272597 0
vt 0.050081 0.253392 0
vt 0.0923222 0.0501684 0
vt 0.0762034 0.0879855 0
vt 0.0418002 0.0861115 0
vt 0.0567993 0.0485078 0
vt 0.104189 0.0982237 0
vt 0.0895819 0.130091 0
vt 0.0658274 0.118386 0
vt 0.123503 0.0599055 0
vt 0.0704844 0.169303 0
vt 0.0659835 0.14524 0
vt 0.090785 0.159515 0
vt 0.0463319 0.178679 0
vt 0.0551937 0.148157 0
vt 0.012181 0.254116 0
vt 0.0196574 0.247742 0
vt 0.521791 0.660654 0
vt 0.529559 0.609445 0
vt 0.564857 0.610826 0
vt 0.568717 0.633315 0
vt 0.493133 0.658202 0
vt 0.498834 0.605866 0
vt 0.02989 0.14509 0
vt 0.0336102 0.115288 0
vt 0.0307905 0.182742 0
vt 0.88415 0.610396 0
vt 0.911357 0.621098 0
vt 0.844819 0.611705 0
vt 0.921434 0.664331 0
vt 0.952082 0.609671 0
vt 0.957753 0.654209 0
vt 0.91613 0.56692 0
vt 0.944768 0.560559 0
vt 0.887331 0.570585 0
vt 0.865144 0.398501 0
vt 0.848711 0.386366 0
vt 0.866223 0.362567 0
vt 0.882575 0.370176 0
vt 0.82402 0.410304 0
vt 0.832461 0.39058 0
vt 0.802134 0.0585131 0
vt 0.79772 0.0643214 0
vt 0.790629 0.0652826 0
vt 0.793957 0.0535065 0
vt 0.803092 0.0725255 0
vt 0.796932 0.0793026 0
vt 0.809387 0.0661971 0
vt 0.805808 0.140174 0
vt 0.811795 0.129639 0
vt 0.819384 0.134463 0
vt 0.813236 0.143211 0
vt 0.800725 0.140565 0
vt 0.803397 0.125802 0
vt 0.807263 0.150551 0
vt 0.835465 0.371705 0
vt 0.818883 0.355503 0
vt 0.854501 0.335999 0
vt 0.799906 0.389401 0
vt 0.913343 0.35179 0
vt 0.902486 0.320656 0
vt 0.92391 0.310533 0
vt 0.929111 0.330458 0
vt 0.912151 0.377452 0
vt 0.935443 0.380154 0
vt 0.890687 0.357141 0
vt 0.881037 0.340844 0
vt 0.868417 0.31352 0
vt 0.317071 0.24747 0
vt 0.325158 0.268474 0
vt 0.297199 0.279353 0
vt 0.291333 0.256858 0
vt 0.31504 0.229183 0
vt 0.292209 0.234791 0
vt 0.342961 0.253186 0
vt 0.842998 0.066496 0
vt 0.835589 0.0813476 0
vt 0.819719 0.0742668 0
vt 0.829062 0.0645546 0
vt 0.854688 0.0608278 0
vt 0.849456 0.0512391 0
vt 0.859872 0.0708953 0
vt 0.880318 0.285155 0
vt 0.901656 0.296555 0
vt 0.851188 0.122311 0
vt 0.840626 0.130134 0
vt 0.83006 0.123188 0
vt 0.841849 0.111179 0
vt 0.834629 0.320454 0
vt 0.821188 0.331787 0
vt 0.788833 0.330218 0
vt 0.802968 0.315872 0
vt 0.794336 0.345775 0
vt 0.313129 0.201035 0
vt 0.291058 0.205778 0
vt 0.342697 0.190215 0
vt 0.351988 0.22831 0
vt 0.326981 0.176914 0
vt 0.35552 0.187894 0
vt 0.362856 0.215604 0
vt 0.328628 0.282998 0
vt 0.313728 0.302535 0
vt 0.3568 0.271725 0
vt 0.344693 0.300063 0
vt 0.557093 0.286408 0
vt 0.582032 0.305132 0
vt 0.570892 0.323447 0
vt 0.544766 0.312523 0
vt 0.29217 0.183202 0
vt 0.278191 0.154449 0
vt 0.296077 0.140582 0
vt 0.312496 0.166841 0
vt 0.524977 0.306341 0
vt 0.528251 0.279013 0
vt 0.541626 0.273321 0
vt 0.530828 0.246387 0
vt 0.563765 0.240835 0
vt 0.577215 0.267134 0
vt 0.807554 0.300714 0
vt 0.836181 0.291919 0
vt 0.377705 0.431464 0
vt 0.355088 0.42294 0
vt 0.339017 0.40254 0
vt 0.369904 0.394645 0
vt 0.371991 0.218736 0
vt 0.370277 0.182238 0
vt 0.372363 0.247894 0
vt 0.80456 0.265185 0
vt 0.824826 0.238841 0
vt 0.853602 0.261228 0
vt 0.78136 0.281951 0
vt 0.395184 0.380742 0
vt 0.41872 0.372268 0
vt 0.435 0.384936 0
vt 0.406636 0.408927 0
vt 0.423607 0.34788 0
vt 0.391775 0.344613 0
vt 0.455181 0.35496 0
vt 0.637731 0.225689 0
vt 0.645217 0.240993 0
vt 0.628098 0.260265 0
vt 0.6134 0.247964 0
vt 0.664039 0.213935 0
vt 0.665931 0.237213 0
vt 0.4899 0.225614 0
vt 0.505683 0.246125 0
vt 0.50366 0.267111 0
vt 0.477095 0.236015 0
vt 0.519178 0.309728 0
vt 0.492765 0.316522 0
vt 0.483775 0.277258 0
vt 0.697889 0.192353 0
vt 0.700334 0.210092 0
vt 0.462972 0.242334 0
vt 0.585281 0.191785 0
vt 0.55645 0.208119 0
vt 0.555541 0.206905 0
vt 0.581719 0.182386 0
vt 0.589894 0.202941 0
vt 0.556531 0.215343 0
vt 0.0664934 0.630812 0
vt 0.063652 0.636323 0
vt 0.0443591 0.627048 0
vt 0.0490142 0.620802 0
vt 0.0727758 0.644627 0
vt 0.067896 0.647521 0
vt 0.079704 0.634672 0
vt 0.292201 0.564378 0
vt 0.301554 0.545117 0
vt 0.323473 0.553993 0
vt 0.31582 0.568971 0
vt 0.273612 0.549799 0
vt 0.280273 0.535398 0
vt 0.254856 0.565693 0
vt 0.272677 0.579583 0
vt 0.264263 0.590446 0
vt 0.248453 0.576317 0
vt 0.296338 0.573992 0
vt 0.276446 0.603904 0
vt 0.0146038 0.665568 0
vt 0.0138255 0.665404 0
vt 0.0161616 0.664107 0
vt 0.0160237 0.664869 0
vt 0.0170768 0.664379 0
vt 0.0167344 0.665003 0
vt 0.0162767 0.665867 0
vt 0.436438 0.571729 0
vt 0.445303 0.56807 0
vt 0.444487 0.593435 0
vt 0.434108 0.587725 0
vt 0.430942 0.562025 0
vt 0.421856 0.579699 0
vt 0.437424 0.548503 0
vt 0.568682 0.975507 0
vt 0.56976 0.970802 0
vt 0.580505 0.971041 0
vt 0.57574 0.97737 0
vt 0.561077 0.96792 0
vt 0.55871 0.973991 0
vt 0.578382 0.966787 0
vt 0.714985 0.199161 0
vt 0.740447 0.229578 0
vt 0.705226 0.234339 0
vt 0.70949 0.18478 0
vt 0.747357 0.202958 0
vt 0.204653 0.512661 0
vt 0.223272 0.517603 0
vt 0.227692 0.529763 0
vt 0.201198 0.523576 0
vt 0.138871 0.52308 0
vt 0.128964 0.507625 0
vt 0.148761 0.504552 0
vt 0.142262 0.51451 0
vt 0.1505 0.975186 0
vt 0.164175 0.981871 0
vt 0.144841 0.985096 0
vt 0.154919 0.985383 0
vt 0.130681 0.975841 0
vt 0.133116 0.985166 0
vt 0.122323 0.495505 0
vt 0.116498 0.48244 0
vt 0.137565 0.484348 0
vt 0.130907 0.496683 0
vt 0.119043 0.503412 0
vt 0.105781 0.492749 0
vt 0.235404 0.510769 0
vt 0.208929 0.501704 0
vt 0.213365 0.490874 0
vt 0.180906 0.496396 0
vt 0.18549 0.487093 0
vt 0.176854 0.509446 0
vt 0.239729 0.494113 0
vt 0.24384 0.481857 0
vt 0.216793 0.479755 0
vt 0.265865 0.499956 0
vt 0.260349 0.512797 0
vt 0.271244 0.48671 0
vt 0.27497 0.473613 0
vt 0.248119 0.470199 0
vt 0.296518 0.490692 0
vt 0.291147 0.50566 0
vt 0.300501 0.475349 0
vt 0.30328 0.459537 0
vt 0.277844 0.458734 0
vt 0.325467 0.479941 0
vt 0.320669 0.496436 0
vt 0.329265 0.462564 0
vt 0.332496 0.445825 0
vt 0.305095 0.443369 0
vt 0.354421 0.46886 0
vt 0.349884 0.487206 0
vt 0.359439 0.451066 0
vt 0.364946 0.43258 0
vt 0.335582 0.429946 0
vt 0.38469 0.457384 0
vt 0.379308 0.47668 0
vt 0.391321 0.436484 0
vt 0.414774 0.441626 0
vt 0.408028 0.463211 0
vt 0.434384 0.44733 0
vt 0.427017 0.468796 0
vt 0.449801 0.453696 0
vt 0.44131 0.476773 0
vt 0.462913 0.460597 0
vt 0.453884 0.490665 0
vt 0.434684 0.498575 0
vt 0.421394 0.489235 0
vt 0.447702 0.516412 0
vt 0.429178 0.520677 0
vt 0.415405 0.511568 0
vt 0.443088 0.534231 0
vt 0.424618 0.537332 0
vt 0.57944 0.978091 0
vt 0.583965 0.972354 0
vt 0.587762 0.97431 0
vt 0.582921 0.979065 0
vt 0.596123 0.972538 0
vt 0.596362 0.976668 0
vt 0.594998 0.968607 0
vt 0.611999 0.966282 0
vt 0.610362 0.970928 0
vt 0.593796 0.963194 0
vt 0.615775 0.960677 0
vt 0.59917 0.951816 0
vt 0.621258 0.952926 0
vt 0.57853 0.957532 0
vt 0.559529 0.961372 0
vt 0.554734 0.949409 0
vt 0.544641 0.924501 0
vt 0.639155 0.954165 0
vt 0.632139 0.960095 0
vt 0.402344 0.677833 0
vt 0.412698 0.696644 0
vt 0.402073 0.720672 0
vt 0.393027 0.703335 0
vt 0.394231 0.731725 0
vt 0.386286 0.717331 0
vt 0.399529 0.745998 0
vt 0.392305 0.753825 0
vt 0.388186 0.738147 0
vt 0.402184 0.768304 0
vt 0.403499 0.804121 0
vt 0.405526 0.872362 0
vt 0.390287 0.879037 0
vt 0.423615 0.866412 0
vt 0.422031 0.939258 0
vt 0.408466 0.943001 0
vt 0.444262 0.861126 0
vt 0.439719 0.934931 0
vt 0.736515 0.961133 0
vt 0.709828 0.945047 0
vt 0.715245 0.931108 0
vt 0.741308 0.949547 0
vt 0.73383 0.904285 0
vt 0.758333 0.92767 0
vt 0.712338 0.882948 0
vt 0.737362 0.850601 0
vt 0.76101 0.877228 0
vt 0.694865 0.863147 0
vt 0.716354 0.827207 0
vt 0.679056 0.839349 0
vt 0.705539 0.811422 0
vt 0.657095 0.873682 0
vt 0.739136 0.789749 0
vt 0.748389 0.800842 0
vt 0.732864 0.780364 0
vt 0.76261 0.748681 0
vt 0.773139 0.757282 0
vt 0.716076 0.759644 0
vt 0.752302 0.733859 0
vt 0.168188 0.0464148 0
vt 0.202804 0.0804358 0
vt 0.177497 0.106326 0
vt 0.145221 0.0649723 0
vt 0.15696 0.13347 0
vt 0.130653 0.113587 0
vt 0.177995 0.154335 0
vt 0.779259 0.769299 0
vt 0.819973 0.746788 0
vt 0.825918 0.773563 0
vt 0.793779 0.794152 0
vt 0.85609 0.727135 0
vt 0.864875 0.762021 0
vt 0.892256 0.711091 0
vt 0.926345 0.700658 0
vt 0.961267 0.694146 0
vt 0.991942 0.694391 0
vt 0.987156 0.739609 0
vt 0.993514 0.644441 0
vt 0.989331 0.599922 0
vt 0.979908 0.550262 0
vt 0.967875 0.505297 0
vt 0.934484 0.513426 0
vt 0.92194 0.470091 0
vt 0.952931 0.462373 0
vt 0.908084 0.518808 0
vt 0.89573 0.480132 0
vt 0.876174 0.531558 0
vt 0.864654 0.495463 0
vt 0.84421 0.544014 0
vt 0.837059 0.507496 0
vt 0.848761 0.577615 0
vt 0.808449 0.580426 0
vt 0.808996 0.549646 0
vt 0.80401 0.608976 0
vt 0.769092 0.608439 0
vt 0.771109 0.579625 0
vt 0.0216011 0.0471252 0
vt 0.0264509 0.00934311 0
vt 0.0603839 0.0105326 0
vt 0.736418 0.604338 0
vt 0.735142 0.576782 0
vt 0.0145144 0.0828707 0
vt 0.706811 0.603597 0
vt 0.702733 0.579269 0
vt 0.0122141 0.116499 0
vt 0.676985 0.605828 0
vt 0.672095 0.585442 0
vt 0.0148728 0.148877 0
vt 0.641616 0.607425 0
vt 0.639515 0.596129 0
vt 0.0169852 0.18348 0
vt 0.609441 0.627381 0
vt 0.605219 0.615441 0
vt 0.0355242 0.21932 0
vt 0.0235366 0.217739 0
vt 0.0516306 0.211332 0
vt 0.0612145 0.245101 0
vt 0.0714497 0.19641 0
vt 0.0756911 0.233172 0
vt 0.0761566 0.276226 0
vt 0.0876092 0.268058 0
vt 0.108364 0.208868 0
vt 0.112922 0.25207 0
vt 0.103877 0.295032 0
vt 0.0902938 0.300944 0
vt 0.11949 0.289794 0
vt 0.130771 0.24603 0
vt 0.136596 0.285227 0
vt 0.127681 0.319886 0
vt 0.116371 0.321681 0
vt 0.138966 0.3184 0
vt 0.151056 0.281934 0
vt 0.150149 0.317117 0
vt 0.139824 0.347362 0
vt 0.131374 0.347642 0
vt 0.148365 0.347686 0
vt 0.161325 0.316261 0
vt 0.15676 0.348665 0
vt 0.146771 0.376282 0
vt 0.140474 0.376837 0
vt 0.15355 0.376367 0
vt 0.165016 0.350137 0
vt 0.160417 0.377225 0
vt 0.152613 0.394322 0
vt 0.147168 0.395504 0
vt 0.157793 0.394768 0
vt 0.167301 0.378761 0
vt 0.163198 0.396389 0
vt 0.155799 0.407532 0
vt 0.153201 0.408009 0
vt 0.158145 0.409316 0
vt 0.161703 0.412784 0
vt 0.168422 0.399556 0
vt 0.914827 0.170034 0
vt 0.914057 0.162371 0
vt 0.930917 0.15999 0
vt 0.933026 0.170034 0
vt 0.911062 0.152287 0
vt 0.928342 0.150778 0
vt 0.908624 0.140794 0
vt 0.923755 0.137975 0
vt 0.933564 0.13078 0
vt 0.945351 0.125337 0
vt 0.956502 0.118683 0
vt 0.964381 0.0941545 0
vt 0.166363 0.415931 0
vt 0.173692 0.402816 0
vt 0.178938 0.405939 0
vt 0.171826 0.419022 0
vt 0.903472 0.124227 0
vt 0.180046 0.384692 0
vt 0.185825 0.387549 0
vt 0.173929 0.38152 0
vt 0.18063 0.353155 0
vt 0.187702 0.356195 0
vt 0.173149 0.351376 0
vt 0.181324 0.318644 0
vt 0.191269 0.32209 0
vt 0.171958 0.31614 0
vt 0.177271 0.280407 0
vt 0.191375 0.282659 0
vt 0.164659 0.279061 0
vt 0.145104 0.242702 0
vt 0.144764 0.202398 0
vt 0.125853 0.20521 0
vt 0.0965239 0.180245 0
vt 0.202752 0.287855 0
vt 0.216301 0.253681 0
vt 0.230515 0.262798 0
vt 0.228621 0.227301 0
vt 0.242272 0.247798 0
vt 0.216145 0.294223 0
vt 0.232357 0.300775 0
vt 0.246336 0.279992 0
vt 0.200691 0.327588 0
vt 0.209203 0.332983 0
vt 0.216983 0.33835 0
vt 0.243985 0.315979 0
vt 0.194555 0.359427 0
vt 0.201104 0.362256 0
vt 0.102637 0.357545 0
vt 0.0972208 0.361656 0
vt 0.0781221 0.340697 0
vt 0.0855593 0.334014 0
vt 0.191821 0.389555 0
vt 0.112743 0.384778 0
vt 0.107167 0.387948 0
vt 0.10915 0.354109 0
vt 0.115833 0.406929 0
vt 0.184716 0.409037 0
vt 0.177715 0.42203 0
vt 0.120942 0.42123 0
vt 0.903807 0.105697 0
vt 0.906023 0.0945047 0
vt 0.116053 0.35119 0
vt 0.0948815 0.328691 0
vt 0.105114 0.324466 0
vt 0.0788282 0.306807 0
vt 0.064239 0.31046 0
vt 0.0499833 0.316815 0
vt 0.0354134 0.29474 0
vt 0.0236335 0.290392 0
vt 0.264653 0.305675 0
vt 0.257538 0.268663 0
vt 0.275013 0.298005 0
vt 0.262602 0.265348 0
vt 0.279033 0.296248 0
vt 0.274594 0.260854 0
vt 0.294306 0.29188 0
vt 0.536057 0.764731 0
vt 0.0182159 0.275178 0
vt 0.0167209 0.273444 0
vt 0.123682 0.349041 0
vt 0.134803 0.377002 0
vt 0.141368 0.397462 0
vt 0.146752 0.411912 0
vt 0.150387 0.409872 0
vt 0.926847 0.0653268 0
vt 0.933742 0.0556516 0
vt 0.950389 0.0605338 0
vt 0.941131 0.0702659 0
vt 0.939107 0.046702 0
vt 0.95695 0.0516974 0
vt 0.961815 0.042915 0
vt 0.943056 0.0389338 0
vt 0.930822 0.0812442 0
vt 0.917976 0.0753023 0
vt 0.922272 0.0909775 0
vt 0.907838 0.0839301 0
vt 0.0114262 0.217533 0
vt 0.601191 0.59708 0
vt 0.636292 0.580899 0
vt 0.594605 0.560935 0
vt 0.628254 0.549649 0
vt 0.562481 0.565677 0
vt 0.562409 0.504038 0
vt 0.591555 0.504712 0
vt 0.530988 0.561115 0
vt 0.534734 0.50171 0
vt 0.498731 0.552964 0
vt 0.50207 0.497397 0
vt 0.461877 0.544148 0
vt 0.462529 0.492619 0
vt 0.468103 0.601129 0
vt 0.460458 0.649122 0
vt 0.433257 0.753814 0
vt 0.428118 0.721763 0
vt 0.440566 0.787363 0
vt 0.463423 0.839223 0
vt 0.470291 0.437902 0
vt 0.506161 0.440696 0
vt 0.488408 0.382711 0
vt 0.520278 0.384874 0
vt 0.512963 0.337376 0
vt 0.536277 0.342569 0
vt 0.563285 0.348685 0
vt 0.548999 0.386022 0
vt 0.599636 0.364009 0
vt 0.582696 0.394025 0
vt 0.604922 0.341212 0
vt 0.637911 0.378406 0
vt 0.620531 0.406686 0
vt 0.636073 0.348277 0
vt 0.658025 0.381879 0
vt 0.652174 0.41469 0
vt 0.660129 0.354741 0
vt 0.678967 0.38261 0
vt 0.670976 0.418583 0
vt 0.68407 0.351647 0
vt 0.70865 0.384443 0
vt 0.696159 0.422793 0
vt 0.70647 0.337751 0
vt 0.744244 0.384311 0
vt 0.735051 0.423067 0
vt 0.751321 0.348004 0
vt 0.777462 0.383043 0
vt 0.317548 0.400696 0
vt 0.3112 0.353292 0
vt 0.340914 0.348295 0
vt 0.369661 0.345695 0
vt 0.375563 0.305963 0
vt 0.397213 0.313882 0
vt 0.384022 0.278338 0
vt 0.402601 0.281485 0
vt 0.388201 0.24893 0
vt 0.403931 0.248812 0
vt 0.386552 0.217727 0
vt 0.400207 0.214426 0
vt 0.383688 0.178253 0
vt 0.398521 0.176597 0
vt 0.38968 0.140238 0
vt 0.403716 0.138829 0
vt 0.375081 0.139452 0
vt 0.36221 0.137079 0
vt 0.38421 0.104542 0
vt 0.393974 0.10557 0
vt 0.374882 0.102837 0
vt 0.352492 0.136786 0
vt 0.365788 0.0991015 0
vt 0.381735 0.0692664 0
vt 0.389416 0.0706479 0
vt 0.374148 0.0667454 0
vt 0.367048 0.0636672 0
vt 0.356635 0.0946992 0
vt 0.380395 0.0351999 0
vt 0.385621 0.0368685 0
vt 0.375464 0.0325588 0
vt 0.370536 0.029828 0
vt 0.360208 0.0602804 0
vt 0.381889 0.0112281 0
vt 0.385519 0.0145132 0
vt 0.377018 0.00726529 0
vt 0.838585 0.0355614 0
vt 0.84356 0.042283 0
vt 0.822126 0.0560238 0
vt 0.81619 0.0487364 0
vt 0.810733 0.0411626 0
vt 0.835389 0.0301052 0
vt 0.826153 0.15948 0
vt 0.830283 0.150965 0
vt 0.857041 0.155016 0
vt 0.854592 0.162665 0
vt 0.834771 0.141438 0
vt 0.860206 0.145598 0
vt 0.863053 0.134402 0
vt 0.39854 0.0124113 0
vt 0.402435 0.0353213 0
vt 0.396859 0.0368103 0
vt 0.39418 0.0141071 0
vt 0.40393 0.0109807 0
vt 0.408199 0.0338731 0
vt 0.864747 0.123078 0
vt 0.409546 0.00901951 0
vt 0.41402 0.0325566 0
vt 0.865783 0.111581 0
vt 0.415479 0.00713892 0
vt 0.41988 0.0309418 0
vt 0.863294 0.100114 0
vt 0.840787 0.10516 0
vt 0.836569 0.0966333 0
vt 0.861952 0.0916515 0
vt 0.822301 0.116126 0
vt 0.814775 0.109355 0
vt 0.813007 0.0919353 0
vt 0.815301 0.0823255 0
vt 0.835537 0.0880196 0
vt 0.861506 0.0825768 0
vt 0.421418 0.00615478 0
vt 0.427996 0.00570047 0
vt 0.431785 0.0291909 0
vt 0.425882 0.0298665 0
vt 0.434994 0.00507912 0
vt 0.437551 0.0287907 0
vt 0.446428 0.0619376 0
vt 0.439243 0.0633832 0
vt 0.443081 0.0281821 0
vt 0.453504 0.0598568 0
vt 0.442417 0.0044471 0
vt 0.36541 0.0277659 0
vt 0.353195 0.0574034 0
vt 0.370415 0.00432595 0
vt 0.467458 0.0901567 0
vt 0.459541 0.094675 0
vt 0.348091 0.0904016 0
vt 0.34089 0.0863681 0
vt 0.332291 0.12354 0
vt 0.320012 0.11249 0
vt 0.342597 0.130988 0
vt 0.479499 0.122005 0
vt 0.492917 0.113194 0
vt 0.517501 0.138911 0
vt 0.496404 0.151799 0
vt 0.46573 0.128042 0
vt 0.480343 0.156793 0
vt 0.450754 0.0978692 0
vt 0.441667 0.101039 0
vt 0.452023 0.132766 0
vt 0.432023 0.0640067 0
vt 0.431747 0.103825 0
vt 0.424919 0.0642003 0
vt 0.44028 0.137354 0
vt 0.428378 0.139185 0
vt 0.423076 0.105546 0
vt 0.417874 0.0664979 0
vt 0.411301 0.0687821 0
vt 0.413644 0.105843 0
vt 0.416266 0.139199 0
vt 0.403987 0.105774 0
vt 0.404318 0.0704165 0
vt 0.396932 0.0710524 0
vt 0.391159 0.0374175 0
vt 0.391126 0.0156604 0
vt 0.388393 0.0159263 0
vt 0.414018 0.17453 0
vt 0.429775 0.172857 0
vt 0.434256 0.208691 0
vt 0.416582 0.211859 0
vt 0.443654 0.170429 0
vt 0.449673 0.204952 0
vt 0.462421 0.162597 0
vt 0.463154 0.198229 0
vt 0.481367 0.190139 0
vt 0.446 0.246162 0
vt 0.423729 0.248226 0
vt 0.460666 0.28181 0
vt 0.429875 0.283901 0
vt 0.464886 0.318531 0
vt 0.429692 0.318086 0
vt 0.490831 0.3569 0
vt 0.766498 0.420337 0
vt 0.794862 0.416956 0
vt 0.797236 0.448182 0
vt 0.825675 0.435948 0
vt 0.76643 0.454482 0
vt 0.768962 0.487471 0
vt 0.801505 0.481306 0
vt 0.73065 0.458556 0
vt 0.730373 0.4896 0
vt 0.771886 0.519219 0
vt 0.732888 0.519803 0
vt 0.687301 0.492733 0
vt 0.687574 0.460171 0
vt 0.693524 0.523113 0
vt 0.733998 0.549222 0
vt 0.699273 0.553722 0
vt 0.660216 0.533735 0
vt 0.650037 0.497188 0
vt 0.66889 0.567837 0
vt 0.620801 0.502341 0
vt 0.633201 0.454696 0
vt 0.655966 0.457789 0
vt 0.601738 0.449665 0
vt 0.568242 0.444045 0
vt 0.537691 0.441177 0
vt 0.771697 0.550309 0
vt 0.806064 0.51595 0
vt 0.830445 0.471286 0
vt 0.861369 0.455023 0
vt 0.866567 0.417982 0
vt 0.886056 0.408283 0
vt 0.889064 0.44377 0
vt 0.910663 0.431305 0
vt 0.940858 0.421516 0
vt 0.979335 0.7726 0
vt 0.957657 0.81829 0
vt 0.934175 0.851373 0
vt 0.900162 0.823695 0
vt 0.906769 0.879783 0
vt 0.8718 0.845847 0
vt 0.876331 0.903521 0
vt 0.843195 0.86672 0
vt 0.844641 0.922964 0
vt 0.81489 0.886401 0
vt 0.811594 0.938604 0
vt 0.788095 0.906969 0
vt 0.777566 0.951963 0
vt 0.75518 0.965823 0
vt 0.746307 0.973573 0
vt 0.446328 0.970431 0
vt 0.430241 0.975214 0
vt 0.425558 0.979264 0
vt 0.422052 0.982585 0
vt 0.405675 0.947725 0
vt 0.419434 0.984947 0
vt 0.403249 0.950715 0
vt 0.411299 0.990083 0
vt 0.40121 0.952593 0
vt 0.399908 0.993394 0
vt 0.395334 0.954693 0
vt 0.387623 0.994948 0
vt 0.388717 0.960061 0
vt 0.374845 0.995053 0
vt 0.380377 0.963155 0
vt 0.36243 0.993705 0
vt 0.370133 0.962533 0
vt 0.351221 0.991358 0
vt 0.35877 0.962339 0
vt 0.370462 0.918278 0
vt 0.372738 0.913824 0
vt 0.365352 0.922553 0
vt 0.351985 0.959331 0
vt 0.362763 0.925418 0
vt 0.355378 0.875934 0
vt 0.356528 0.870749 0
vt 0.353936 0.877515 0
vt 0.357986 0.92609 0
vt 0.35391 0.88182 0
vt 0.346152 0.956555 0
vt 0.338555 0.955016 0
vt 0.351083 0.926841 0
vt 0.352435 0.887633 0
vt 0.343839 0.927964 0
vt 0.347004 0.894937 0
vt 0.339256 0.859845 0
vt 0.339194 0.865498 0
vt 0.32572 0.846694 0
vt 0.328599 0.838483 0
vt 0.337722 0.87079 0
vt 0.324074 0.853799 0
vt 0.342377 0.898488 0
vt 0.337375 0.927996 0
vt 0.331153 0.927658 0
vt 0.337123 0.902375 0
vt 0.335006 0.876098 0
vt 0.322027 0.859904 0
vt 0.331635 0.881197 0
vt 0.319203 0.86538 0
vt 0.329886 0.903788 0
vt 0.324006 0.908777 0
vt 0.325312 0.927224 0
vt 0.318388 0.924889 0
vt 0.326033 0.886966 0
vt 0.315795 0.871136 0
vt 0.303472 0.859198 0
vt 0.307141 0.85303 0
vt 0.299055 0.865482 0
vt 0.28681 0.852784 0
vt 0.291947 0.84609 0
vt 0.293029 0.873066 0
vt 0.280257 0.860499 0
vt 0.285102 0.882343 0
vt 0.272119 0.869617 0
vt 0.297629 0.893625 0
vt 0.287773 0.904653 0
vt 0.275142 0.893469 0
vt 0.299447 0.914103 0
vt 0.286433 0.927679 0
vt 0.275181 0.91759 0
vt 0.309324 0.920666 0
vt 0.296955 0.93615 0
vt 0.305811 0.942095 0
vt 0.290668 0.959753 0
vt 0.281742 0.951778 0
vt 0.313264 0.946255 0
vt 0.298221 0.96593 0
vt 0.319711 0.94926 0
vt 0.304814 0.970768 0
vt 0.325782 0.951605 0
vt 0.311212 0.974962 0
vt 0.331734 0.953345 0
vt 0.317788 0.978723 0
vt 0.324902 0.982202 0
vt 0.332716 0.985455 0
vt 0.341381 0.98852 0
vt 0.271844 0.942298 0
vt 0.260827 0.931181 0
vt 0.249118 0.918762 0
vt 0.262943 0.905621 0
vt 0.236647 0.9048 0
vt 0.250232 0.891847 0
vt 0.22387 0.88955 0
vt 0.237615 0.876786 0
vt 0.211259 0.873824 0
vt 0.225288 0.860841 0
vt 0.199233 0.858106 0
vt 0.213692 0.844623 0
vt 0.187975 0.842488 0
vt 0.202352 0.829064 0
vt 0.17745 0.826834 0
vt 0.191262 0.814084 0
vt 0.167497 0.810782 0
vt 0.180345 0.799235 0
vt 0.158132 0.794233 0
vt 0.169587 0.783879 0
vt 0.148798 0.776811 0
vt 0.158188 0.768596 0
vt 0.138942 0.758155 0
vt 0.147045 0.751872 0
vt 0.129493 0.740679 0
vt 0.136921 0.735076 0
vt 0.120255 0.724964 0
vt 0.12738 0.719335 0
vt 0.11067 0.710326 0
vt 0.117519 0.70415 0
vt 0.100626 0.696279 0
vt 0.10739 0.689146 0
vt 0.0900445 0.682063 0
vt 0.0962347 0.674464 0
vt 0.0777441 0.664645 0
vt 0.0822477 0.658311 0
vt 0.100895 0.668028 0
vt 0.113543 0.682183 0
vt 0.11885 0.675453 0
vt 0.123887 0.668229 0
vt 0.129652 0.690741 0
vt 0.123755 0.697458 0
vt 0.13525 0.683757 0
vt 0.128172 0.661382 0
vt 0.140625 0.676179 0
vt 0.146152 0.698919 0
vt 0.140171 0.706174 0
vt 0.152086 0.690963 0
vt 0.146163 0.668213 0
vt 0.158078 0.682195 0
vt 0.163537 0.704497 0
vt 0.15726 0.71325 0
vt 0.169686 0.695189 0
vt 0.16437 0.672291 0
vt 0.176004 0.684979 0
vt 0.181199 0.708022 0
vt 0.174851 0.717805 0
vt 0.187611 0.697865 0
vt 0.182483 0.673804 0
vt 0.194016 0.686892 0
vt 0.200187 0.711601 0
vt 0.193358 0.721452 0
vt 0.214721 0.726849 0
vt 0.207863 0.73571 0
vt 0.230856 0.743146 0
vt 0.223686 0.751169 0
vt 0.244778 0.760013 0
vt 0.237808 0.767385 0
vt 0.251861 0.753171 0
vt 0.258734 0.748207 0
vt 0.262969 0.769478 0
vt 0.256381 0.776617 0
vt 0.269478 0.763972 0
vt 0.27747 0.75279 0
vt 0.275113 0.759113 0
vt 0.264241 0.749142 0
vt 0.268327 0.746209 0
vt 0.279935 0.778508 0
vt 0.273696 0.784657 0
vt 0.275556 0.760337 0
vt 0.286226 0.773536 0
vt 0.292852 0.768543 0
vt 0.281069 0.756746 0
vt 0.297849 0.788108 0
vt 0.291084 0.793746 0
vt 0.30457 0.782406 0
vt 0.299013 0.763586 0
vt 0.311276 0.776348 0
vt 0.313077 0.798996 0
vt 0.305544 0.805535 0
vt 0.320935 0.791817 0
vt 0.317912 0.769028 0
vt 0.327459 0.784027 0
vt 0.325378 0.805302 0
vt 0.318974 0.812414 0
vt 0.331974 0.796125 0
vt 0.334039 0.772567 0
vt 0.34113 0.785496 0
vt 0.337636 0.807528 0
vt 0.329344 0.816888 0
vt 0.349988 0.797327 0
vt 0.233913 0.956797 0
vt 0.225365 0.963628 0
vt 0.216018 0.953993 0
vt 0.225161 0.945942 0
vt 0.209297 0.942154 0
vt 0.21786 0.934989 0
vt 0.203913 0.929978 0
vt 0.21191 0.923804 0
vt 0.194469 0.938239 0
vt 0.188906 0.928159 0
vt 0.197677 0.920218 0
vt 0.183063 0.947545 0
vt 0.176921 0.937581 0
vt 0.163574 0.958077 0
vt 0.158109 0.947155 0
vt 0.142839 0.963967 0
vt 0.139193 0.951956 0
vt 0.126134 0.963956 0
vt 0.125272 0.952224 0
vt 0.113614 0.9623 0
vt 0.114044 0.950991 0
vt 0.115205 0.974099 0
vt 0.118577 0.984532 0
vt 0.103633 0.972684 0
vt 0.103059 0.961066 0
vt 0.105124 0.982479 0
vt 0.121549 0.990644 0
vt 0.1075 0.989582 0
vt 0.0934867 0.981384 0
vt 0.0936115 0.971111 0
vt 0.0936465 0.989013 0
vt 0.367447 0.783185 0
vt 0.372151 0.772257 0
vt 0.378564 0.767912 0
vt 0.0814585 0.988373 0
vt 0.0834271 0.980292 0
vt 0.360942 0.792297 0
vt 0.0708889 0.987442 0
vt 0.0733111 0.978957 0
vt 0.353885 0.800623 0
vt 0.061046 0.986726 0
vt 0.0637922 0.977248 0
vt 0.354164 0.818087 0
vt 0.351852 0.807435 0
vt 0.362678 0.843555 0
vt 0.350668 0.825324 0
vt 0.348384 0.819036 0
vt 0.358618 0.854391 0
vt 0.37586 0.905689 0
vt 0.356254 0.863399 0
vt 0.377027 0.897299 0
vt 0.348177 0.83242 0
vt 0.347296 0.827821 0
vt 0.345492 0.835657 0
vt 0.34545 0.826459 0
vt 0.0378164 0.986246 0
vt 0.0403747 0.974087 0
vt 0.0477582 0.974775 0
vt 0.0450257 0.986172 0
vt 0.0304342 0.986477 0
vt 0.0328472 0.973742 0
vt 0.035079 0.962314 0
vt 0.0427486 0.962911 0
vt 0.231742 0.923609 0
vt 0.238453 0.933708 0
vt 0.232319 0.939446 0
vt 0.225353 0.929047 0
vt 0.245633 0.944787 0
vt 0.240306 0.950947 0
vt 0.218947 0.918745 0
vt 0.225482 0.914196 0
vt 0.212189 0.909431 0
vt 0.219353 0.905524 0
vt 0.205191 0.914175 0
vt 0.19788 0.905562 0
vt 0.205212 0.901022 0
vt 0.190689 0.911202 0
vt 0.185111 0.902054 0
vt 0.192264 0.896768 0
vt 0.182478 0.91816 0
vt 0.177069 0.908372 0
vt 0.171172 0.927428 0
vt 0.166785 0.916887 0
vt 0.155371 0.936806 0
vt 0.153598 0.926265 0
vt 0.138978 0.940732 0
vt 0.138268 0.929097 0
vt 0.125646 0.940567 0
vt 0.125748 0.929687 0
vt 0.114436 0.93976 0
vt 0.114629 0.929064 0
vt 0.104223 0.938869 0
vt 0.104402 0.927997 0
vt 0.10362 0.94991 0
vt 0.0942035 0.948601 0
vt 0.0946146 0.937603 0
vt 0.093747 0.95982 0
vt 0.0854133 0.958345 0
vt 0.0856011 0.947057 0
vt 0.0846896 0.969786 0
vt 0.0754869 0.968229 0
vt 0.0769622 0.956513 0
vt 0.0665645 0.966482 0
vt 0.0686676 0.954957 0
vt 0.058225 0.964908 0
vt 0.0606772 0.953792 0
vt 0.0553735 0.975859 0
vt 0.0525275 0.9863 0
vt 0.0503743 0.96372 0
vt 0.052846 0.95295 0
vt 0.0448856 0.952369 0
vt 0.0454948 0.942902 0
vt 0.053562 0.943499 0
vt 0.0369302 0.951795 0
vt 0.0376254 0.942092 0
vt 0.0450687 0.934117 0
vt 0.0533472 0.934475 0
vt 0.0365771 0.933379 0
vt 0.035188 0.926163 0
vt 0.0444008 0.926409 0
vt 0.212993 0.897531 0
vt 0.199597 0.892702 0
vt 0.207745 0.889599 0
vt 0.194553 0.884212 0
vt 0.203061 0.881185 0
vt 0.187262 0.888112 0
vt 0.182315 0.87983 0
vt 0.18966 0.875786 0
vt 0.180264 0.892787 0
vt 0.175538 0.884117 0
vt 0.172817 0.898697 0
vt 0.168231 0.889206 0
vt 0.163204 0.907054 0
vt 0.158647 0.896961 0
vt 0.150509 0.91489 0
vt 0.145993 0.903246 0
vt 0.136723 0.917948 0
vt 0.133988 0.906945 0
vt 0.124277 0.919456 0
vt 0.12165 0.909385 0
vt 0.113703 0.919102 0
vt 0.110916 0.910217 0
vt 0.103587 0.918146 0
vt 0.101561 0.909225 0
vt 0.0939003 0.916949 0
vt 0.092313 0.908074 0
vt 0.0947306 0.926852 0
vt 0.0855089 0.925763 0
vt 0.0847062 0.916214 0
vt 0.0858064 0.936062 0
vt 0.0773406 0.934926 0
vt 0.0769701 0.92544 0
vt 0.0773858 0.945521 0
vt 0.0694522 0.94433 0
vt 0.0693594 0.934603 0
vt 0.0615108 0.943772 0
vt 0.0613347 0.934445 0
vt 0.0614662 0.925899 0
vt 0.0692926 0.925721 0
vt 0.0531186 0.926154 0
vt 0.052577 0.918688 0
vt 0.0611228 0.917684 0
vt 0.0434547 0.919532 0
vt 0.0424153 0.91311 0
vt 0.051787 0.911509 0
vt 0.033726 0.919722 0
vt 0.0323776 0.913913 0
vt 0.0312471 0.908379 0
vt 0.041166 0.906634 0
vt 0.198336 0.872228 0
vt 0.185267 0.868122 0
vt 0.192989 0.862163 0
vt 0.180807 0.859614 0
vt 0.186784 0.851563 0
vt 0.177788 0.871659 0
vt 0.173952 0.86386 0
vt 0.17075 0.875711 0
vt 0.16673 0.867978 0
vt 0.163113 0.880395 0
vt 0.158546 0.872198 0
vt 0.153339 0.887106 0
vt 0.148633 0.878289 0
vt 0.141356 0.893938 0
vt 0.136859 0.884303 0
vt 0.129896 0.897222 0
vt 0.12556 0.887294 0
vt 0.118994 0.89964 0
vt 0.116103 0.889072 0
vt 0.108283 0.901027 0
vt 0.106534 0.890516 0
vt 0.0992857 0.900511 0
vt 0.0971685 0.890978 0
vt 0.09067 0.899458 0
vt 0.0881946 0.890501 0
vt 0.0824811 0.898904 0
vt 0.0803944 0.890954 0
vt 0.0836249 0.907394 0
vt 0.0759953 0.907671 0
vt 0.0751095 0.899647 0
vt 0.0763732 0.916411 0
vt 0.0689205 0.91686 0
vt 0.0684581 0.908908 0
vt 0.0604284 0.910007 0
vt 0.059635 0.902646 0
vt 0.067686 0.901105 0
vt 0.0507278 0.904392 0
vt 0.0497593 0.89724 0
vt 0.0584342 0.895404 0
vt 0.0401943 0.899836 0
vt 0.0394659 0.892621 0
vt 0.0486385 0.889933 0
vt 0.0303295 0.90238 0
vt 0.0300651 0.89568 0
vt 0.030236 0.888189 0
vt 0.0390469 0.884944 0
vt 0.174598 0.833616 0
vt 0.180643 0.842164 0
vt 0.175381 0.850597 0
vt 0.170159 0.841694 0
vt 0.169381 0.856173 0
vt 0.164701 0.847902 0
vt 0.162481 0.860611 0
vt 0.158323 0.853046 0
vt 0.154337 0.864881 0
vt 0.150472 0.857102 0
vt 0.144184 0.869775 0
vt 0.140714 0.860905 0
vt 0.132549 0.874081 0
vt 0.129392 0.864255 0
vt 0.122073 0.876744 0
vt 0.11915 0.865988 0
vt 0.113701 0.877902 0
vt 0.110703 0.866695 0
vt 0.105422 0.878877 0
vt 0.102856 0.867924 0
vt 0.0954846 0.880264 0
vt 0.0935613 0.870003 0
vt 0.0861421 0.881986 0
vt 0.084879 0.874075 0
vt 0.0779473 0.883668 0
vt 0.0769287 0.87687 0
vt 0.0707269 0.885774 0
vt 0.0699233 0.878732 0
vt 0.0733325 0.89234 0
vt 0.0661731 0.893899 0
vt 0.0641396 0.887094 0
vt 0.0568933 0.888063 0
vt 0.0555834 0.880826 0
vt 0.0630255 0.879865 0
vt 0.0475847 0.882209 0
vt 0.0468163 0.874895 0
vt 0.0544942 0.874034 0
vt 0.0387926 0.876788 0
vt 0.0386058 0.868846 0
vt 0.0458478 0.867886 0
vt 0.0306064 0.880137 0
vt 0.0309441 0.871739 0
vt 0.16257 0.818724 0
vt 0.168535 0.825917 0
vt 0.164576 0.833566 0
vt 0.15881 0.825716 0
vt 0.159682 0.839789 0
vt 0.154271 0.831936 0
vt 0.153729 0.844993 0
vt 0.148699 0.837153 0
vt 0.14672 0.849112 0
vt 0.141845 0.841296 0
vt 0.137181 0.852637 0
vt 0.132824 0.84484 0
vt 0.12639 0.855181 0
vt 0.12292 0.846911 0
vt 0.116554 0.856248 0
vt 0.113332 0.84769 0
vt 0.107687 0.856579 0
vt 0.104486 0.848036 0
vt 0.0987426 0.857534 0
vt 0.0956555 0.848609 0
vt 0.0903219 0.861405 0
vt 0.087825 0.854115 0
vt 0.0825359 0.866716 0
vt 0.0801409 0.858978 0
vt 0.0753011 0.87 0
vt 0.0732099 0.862237 0
vt 0.068317 0.871565 0
vt 0.0664468 0.864164 0
vt 0.0616145 0.872872 0
vt 0.0596021 0.86557 0
vt 0.0529345 0.866839 0
vt 0.0513725 0.859052 0
vt 0.0579751 0.857735 0
vt 0.0446296 0.860057 0
vt 0.0435611 0.851835 0
vt 0.0500348 0.850756 0
vt 0.0379547 0.861025 0
vt 0.0371057 0.852808 0
vt 0.0308052 0.863436 0
vt 0.0303557 0.854952 0
vt 0.150111 0.805849 0
vt 0.156491 0.81221 0
vt 0.152728 0.818582 0
vt 0.146298 0.81153 0
vt 0.148293 0.824322 0
vt 0.141754 0.816917 0
vt 0.142911 0.82944 0
vt 0.136429 0.821656 0
vt 0.136174 0.833676 0
vt 0.129616 0.825609 0
vt 0.127683 0.837068 0
vt 0.12173 0.828674 0
vt 0.118601 0.838957 0
vt 0.113397 0.830351 0
vt 0.109674 0.839692 0
vt 0.105291 0.831055 0
vt 0.100932 0.839569 0
vt 0.0975896 0.830637 0
vt 0.0926418 0.841582 0
vt 0.089988 0.83254 0
vt 0.085584 0.846127 0
vt 0.0832744 0.836918 0
vt 0.0785249 0.850476 0
vt 0.0766782 0.841063 0
vt 0.0715353 0.853761 0
vt 0.0696499 0.844283 0
vt 0.0647258 0.856159 0
vt 0.0630707 0.846997 0
vt 0.0565947 0.849121 0
vt 0.0545343 0.838884 0
vt 0.0607348 0.83648 0
vt 0.0484345 0.840884 0
vt 0.0464841 0.829468 0
vt 0.0522779 0.827256 0
vt 0.0421997 0.842259 0
vt 0.0404751 0.831067 0
vt 0.0360553 0.843551 0
vt 0.0344672 0.832754 0
vt 0.029665 0.845315 0
vt 0.028441 0.834194 0
vt 0.13494 0.790384 0
vt 0.14294 0.798723 0
vt 0.138903 0.803773 0
vt 0.130576 0.79462 0
vt 0.134372 0.808541 0
vt 0.12588 0.798561 0
vt 0.128991 0.812604 0
vt 0.119944 0.801585 0
vt 0.121502 0.816092 0
vt 0.112576 0.804068 0
vt 0.114095 0.818184 0
vt 0.105668 0.80603 0
vt 0.106779 0.819498 0
vt 0.0995631 0.806793 0
vt 0.0997175 0.820275 0
vt 0.0932156 0.807576 0
vt 0.0928189 0.820701 0
vt 0.0868146 0.808518 0
vt 0.0859662 0.821829 0
vt 0.0802973 0.810101 0
vt 0.0797843 0.825821 0
vt 0.0740216 0.81289 0
vt 0.0733173 0.82987 0
vt 0.0681617 0.816935 0
vt 0.0670336 0.833502 0
vt 0.0628148 0.821085 0
vt 0.0577797 0.824393 0
vt 0.0530781 0.809358 0
vt 0.0572394 0.805709 0
vt 0.0485143 0.812447 0
vt 0.0430265 0.795193 0
vt 0.0469922 0.792666 0
vt 0.0431122 0.815413 0
vt 0.0378905 0.79775 0
vt 0.0376285 0.817622 0
vt 0.0329284 0.799798 0
vt 0.0319131 0.819344 0
vt 0.0279471 0.801522 0
vt 0.0263685 0.820413 0
vt 0.0229524 0.802513 0
vt 0.125802 0.779629 0
vt 0.121205 0.782905 0
vt 0.110184 0.767544 0
vt 0.114514 0.764935 0
vt 0.116195 0.785744 0
vt 0.105328 0.770107 0
vt 0.109973 0.787964 0
vt 0.0996227 0.77226 0
vt 0.103159 0.789963 0
vt 0.0940895 0.774173 0
vt 0.0968165 0.791713 0
vt 0.0890767 0.775611 0
vt 0.0914353 0.792712 0
vt 0.0836791 0.776809 0
vt 0.0858359 0.793704 0
vt 0.0781441 0.777939 0
vt 0.0799248 0.794739 0
vt 0.0724544 0.779132 0
vt 0.0739676 0.796214 0
vt 0.066575 0.780664 0
vt 0.0679088 0.798671 0
vt 0.0606341 0.782884 0
vt 0.0621087 0.801837 0
vt 0.0547243 0.785782 0
vt 0.0509227 0.789401 0
vt 0.0435284 0.772382 0
vt 0.0476343 0.769296 0
vt 0.0399698 0.774821 0
vt 0.0331041 0.756218 0
vt 0.0366081 0.754411 0
vt 0.0362664 0.77684 0
vt 0.0297577 0.757754 0
vt 0.031962 0.77871 0
vt 0.0261534 0.759123 0
vt 0.0277313 0.78035 0
vt 0.0225759 0.760293 0
vt 0.0235556 0.781677 0
vt 0.0191256 0.761202 0
vt 0.0193292 0.78281 0
vt 0.0154673 0.762122 0
vt 0.0888766 0.731883 0
vt 0.101991 0.748639 0
vt 0.0983443 0.751191 0
vt 0.0859295 0.734254 0
vt 0.0941761 0.753304 0
vt 0.0826917 0.73615 0
vt 0.0897161 0.755313 0
vt 0.0791093 0.737953 0
vt 0.0852849 0.757069 0
vt 0.0750734 0.739786 0
vt 0.0801896 0.758838 0
vt 0.0706159 0.741822 0
vt 0.0752175 0.76023 0
vt 0.066348 0.743427 0
vt 0.0700092 0.761589 0
vt 0.0616591 0.744979 0
vt 0.0645132 0.76302 0
vt 0.0566052 0.74652 0
vt 0.0587958 0.764645 0
vt 0.0513274 0.748123 0
vt 0.0532036 0.76646 0
vt 0.0456983 0.749884 0
vt 0.0404912 0.75223 0
vt 0.0347222 0.73419 0
vt 0.0394685 0.732494 0
vt 0.0307868 0.735982 0
vt 0.0263723 0.716872 0
vt 0.0300518 0.71561 0
vt 0.0274079 0.737244 0
vt 0.0230457 0.71803 0
vt 0.0245806 0.738209 0
vt 0.0202948 0.718959 0
vt 0.0214489 0.739122 0
vt 0.0177086 0.719642 0
vt 0.0183946 0.739972 0
vt 0.0152692 0.720186 0
vt 0.0153254 0.740723 0
vt 0.0126811 0.720737 0
vt 0.0123506 0.741297 0
vt 0.0102232 0.721036 0
vt 0.0755543 0.715623 0
vt 0.0731848 0.717681 0
vt 0.0600037 0.702087 0
vt 0.0619249 0.700513 0
vt 0.0707242 0.719427 0
vt 0.057761 0.703836 0
vt 0.0676924 0.721193 0
vt 0.0552179 0.70556 0
vt 0.0643613 0.723002 0
vt 0.0525174 0.707179 0
vt 0.0609411 0.724823 0
vt 0.0497401 0.708687 0
vt 0.0573506 0.726473 0
vt 0.0467333 0.71006 0
vt 0.0532291 0.728096 0
vt 0.0433801 0.711427 0
vt 0.0485993 0.72975 0
vt 0.0402461 0.712513 0
vt 0.044102 0.731048 0
vt 0.0373656 0.713353 0
vt 0.0338592 0.714411 0
vt 0.0287368 0.697655 0
vt 0.0312303 0.696782 0
vt 0.0258548 0.698571 0
vt 0.0219204 0.685213 0
vt 0.0237119 0.684556 0
vt 0.0227783 0.699457 0
vt 0.0202032 0.685698 0
vt 0.0199381 0.700301 0
vt 0.0182532 0.686206 0
vt 0.017461 0.700952 0
vt 0.0161496 0.686487 0
vt 0.0152256 0.701471 0
vt 0.0141663 0.686769 0
vt 0.0130618 0.701889 0
vt 0.0124969 0.686738 0
vt 0.0109724 0.702268 0
vt 0.0106753 0.687045 0
vt 0.00918674 0.687013 0
vt 0.00886158 0.70243 0
vt 0.047188 0.688821 0
vt 0.0365131 0.677759 0
vt 0.0375916 0.676612 0
vt 0.0486998 0.687279 0
vt 0.035339 0.679008 0
vt 0.0455635 0.690195 0
vt 0.0339861 0.680279 0
vt 0.0437222 0.691528 0
vt 0.0325598 0.681412 0
vt 0.0415187 0.692874 0
vt 0.0392789 0.693935 0
vt 0.0311556 0.682089 0
vt 0.0371867 0.694773 0
vt 0.0297989 0.682631 0
vt 0.0352027 0.695559 0
vt 0.0284549 0.683147 0
vt 0.0333461 0.69615 0
vt 0.0272484 0.683541 0
vt 0.0256629 0.684037 0
vt 0.0214552 0.673435 0
vt 0.0225022 0.673004 0
vt 0.0203738 0.673909 0
vt 0.0171632 0.66657 0
vt 0.0178807 0.665989 0
vt 0.0155895 0.667305 0
vt 0.015627 0.674783 0
vt 0.0144864 0.667678 0
vt 0.0142187 0.674523 0
vt 0.0129106 0.674837 0
vt 0.0135625 0.668072 0
vt 0.0117102 0.675093 0
vt 0.0127098 0.668441 0
vt 0.0104641 0.674877 0
vt 0.0123014 0.668015 0
vt 0.0275084 0.670059 0
vt 0.0228685 0.664988 0
vt 0.0220452 0.66311 0
vt 0.0279362 0.66908 0
vt 0.0267844 0.670959 0
vt 0.0226668 0.666692 0
vt 0.0259562 0.671912 0
vt 0.0220576 0.667002 0
vt 0.0250304 0.672241 0
vt 0.0215938 0.667141 0
vt 0.0247041 0.672667 0
vt 0.0208738 0.667182 0
vt 0.0238709 0.672929 0
vt 0.0202426 0.667213 0
vt 0.0232652 0.672914 0
vt 0.019706 0.667134 0
vt 0.0191297 0.666979 0
vt 0.0174038 0.663758 0
vt 0.0173174 0.6623 0
vt 0.0161993 0.663612 0
vt 0.0163117 0.662736 0
vt 0.0133515 0.664527 0
vt 0.0128583 0.663456 0
vt 0.0209179 0.66332 0
vt 0.0191898 0.66337 0
vt 0.0183106 0.662447 0
vt 0.0191032 0.662465 0
vt 0.0197672 0.663901 0
vt 0.0209172 0.66434 0
vt 0.0200874 0.664796 0
vt 0.0188176 0.663976 0
vt 0.0208164 0.665388 0
vt 0.381712 0.891056 0
vt 0.383454 0.883923 0
vt 0.376188 0.751982 0
vt 0.381988 0.745023 0
vt 0.385526 0.761385 0
vt 0.370585 0.759045 0
vt 0.369451 0.740838 0
vt 0.375404 0.73388 0
vt 0.363955 0.747688 0
vt 0.355306 0.73929 0
vt 0.36177 0.731411 0
vt 0.143738 0.993271 0
vt 0.133367 0.993464 0
vt 0.348906 0.729249 0
vt 0.354699 0.720761 0
vt 0.154399 0.994626 0
vt 0.34228 0.718761 0
vt 0.34737 0.709929 0
vt 0.343177 0.735995 0
vt 0.336577 0.72621 0
vt 0.329084 0.716459 0
vt 0.334271 0.708327 0
vt 0.332252 0.732464 0
vt 0.322704 0.723233 0
vt 0.157834 0.996419 0
vt 0.167114 0.993257 0
vt 0.327955 0.740232 0
vt 0.31314 0.712419 0
vt 0.319498 0.706162 0
vt 0.304333 0.700391 0
vt 0.310777 0.693599 0
vt 0.29474 0.688254 0
vt 0.301041 0.681204 0
vt 0.287366 0.695657 0
vt 0.276283 0.68528 0
vt 0.282896 0.677418 0
vt 0.278047 0.703228 0
vt 0.268304 0.69415 0
vt 0.268629 0.695982 0
vt 0.259688 0.691628 0
vt 0.270167 0.667793 0
vt 0.258008 0.656591 0
vt 0.264741 0.646688 0
vt 0.276337 0.65859 0
vt 0.288802 0.669595 0
vt 0.282701 0.649408 0
vt 0.294896 0.661805 0
vt 0.306765 0.673834 0
vt 0.301407 0.652686 0
vt 0.312913 0.664712 0
vt 0.316894 0.685908 0
vt 0.322958 0.676479 0
vt 0.320372 0.654006 0
vt 0.329757 0.665721 0
vt 0.331027 0.687888 0
vt 0.325216 0.697705 0
vt 0.337211 0.677109 0
vt 0.334449 0.655178 0
vt 0.342681 0.666204 0
vt 0.344737 0.688312 0
vt 0.339071 0.699007 0
vt 0.350013 0.677676 0
vt 0.350474 0.65146 0
vt 0.356772 0.662512 0
vt 0.357522 0.689064 0
vt 0.352316 0.700081 0
vt 0.363634 0.674322 0
vt 0.364313 0.645653 0
vt 0.370149 0.656538 0
vt 0.370628 0.689242 0
vt 0.365557 0.700637 0
vt 0.377228 0.670417 0
vt 0.380127 0.636438 0
vt 0.385504 0.646991 0
vt 0.385165 0.686394 0
vt 0.378779 0.702347 0
vt 0.393045 0.661165 0
vt 0.626717 0.965704 0
vt 0.622679 0.97071 0
vt 0.372791 0.7133 0
vt 0.38106 0.726449 0
vt 0.367415 0.72286 0
vt 0.359913 0.711273 0
vt 0.400821 0.642421 0
vt 0.397377 0.630677 0
vt 0.416108 0.611205 0
vt 0.422125 0.621991 0
vt 0.375138 0.627473 0
vt 0.619979 0.974836 0
vt 0.60937 0.975138 0
vt 0.393124 0.619464 0
vt 0.40938 0.600434 0
vt 0.370259 0.618277 0
vt 0.359029 0.635162 0
vt 0.353767 0.624529 0
vt 0.364912 0.607949 0
vt 0.343791 0.64067 0
vt 0.335721 0.629658 0
vt 0.346721 0.613407 0
vt 0.324913 0.64393 0
vt 0.315003 0.631354 0
vt 0.325567 0.617278 0
vt 0.309492 0.641859 0
vt 0.297926 0.630143 0
vt 0.289907 0.640146 0
vt 0.279269 0.627825 0
vt 0.287304 0.617607 0
vt 0.271854 0.637172 0
vt 0.261819 0.623666 0
vt 0.268781 0.614288 0
vt 0.254532 0.632979 0
vt 0.244606 0.61772 0
vt 0.251185 0.608769 0
vt 0.246526 0.642853 0
vt 0.237297 0.627695 0
vt 0.227112 0.639092 0
vt 0.217958 0.625327 0
vt 0.226223 0.614529 0
vt 0.216686 0.650602 0
vt 0.206404 0.636979 0
vt 0.208003 0.662748 0
vt 0.196935 0.649271 0
vt 0.200659 0.674978 0
vt 0.189209 0.661743 0
vt 0.177295 0.649334 0
vt 0.184763 0.637292 0
vt 0.17071 0.661331 0
vt 0.156803 0.649181 0
vt 0.162385 0.637903 0
vt 0.151356 0.659417 0
vt 0.137125 0.645665 0
vt 0.140935 0.636882 0
vt 0.132902 0.654185 0
vt 0.116306 0.642151 0
vt 0.119489 0.63429 0
vt 0.112826 0.648864 0
vt 0.095611 0.638883 0
vt 0.0987128 0.633198 0
vt 0.0825868 0.626949 0
vt 0.0677574 0.621776 0
vt 0.0714387 0.613348 0
vt 0.0861992 0.619747 0
vt 0.102478 0.626475 0
vt 0.105848 0.618845 0
vt 0.0898962 0.612611 0
vt 0.122769 0.626238 0
vt 0.126199 0.618083 0
vt 0.108946 0.610929 0
vt 0.144716 0.627535 0
vt 0.149084 0.617521 0
vt 0.129902 0.609141 0
vt 0.168233 0.626941 0
vt 0.174725 0.615626 0
vt 0.153577 0.606973 0
vt 0.193281 0.625716 0
vt 0.202541 0.614754 0
vt 0.18111 0.60469 0
vt 0.186755 0.594102 0
vt 0.158127 0.595898 0
vt 0.163407 0.584601 0
vt 0.209508 0.604369 0
vt 0.214465 0.594074 0
vt 0.19314 0.584121 0
vt 0.232938 0.604277 0
vt 0.218889 0.584124 0
vt 0.238398 0.595348 0
vt 0.198019 0.573575 0
vt 0.202385 0.560426 0
vt 0.222103 0.570162 0
vt 0.242502 0.586878 0
vt 0.227919 0.56141 0
vt 0.256652 0.601141 0
vt 0.227699 0.544951 0
vt 0.19822 0.533672 0
vt 0.169286 0.574755 0
vt 0.173273 0.566694 0
vt 0.145729 0.568441 0
vt 0.148956 0.557623 0
vt 0.141422 0.579027 0
vt 0.122422 0.573393 0
vt 0.126502 0.562533 0
vt 0.136891 0.58942 0
vt 0.118883 0.583515 0
vt 0.133408 0.59949 0
vt 0.115743 0.593315 0
vt 0.112377 0.602331 0
vt 0.0966765 0.596868 0
vt 0.0999463 0.588093 0
vt 0.0935547 0.604955 0
vt 0.0788831 0.597883 0
vt 0.0824237 0.590681 0
vt 0.0755263 0.605769 0
vt 0.0593617 0.607081 0
vt 0.0506293 0.600169 0
vt 0.0540605 0.613431 0
vt 0.0445483 0.604185 0
vt 0.0383157 0.607972 0
vt 0.0326749 0.59718 0
vt 0.0390153 0.594527 0
vt 0.0310052 0.609538 0
vt 0.0267027 0.599315 0
vt 0.0235896 0.589036 0
vt 0.0292301 0.587587 0
vt 0.0213321 0.579359 0
vt 0.0265352 0.578267 0
vt 0.0185871 0.568847 0
vt 0.0237386 0.568838 0
vt 0.0154734 0.558902 0
vt 0.0206691 0.559036 0
vt 0.0696113 0.447652 0
vt 0.0708575 0.441702 0
vt 0.0846629 0.439861 0
vt 0.0836238 0.446951 0
vt 0.104112 0.436737 0
vt 0.102447 0.444885 0
vt 0.12795 0.432279 0
vt 0.12767 0.442542 0
vt 0.155367 0.428196 0
vt 0.153543 0.4407 0
vt 0.182722 0.426401 0
vt 0.178916 0.440532 0
vt 0.208043 0.426277 0
vt 0.204464 0.441179 0
vt 0.231268 0.426672 0
vt 0.229045 0.44256 0
vt 0.253175 0.426981 0
vt 0.253371 0.442735 0
vt 0.278412 0.42743 0
vt 0.279138 0.442831 0
vt 0.305937 0.428231 0
vt 0.251843 0.457098 0
vt 0.225678 0.455917 0
vt 0.221162 0.468065 0
vt 0.195354 0.466259 0
vt 0.200078 0.45435 0
vt 0.190664 0.47714 0
vt 0.164792 0.475914 0
vt 0.169446 0.465243 0
vt 0.15952 0.485855 0
vt 0.143276 0.473904 0
vt 0.154251 0.494777 0
vt 0.147382 0.464234 0
vt 0.120244 0.472091 0
vt 0.12393 0.462371 0
vt 0.0941369 0.468598 0
vt 0.0976031 0.460571 0
vt 0.0782629 0.460518 0
vt 0.0811711 0.453706 0
vt 0.0638582 0.459567 0
vt 0.0674681 0.45336 0
vt 0.100527 0.452854 0
vt 0.126 0.452801 0
vt 0.15091 0.452694 0
vt 0.174443 0.453536 0
vt 0.0260403 0.559297 0
vt 0.0326621 0.559506 0
vt 0.0358778 0.568096 0
vt 0.0294684 0.568463 0
vt 0.0409362 0.560609 0
vt 0.0436503 0.567679 0
vt 0.0460624 0.574269 0
vt 0.0384587 0.57586 0
vt 0.0553648 0.565854 0
vt 0.0567714 0.572188 0
vt 0.0537567 0.560425 0
vt 0.0716496 0.562264 0
vt 0.0710139 0.571201 0
vt 0.0716511 0.552485 0
vt 0.0902092 0.563312 0
vt 0.0876678 0.574063 0
vt 0.0948314 0.550944 0
vt 0.107219 0.567581 0
vt 0.103366 0.578289 0
vt 0.112745 0.554401 0
vt 0.0846726 0.58299 0
vt 0.070137 0.579718 0
vt 0.0581896 0.57974 0
vt 0.0490625 0.581535 0
vt 0.0416641 0.583726 0
vt 0.0456187 0.591882 0
vt 0.0351981 0.585815 0
vt 0.0323336 0.577168 0
vt 0.117561 0.544075 0
vt 0.128939 0.551738 0
vt 0.16816 0.523 0
vt 0.166374 0.533265 0
vt 0.333896 0.601374 0
vt 0.341744 0.586337 0
vt 0.321077 0.57806 0
vt 0.356515 0.596938 0
vt 0.386908 0.581706 0
vt 0.376064 0.599124 0
vt 0.358756 0.589839 0
vt 0.368853 0.573835 0
vt 0.38717 0.608365 0
vt 0.400156 0.589832 0
vt 0.396275 0.564887 0
vt 0.410189 0.571305 0
vt 0.403761 0.547877 0
vt 0.376373 0.557608 0
vt 0.383553 0.541099 0
vt 0.418389 0.553583 0
vt 0.409303 0.531172 0
vt 0.391053 0.523041 0
vt 0.397588 0.504019 0
vt 0.368214 0.514228 0
vt 0.373883 0.496089 0
vt 0.361674 0.531403 0
vt 0.33786 0.521687 0
vt 0.344253 0.505456 0
vt 0.354219 0.548028 0
vt 0.331037 0.537709 0
vt 0.346471 0.564234 0
vt 0.337994 0.579022 0
vt 0.308421 0.528304 0
vt 0.314804 0.511947 0
vt 0.285637 0.520454 0
vt 0.256203 0.525377 0
vt 0.403241 0.483178 0
vt 0.323632 0.824565 0
vt 0.318175 0.832502 0
vt 0.311998 0.819562 0
vt 0.313883 0.839693 0
vt 0.306004 0.826331 0
vt 0.310653 0.846664 0
vt 0.301053 0.832936 0
vt 0.296599 0.839572 0
vt 0.286917 0.824652 0
vt 0.292552 0.81789 0
vt 0.281362 0.83162 0
vt 0.271438 0.81584 0
vt 0.277975 0.807857 0
vt 0.275115 0.838772 0
vt 0.264227 0.823838 0
vt 0.267993 0.846446 0
vt 0.256197 0.831453 0
vt 0.25943 0.85532 0
vt 0.247324 0.839704 0
vt 0.249409 0.865451 0
vt 0.237133 0.849498 0
vt 0.262199 0.879992 0
vt 0.225756 0.832702 0
vt 0.236065 0.822916 0
vt 0.214712 0.816611 0
vt 0.225441 0.806124 0
vt 0.203135 0.801635 0
vt 0.213667 0.790524 0
vt 0.191363 0.787197 0
vt 0.201175 0.775976 0
vt 0.179484 0.77304 0
vt 0.187854 0.762475 0
vt 0.166355 0.760067 0
vt 0.173452 0.750672 0
vt 0.154549 0.744346 0
vt 0.161593 0.736132 0
vt 0.144131 0.728384 0
vt 0.150862 0.721204 0
vt 0.133949 0.712899 0
vt 0.168353 0.72725 0
vt 0.180401 0.741 0
vt 0.186883 0.731436 0
vt 0.201496 0.744798 0
vt 0.194961 0.753492 0
vt 0.216355 0.759462 0
vt 0.209294 0.767471 0
vt 0.2305 0.774934 0
vt 0.222719 0.782421 0
vt 0.242788 0.791391 0
vt 0.234915 0.798315 0
vt 0.249742 0.784012 0
vt 0.261201 0.800027 0
vt 0.25397 0.807961 0
vt 0.267507 0.792056 0
vt 0.284535 0.800368 0
vt 0.298731 0.811661 0
vt 0.245483 0.815287 0
vt 0.30377 0.757493 0
vt 0.322914 0.758773 0
vt 0.291336 0.74726 0
vt 0.286538 0.752748 0
vt 0.289347 0.738027 0
vt 0.285526 0.74395 0
vt 0.278902 0.742474 0
vt 0.283561 0.736564 0
vt 0.280942 0.747559 0
vt 0.273528 0.745247 0
vt 0.263171 0.740101 0
vt 0.25201 0.727803 0
vt 0.248359 0.714874 0
vt 0.789295 0.853141 0
vt 0.817803 0.831904 0
vt 0.764367 0.82121 0
vt 0.847142 0.813569 0
vt 0.878848 0.796174 0
vt 0.678732 0.192692 0
vt 0.656887 0.202829 0
vt 0.633691 0.21338 0
vt 0.599454 0.227662 0
vt 0.678447 0.186761 0
vt 0.668921 0.180077 0
vt 0.676063 0.17054 0
vt 0.644598 0.161289 0
vt 0.643878 0.153672 0
vt 0.618452 0.180927 0
vt 0.611929 0.169843 0
vt 0.608938 0.161759 0
vt 0.642609 0.147104 0
vt 0.603392 0.15036 0
vt 0.641493 0.136471 0
vt 0.574511 0.1734 0
vt 0.548315 0.201044 0
vt 0.682581 0.145103 0
vt 0.678886 0.159228 0
vt 0.716348 0.162121 0
vt 0.758179 0.182418 0
vt 0.80174 0.192786 0
vt 0.791271 0.219639 0
vt 0.841003 0.207992 0
vt 0.875036 0.232041 0
vt 0.900128 0.265108 0
vt 0.915688 0.290848 0
vt 0.778439 0.24782 0
vt 0.462224 0.399146 0
vt 0.432301 0.429973 0
vt 0.267896 0.562336 0
vt 0.247305 0.542155 0
vt 0.251286 0.533858 0
vt 0.242035 0.528647 0
vt 0.506836 0.179294 0
vt 0.505569 0.218506 0
vt 0.535513 0.152556 0
vt 0.6078 0.318042 0
vt 0.0937975 0.0127564 0
vt 0.131742 0.0184146 0
vt 0.32516 0.748048 0
vt 0.240722 0.548095 0

# 3814 vertex normals
vn 0.435557 -0.671324 0.599678
vn 0.179266 -0.952514 0.246133
vn 0.373428 -0.927588 0.0114544
vn 0.583983 -0.808119 0.0768644
vn -0.0373531 -0.970046 0.240033
vn 0.0192846 -0.765148 0.643565
vn 0.646922 0.735259 -0.202202
vn 0.600449 0.669036 0.43801
vn 0.433625 0.887812 0.15414
vn 0.245615 0.926727 -0.284342
vn 0.0799359 0.996018 0.0394767
vn 0.671616 0.739508 -0.0453797
vn 0.156741 0.957929 0.240427
vn 0.656619 -0.080641 0.749899
vn 0.712328 0.346575 0.610307
vn 0.498912 0.552758 0.667492
vn 0.543989 0.447136 0.710032
vn 0.374436 0.424828 0.824208
vn 0.562856 -0.106785 0.819628
vn 0.996187 -0.035333 -0.0797733
vn 0.654317 -0.050878 -0.754506
vn 0.599321 -0.560758 -0.571284
vn 0.909687 -0.35826 -0.210047
vn 0.823022 0.0119832 0.567883
vn 0.737741 -0.096644 0.66813
vn 0.708679 -0.0884012 0.699971
vn 0.6023 -0.100028 0.791978
vn 0.730826 -0.118757 0.672153
vn 0.900479 0.401204 0.167847
vn 0.610355 0.558998 -0.561238
vn 0.392741 0.908814 -0.140757
vn 0.799893 0.4041 0.443705
vn 0.574309 0.70245 0.420397
vn 0.210251 0.960142 0.184181
vn 0.736067 -0.251222 0.628564
vn 0.800107 -0.222503 0.557065
vn 0.832167 0.100184 0.5454
vn 0.749868 -0.363129 0.553024
vn 0.899107 -0.421812 -0.116968
vn 0.839085 -0.451303 0.303747
vn 0.746279 -0.546833 0.379526
vn 0.721758 -0.691497 0.029959
vn 0.856923 -0.249474 0.45105
vn 0.686875 -0.312354 0.65623
vn 0.997723 -0.00695023 0.067088
vn 0.269361 0.946536 0.177524
vn 0.374782 0.766155 0.522059
vn 0.806133 0.411355 0.425366
vn 0.620654 0.780233 -0.07762
vn 0.143736 0.876295 0.459834
vn 0.0304004 0.397499 0.917099
vn 0.195447 0.442506 0.875208
vn 0.312417 0.617259 0.722071
vn 0.0741835 0.66664 0.74168
vn 0.519711 0.0840172 0.850201
vn 0.127789 0.0584566 0.990077
vn 0.715666 0.18077 0.674643
vn 0.410868 0.098594 0.906348
vn 0.923152 0.175315 0.342133
vn 0.933393 -0.104784 0.343218
vn 0.353844 -0.328014 0.8759
vn 0.333627 -0.342658 0.878224
vn 0.274609 0.334378 0.901544
vn 0.784562 0.236805 0.573049
vn 0.887117 0.350086 0.300772
vn 0.700133 0.210336 0.682329
vn 0.546513 -0.0307712 0.836885
vn 0.741021 0.0973402 0.664389
vn 0.746896 0.283724 0.601371
vn 0.654303 0.107215 0.748594
vn 0.710834 -0.616986 0.337703
vn 0.903487 -0.368607 -0.218725
vn 0.899491 -0.0976158 -0.425895
vn 0.48957 -0.113645 0.864526
vn 0.0691843 0.0839089 0.994069
vn 0.354666 0.282559 0.891276
vn 0.800602 0.274592 0.532575
vn -0.0716575 -0.351431 0.933468
vn 0.794393 -0.273413 0.542389
vn 0.035439 -0.717895 0.695249
vn -0.0370748 0.0561889 0.997732
vn 0.977257 0.184667 0.104246
vn 0.948993 0.280472 0.144042
vn 0.968674 0.248335 -0.00110884
vn 0.228846 0.625747 0.745701
vn 0.234736 0.613139 0.754294
vn 0.214731 0.630879 0.745575
vn 0.217251 0.631848 0.744023
vn 0.232244 0.615409 0.753216
vn 0.257505 0.610564 0.748934
vn 0.946653 0.289413 0.141733
vn 0.364891 0.660662 0.656034
vn 0.46143 0.878329 0.124984
vn 0.829929 0.556077 -0.0446906
vn 0.62647 0.179133 0.758582
vn 0.906915 0.253113 0.336808
vn 0.974299 0.037759 0.222072
vn 0.104804 0.406426 0.907653
vn -0.153198 0.193837 -0.968998
vn 0.622961 0.226965 -0.748603
vn 0.161271 0.168679 -0.972388
vn -0.461979 0.0393104 -0.886019
vn 0.424762 0.295407 -0.855752
vn 0.61226 0.379478 -0.693639
vn 0.498428 0.440353 -0.746765
vn 0.63736 0.340129 -0.691437
vn 0.0154963 0.279395 -0.960051
vn 0.235964 0.141954 -0.961338
vn 0.568582 0.297263 -0.767039
vn 0.157741 0.454779 -0.876524
vn 0.878753 0.432167 -0.202546
vn 0.97708 0.0985908 0.188666
vn 0.872883 0.233621 0.428365
vn 0.865392 0.344819 0.363588
vn 0.959615 -0.281312 -0.00131605
vn 0.718132 -0.0389026 -0.694819
vn 0.924291 -0.0778226 0.37367
vn 0.916948 -0.0415646 0.396836
vn 0.861607 0.135425 0.489176
vn 0.917736 -0.328058 0.223917
vn 0.882767 -0.277024 0.379446
vn 0.943801 -0.127768 0.30482
vn 0.887939 -0.354963 0.292515
vn 0.831267 -0.521151 0.193381
vn 0.837024 -0.540274 0.0865698
vn 0.880197 -0.45615 0.131078
vn 0.590015 -0.779441 0.210604
vn 0.640165 -0.7574 0.128582
vn 0.8175 -0.345409 0.460854
vn 0.717924 -0.31647 0.620026
vn 0.788179 -0.196033 0.583391
vn 0.833907 -0.0841342 0.545455
vn 0.763558 -0.551913 0.33522
vn 0.642974 -0.537786 0.545317
vn 0.741316 -0.549171 0.385825
vn 0.55078 -0.670155 0.497528
vn 0.607651 -0.717421 0.340687
vn 0.702249 -0.681278 0.206655
vn -1.008e-08 -0.927359 0.374174
vn 1.06198e-08 -0.806825 0.590791
vn 1.0379e-08 -0.791043 0.61176
vn 0.581707 -0.678398 0.448769
vn 0.784711 -0.596333 0.169158
vn 0.747023 -0.556076 0.364329
vn 0.682113 -0.220554 0.697193
vn 0.545316 -0.365886 0.75416
vn 0.697859 -0.103926 0.708655
vn 0.513925 0.0230581 0.857525
vn 0.524132 0.122981 0.842711
vn 0.6876 0.00411951 0.726078
vn 0.546543 -0.413594 0.728169
vn 0.689191 -0.721222 0.0696774
vn 0.402495 -0.713435 0.573593
vn 0.733328 -0.679875 -0.000238643
vn 0.743498 -0.668382 0.0218397
vn 0.398242 -0.871586 0.285903
vn 0.778538 -0.627425 0.0147268
vn 0.794062 -0.600019 0.0971702
vn 0.72376 -0.668356 0.171673
vn 0.867354 -0.495674 0.0447754
vn 0.536409 -0.318792 0.781432
vn 0.625027 -0.167661 0.762385
vn 0.791502 -0.187097 0.581824
vn 0.814658 -0.297137 0.498038
vn 0.381537 -0.178475 0.90696
vn 0.376737 -0.212295 0.901665
vn 0.621021 0.721405 0.306444
vn 0.507504 0.848191 0.151698
vn 0.260827 0.934597 0.241862
vn 0.257663 0.819291 0.512223
vn 0.576946 0.81564 -0.0431821
vn 0.313811 0.947095 -0.0673323
vn 0.787406 0.611473 0.0780493
vn -0.365994 0.183464 0.912354
vn -0.180565 -0.718868 0.671286
vn 0.172083 -0.632331 0.755345
vn 0.196831 0.426461 0.88283
vn -0.773914 -0.268778 0.573424
vn -0.223573 -0.948116 0.226035
vn 0.0242003 -0.999705 0.00182664
vn 0.85717 -0.513495 -0.0397813
vn 0.610596 -0.788534 -0.0733935
vn 0.604349 -0.777819 -0.17251
vn 0.741185 -0.670298 0.036683
vn 0.602384 -0.764098 0.230844
vn 0.664915 -0.445364 0.599616
vn 0.785939 0.344608 0.513367
vn 0.55418 -0.831793 0.0317051
vn 0.99723 0.000855958 0.0743705
vn 0.943128 -0.331123 -0.0294641
vn 0.795862 -0.563426 -0.22171
vn 0.78952 -0.528428 -0.312125
vn 0.915622 -0.348817 -0.199909
vn 0.950679 -0.297302 -0.0884356
vn 0.952899 -0.152916 -0.261918
vn 0.881808 -0.404914 0.241783
vn 0.672184 -0.736874 0.0720063
vn 0.640881 -0.752172 -0.153328
vn 0.721687 -0.673498 -0.159899
vn 0.836749 -0.547483 -0.0106326
vn 0.52421 -0.818791 -0.234063
vn -0.821374 0.136321 -0.55386
vn -0.759382 -0.300797 -0.57694
vn -0.791923 -0.558021 -0.247933
vn -0.979073 0.160895 -0.124611
vn -0.387322 -0.47012 -0.793076
vn -0.200831 -0.949455 -0.241252
vn -0.448231 0.1482 -0.881547
vn 0.479879 -0.821329 -0.308439
vn 0.10435 -0.936977 -0.333445
vn 0.162847 -0.335784 -0.927755
vn 0.716033 -0.161395 -0.679153
vn 0.448954 -0.885676 -0.1184
vn 0.96463 -0.123808 -0.232724
vn 0.831634 0.133695 -0.53899
vn 0.19734 -0.378693 -0.904239
vn 0.729049 -0.162649 -0.664856
vn 0.909235 -0.0475421 -0.41356
vn -0.593259 -0.319297 -0.738981
vn 0.099053 -0.342814 -0.934166
vn -0.599048 -0.050745 -0.799104
vn -0.788846 -0.24217 -0.564868
vn 0.798096 0.547543 0.251475
vn 0.776855 0.577353 0.251315
vn 0.682646 0.729685 0.0394329
vn 0.70689 0.69833 0.112433
vn 0.822049 0.464413 0.329477
vn 0.729352 0.534224 0.427377
vn 0.791421 0.490711 0.364494
vn 0.851225 0.481728 0.208215
vn 0.83755 0.540151 -0.0821347
vn 0.747873 0.646356 -0.151361
vn 0.877804 0.46577 -0.111884
vn -0.629298 0.0427799 -0.775986
vn 0.128089 0.199239 -0.971543
vn 0.741753 0.179241 -0.646278
vn -0.625082 -0.331219 -0.706801
vn -0.503198 -0.416144 -0.757374
vn -0.911494 -0.271233 -0.309211
vn -0.797757 -0.477397 -0.368342
vn 0.114246 -0.703111 -0.701842
vn 0.317413 -0.844963 -0.43045
vn -0.308087 -0.380846 -0.871802
vn 0.889242 0.42739 0.163052
vn 0.992165 0.122351 0.0252734
vn 0.956998 0.184896 -0.223536
vn 0.892867 0.421541 -0.158405
vn 0.986859 0.119717 0.108526
vn 0.885138 -0.431807 -0.173417
vn 0.918171 -0.395954 -0.0135158
vn 0.852688 0.422663 0.307049
vn 0.879988 -0.456957 -0.129658
vn 0.798664 -0.597338 -0.072961
vn 0.822542 -0.479111 -0.306394
vn 0.770356 -0.615778 -0.165438
vn 0.822765 -0.567687 0.0280982
vn 0.759835 -0.641469 -0.105682
vn 0.698707 -0.702759 0.133934
vn 0.767268 -0.60402 0.215544
vn 0.459671 -0.884094 0.0841459
vn 0.773093 -0.605065 -0.190325
vn 0.937618 -0.280992 -0.204735
vn 0.477831 -0.763625 -0.434229
vn 0.68898 0.693948 -0.209147
vn 0.52926 0.832768 -0.162421
vn 0.811569 0.553438 -0.187251
vn 0.518556 0.850973 -0.0833356
vn 0.286832 0.928706 -0.235017
vn 0.355927 0.915528 -0.187413
vn 0.477446 0.81382 -0.331275
vn 0.226462 0.902173 -0.36715
vn 0.632482 0.725381 -0.271643
vn 0.570218 0.821492 0.0012836
vn 0.301548 0.827176 0.474182
vn 0.539894 0.655327 0.528262
vn 0.706912 0.587607 0.393692
vn 0.304661 0.914202 -0.267239
vn 0.255908 0.92787 0.271234
vn -0.359742 0.265058 0.894612
vn -0.247713 -0.541867 0.803131
vn 0.0908089 -0.63651 0.765904
vn 0.172757 0.433573 0.884403
vn -0.179166 -0.94471 0.274631
vn 0.0145209 -0.99821 0.0580102
vn -0.708432 -0.2839 0.646162
vn 0.395718 -0.568071 0.721598
vn 0.249947 -0.953124 0.170529
vn 0.892236 -0.285834 0.34959
vn 0.675133 0.199038 0.710337
vn 0.357514 0.754294 0.550659
vn 0.675162 0.720227 0.159465
vn 0.630882 0.753758 0.183945
vn 0.638624 0.7673 0.0583962
vn 0.384522 0.896062 0.221847
vn 0.299026 0.954095 0.0169042
vn -5.00679e-09 0.999837 -0.0180445
vn -7.5574e-09 0.985937 0.167119
vn 0.510306 0.840623 0.181495
vn 9.71246e-09 0.987367 0.158451
vn 0.600103 0.71545 0.357781
vn 0.474636 0.813968 0.334928
vn 0.451311 0.88923 -0.0747553
vn 0.807471 -0.585925 0.0684251
vn 0.831401 -0.535842 0.147122
vn 0.908577 -0.417692 -0.00465892
vn 0.834476 -0.543438 -0.0912384
vn 0.81584 -0.514074 0.264824
vn 0.701399 -0.712769 -3.5834e-05
vn 0.832318 -0.437443 0.340426
vn -0.981461 0.191522 -0.00738489
vn -0.819972 -0.505437 -0.268663
vn -0.743119 -0.614429 0.265051
vn -0.935569 0.208386 0.285107
vn -0.977826 0.196332 -0.0728717
vn -0.903075 0.327442 0.277916
vn -0.895955 0.00456456 -0.444122
vn 0.261975 0.921296 -0.287373
vn 0.242286 0.935811 -0.25604
vn 0.880962 0.199514 -0.429068
vn 0.967908 0.229066 -0.103357
vn 0.765776 -0.639589 -0.067178
vn 0.581546 -0.581944 -0.568459
vn 0.680057 0.728418 -0.0832441
vn 0.74675 0.664454 0.0294343
vn 0.850556 0.52556 0.0184518
vn 0.733409 0.677269 -0.0584615
vn 0.862949 0.505261 -0.00555451
vn 0.405323 -0.617093 0.674469
vn 0.571793 -0.81967 0.0345526
vn 0.645066 -0.0319244 0.76346
vn 0.799152 -0.0559452 0.59852
vn 0.0947234 -0.111515 0.989238
vn 0.715169 0.0434916 0.697597
vn 0.652067 0.13831 0.745439
vn 0.834983 -0.497367 0.235435
vn 0.952725 -0.265026 0.148583
vn 0.883966 -0.387937 0.260977
vn 0.957185 -0.247792 0.149651
vn -0.0679763 -0.941771 0.329313
vn 0.0751808 -0.742189 0.66596
vn 0.573127 -0.819418 0.00887294
vn 0.501076 -0.863912 -0.0507889
vn -0.843939 -0.336446 0.417818
vn -0.478634 -0.180779 0.859202
vn 4.90138e-09 -0.996177 -0.087363
vn 1.53536e-08 -0.999669 -0.0257118
vn 5.68399e-09 -0.937153 -0.348918
vn -0.405083 -0.824838 -0.394398
vn 0.607997 0.726417 -0.320403
vn 0.488776 0.799844 -0.34835
vn 0.842858 0.497218 -0.205828
vn 0.872324 -0.029206 0.488055
vn 0.907883 -0.156769 0.388809
vn 0.89121 -0.138883 0.431805
vn 0.424871 0.699668 -0.574411
vn 0.379967 0.682005 -0.624895
vn 0.353991 0.824357 -0.441731
vn 0.564971 0.666531 -0.486359
vn 0.817066 0.406246 -0.409104
vn 0.742189 0.278747 -0.609472
vn 0.514996 0.471016 -0.716187
vn 0.735023 0.109627 -0.669121
vn 0.878095 0.164119 -0.44946
vn 0.506998 0.168529 -0.845311
vn -0.124961 -0.619366 -0.775093
vn -0.116833 -0.575576 -0.809359
vn -0.214328 -0.654824 -0.724754
vn -0.223861 -0.742434 -0.63141
vn -0.0321275 -0.438438 -0.898187
vn 0.0580627 -0.390911 -0.918595
vn -0.0437936 -0.524054 -0.850558
vn 0.32485 -0.185003 -0.927495
vn 0.272094 -0.0735257 -0.959458
vn 0.26019 -0.244041 -0.934208
vn 0.836938 -0.540057 -0.0887331
vn 0.309554 -0.377973 -0.872532
vn 0.758746 -0.1026 0.643256
vn 0.625491 -0.676149 0.389337
vn 0.512268 -0.641557 -0.570951
vn 0.757627 0.04759 -0.65095
vn -4.99479e-09 -0.133603 0.991035
vn 0 -0.679723 0.733469
vn 0.84613 0.343781 0.407281
vn 0 0.584687 0.811259
vn 1.31896e-08 0.85541 0.517951
vn 0.669971 0.685166 0.28581
vn 0.370326 0.207179 0.905503
vn -5.08488e-09 0.342196 0.939628
vn 0.688471 -0.267673 0.674061
vn 0.939745 -0.339142 -0.0431506
vn 0.898054 -0.0806424 0.43243
vn 0.887901 -0.241572 0.391504
vn 0.811771 0.190076 0.552177
vn 0.801331 -0.597494 -0.0295099
vn 0.939033 0.0410826 0.341364
vn 0.17204 -0.687634 -0.70538
vn 0.0554202 -0.889714 -0.453142
vn 0.289555 -0.336504 -0.89606
vn -0.910226 0.116296 -0.397448
vn -0.991201 0.0485655 -0.123137
vn -0.741898 0.540557 -0.396718
vn -0.757268 0.3852 -0.527415
vn 0.51047 0.80851 -0.2928
vn 0.180032 0.84557 -0.502593
vn -0.299572 0.463776 -0.833767
vn 0.199149 0.40333 -0.89312
vn 0.634429 0.183499 -0.750885
vn 0.792209 -0.360625 -0.492295
vn 0.330758 0.167408 -0.928748
vn 0.173664 0.42753 -0.887163
vn 0.235099 0.380356 -0.894459
vn 0.159225 0.392475 -0.905876
vn 0.0805076 0.0358114 -0.99611
vn 0.208796 -0.173825 -0.962387
vn 0.687059 -0.235003 -0.687549
vn 0.148905 0.19404 -0.969627
vn -1.43149e-08 -0.823504 -0.567311
vn -2.97257e-10 -0.0547242 -0.998502
vn 0.549441 -0.831933 0.0774733
vn 0.579263 -0.113376 -0.807217
vn 0.394747 0.155235 -0.905581
vn 0.767608 0.024127 -0.640465
vn 0.44758 0.227358 -0.864859
vn 0.906412 -0.189726 0.377388
vn 0.809175 -0.58246 0.077305
vn 0.226994 -0.934074 -0.275643
vn 0.388795 -0.882021 0.26623
vn 0.514129 -0.824853 -0.235136
vn 0.899464 -0.213839 -0.381101
vn 0.801104 0.585947 0.122062
vn 0.953538 -0.300964 -0.0136314
vn 0.143803 -0.989593 0.00507039
vn 0.905524 -0.165775 0.39057
vn 0.966847 -0.246052 -0.0683039
vn 0.986096 0.150127 0.0712487
vn -0.134674 -0.787643 -0.601233
vn 0.80896 -0.495729 -0.315968
vn 0.91401 -0.208641 -0.347928
vn 0.852214 -0.522824 -0.019659
vn 0.915219 0.13196 0.380737
vn 0.817608 0.569289 0.0861794
vn 0.466757 -0.747032 -0.473371
vn 0.528184 -0.774528 -0.348034
vn 0.965621 -0.188971 0.178509
vn 0.976969 0.042927 0.209019
vn 0.871037 -0.487741 0.0583386
vn 0.85973 0.477608 0.180983
vn 0.943574 -0.327169 0.0512593
vn 0.809288 0.414569 0.416156
vn 0.818906 -0.571659 0.0509796
vn 0.615457 -0.787459 -0.0334785
vn 0.614191 -0.789121 -0.00763902
vn 0.78389 -0.620888 -0.00378892
vn 0.958152 -0.256945 0.126193
vn 0.638282 -0.767981 -0.0529337
vn 0.53601 -0.842552 -0.0529142
vn 0.506411 -0.861292 -0.0415103
vn 0.630414 -0.776237 -0.00585182
vn 0.754097 -0.655775 0.0360209
vn 0.539333 -0.841554 -0.0301162
vn 0.45618 -0.889252 -0.0336289
vn 0.426073 -0.90407 -0.033468
vn 0.530528 -0.847667 0.00131286
vn 0.599428 -0.799698 0.0341904
vn 0.454797 -0.890405 -0.0183906
vn 0.280033 -0.95887 -0.0463646
vn 0.280543 -0.959418 -0.0285111
vn 0.444741 -0.89544 -0.019817
vn 0.533997 -0.845474 0.00466824
vn 0.262239 -0.962471 -0.0698568
vn 7.21702e-09 -0.994794 -0.101903
vn 4.80121e-09 -0.998026 -0.0627997
vn 0.235828 -0.959804 -0.15219
vn 0.428261 -0.899839 -0.082956
vn 2.40152e-09 -0.982118 -0.188265
vn 2.3867e-09 -0.96563 -0.259919
vn 0.201311 -0.951021 -0.234589
vn 1.23256e-09 -0.878786 -0.477215
vn 0.163284 -0.879607 -0.446799
vn -9.62862e-10 -0.47595 -0.879472
vn 0.111706 -0.483884 -0.867974
vn 0.293814 -0.452122 -0.842175
vn 0.358189 -0.852294 -0.381178
vn 0.506141 -0.27818 -0.816356
vn 0.600987 -0.733604 -0.317236
vn 0.174697 0.32846 -0.928221
vn 0.606954 -0.0676297 -0.791854
vn 0.820013 -0.00109019 -0.572344
vn 0.773831 -0.563836 0.288573
vn 0.695078 -0.582674 0.421138
vn 0.684903 -0.666768 0.293817
vn 0.612581 -0.746321 0.260286
vn 0.731804 -0.619476 0.284099
vn 0.835955 -0.545269 -0.0621388
vn 0.802829 -0.568382 0.180018
vn 0.919125 -0.393835 0.0102034
vn 0.53163 -0.809088 0.25049
vn 0 -0.956536 0.291616
vn 0 -0.969784 0.243966
vn -1.009e-08 -0.986283 0.165065
vn 0.90466 -0.365389 -0.219275
vn 0.822114 -0.354614 -0.445396
vn 0.557071 -0.555573 -0.61726
vn 0.712349 -0.494578 -0.497948
vn 0.725375 -0.289485 -0.624523
vn 0.628442 -0.689011 -0.361006
vn 0.618666 0.368254 -0.694004
vn 0.606438 0.544201 -0.579723
vn 0.934831 0.178569 -0.306927
vn 0.705649 0.584437 -0.400615
vn 0.882909 0.387381 -0.265344
vn 0.843448 0.449215 -0.294621
vn 0.70778 0.402562 -0.580509
vn 0.859623 0.482419 0.168288
vn 0.514943 0.812411 -0.273537
vn 0.537473 0.69978 -0.470564
vn 0.786829 0.486562 0.379681
vn 0.470509 0.867415 0.161902
vn 0.712037 0.419016 0.563408
vn 0.440631 0.692665 0.571016
vn 0.621965 0.270261 0.734928
vn 0.360723 0.440209 0.82225
vn 0.793214 0.0695735 0.604955
vn 0.808649 0.0506641 0.586106
vn 0.620589 0.223726 0.751542
vn 0.900073 -0.187741 0.39322
vn 0.915885 -0.195153 0.350814
vn 0.882055 -0.197155 0.427913
vn 0.86364 -0.118647 0.489948
vn 0.928253 -0.260074 0.26591
vn 0.919469 0.0956954 0.381338
vn 0.974647 -0.0145533 0.223277
vn 0.523972 0.438293 0.73031
vn 0.607936 0.588894 0.532557
vn 0.846911 0.380098 0.371843
vn 0.608791 0.427876 0.668054
vn 0.734041 0.553673 0.39323
vn 0.859207 0.261004 0.440047
vn 0.854675 0.437044 0.280222
vn 0.952448 0.0465878 0.301119
vn 0.980311 0.169765 0.100844
vn 0.687134 -0.2766 0.671818
vn 0.98223 0.15532 0.105358
vn 0.94029 0.320168 0.115531
vn 0.9197 0.355983 0.165617
vn 0.918858 0.266003 0.291448
vn 0.900871 0.421741 0.102788
vn 0.876934 0.453605 0.158838
vn 0.794273 0.607561 0.00113366
vn 0.583705 0.804144 -0.11243
vn 0.351492 0.922032 -0.162201
vn 9.79747e-09 0.986274 -0.165114
vn 0 0.998476 -0.0551953
vn 1.01028e-08 0.972369 -0.23345
vn 0 0.953908 -0.300099
vn -1.19194e-09 0.925909 -0.377746
vn 4.85934e-09 0.861917 -0.507049
vn 0.240603 0.819499 -0.520127
vn 0.301304 0.803082 -0.514077
vn -4.82418e-09 0.856759 -0.515717
vn 0.380212 0.788026 -0.484204
vn 0.270858 0.82161 -0.50159
vn 0.527603 0.773957 -0.350178
vn 0.393472 0.825929 -0.403759
vn 0.741017 0.634106 -0.220917
vn 0.689959 0.67753 -0.254775
vn 0.774299 0.608803 -0.172684
vn 0.906112 0.408074 -0.111521
vn 0.888603 0.440162 -0.129005
vn 0.886109 0.420043 -0.195892
vn 0.884737 0.37293 -0.279579
vn 0.945907 0.289674 -0.146114
vn 0.885318 0.196909 -0.421235
vn 0.971078 0.0996795 -0.21696
vn 0.828862 -0.224769 -0.512315
vn 0.938522 -0.246461 -0.241729
vn 0.631187 -0.610972 -0.477823
vn 0.824252 -0.550999 -0.130416
vn 0.455665 -0.797642 -0.395141
vn 0.738314 -0.671734 0.0605446
vn 0.355559 -0.803544 -0.477383
vn 0.716593 -0.694403 0.0655723
vn -0.0105395 -0.606665 -0.794888
vn 0.529999 -0.527227 -0.664178
vn 0.223951 -0.411852 -0.883303
vn 0.848238 -0.28576 -0.445908
vn 0.615858 -0.26183 -0.743077
vn 0.0512154 -0.486519 -0.872168
vn 0.413872 -0.409458 -0.813052
vn 0.809481 -0.0198667 -0.58681
vn 0.711106 -0.331177 -0.620201
vn 0.35685 -0.430702 -0.828947
vn 0.060253 -0.433938 -0.898926
vn 0.660168 -0.468124 -0.5874
vn 0.931688 -0.318817 -0.174107
vn 0.85804 -0.464961 -0.218127
vn 0.802863 -0.240016 -0.545714
vn 0.568006 -0.184178 -0.802152
vn 0.910622 -0.253831 -0.326093
vn 0.924165 -0.369829 0.0956338
vn 0.952721 -0.290297 -0.0897204
vn 0.953801 0.00522115 -0.300395
vn 0.865478 0.0708897 -0.495907
vn 0.993408 -0.114627 -0.00136875
vn 0.893083 -0.366028 0.261583
vn 0.87435 -0.28552 0.392415
vn 0.993817 -0.000471119 0.11103
vn 0.978627 0.0533947 -0.198593
vn 0.832562 -0.0623117 0.550416
vn 0.427948 -0.449637 0.78402
vn 0.36019 -0.140172 0.922288
vn 0.845207 0.211431 0.490839
vn 0.990556 0.128003 0.049122
vn 0.285357 0.214929 0.934011
vn -0.185391 -0.188412 0.964433
vn -0.315726 0.0934445 0.944238
vn 0.193825 0.586035 0.786762
vn 0.767101 0.500797 0.400947
vn -0.423073 0.475669 0.771199
vn -0.709999 0.35453 0.608448
vn -0.608568 -0.0124261 0.793405
vn -0.390962 0.630206 0.670812
vn 0.179 0.695961 0.695411
vn -0.728406 0.491818 0.477011
vn -0.890563 0.224989 0.39532
vn -0.918789 0.322046 0.228282
vn -0.860916 -0.496019 0.113092
vn -0.149732 -0.988697 0.00763602
vn 0.0144016 -0.999774 -0.0156113
vn -0.837575 -0.0970026 0.537641
vn -0.987495 -0.157629 -0.00275028
vn -0.992329 0.11384 -0.0481995
vn -0.798547 -0.167049 0.578288
vn -0.980977 -0.143112 0.131164
vn -0.54085 -0.187188 0.820026
vn -0.599391 -0.344827 0.722374
vn -0.843584 -0.210402 0.494062
vn -0.177105 -0.451643 0.874444
vn -0.111967 -0.413906 0.903408
vn -0.559389 -0.368163 0.742658
vn 0.482512 -0.432752 0.761517
vn 0.582333 -0.190624 0.790286
vn 0.157029 -0.255792 0.953893
vn 0.864953 -0.235693 0.443064
vn 0.921339 -0.251992 0.29603
vn 0.972302 -0.0802409 0.219522
vn 0.984219 0.0306227 -0.174285
vn 0.883176 -0.139416 -0.447843
vn -0.339729 -0.348023 0.873764
vn -0.176413 -0.278109 0.944211
vn -0.73899 -0.25555 0.623368
vn -0.00722934 -0.256649 0.966478
vn -0.585872 -0.481041 0.652192
vn -0.79284 -0.328276 0.513458
vn -0.954781 -0.255922 0.151316
vn -0.963664 -0.199408 0.177732
vn -0.858503 -0.287165 0.424863
vn -0.960821 -0.214592 0.175421
vn -0.984364 -0.173883 -0.0281363
vn -0.973653 -0.227317 -0.0180736
vn -0.970589 -0.111965 0.21312
vn -0.989949 -0.0579698 -0.129002
vn -0.87667 -0.0238525 -0.480501
vn -0.912161 -0.173529 -0.371281
vn -0.946372 -0.109665 -0.303897
vn -0.854258 -0.0706528 -0.515025
vn -0.490821 0.0492123 -0.869869
vn -0.878839 -0.176708 -0.443188
vn -0.854521 0.0607313 -0.515855
vn 0.213145 0.119287 -0.969711
vn -0.478549 -0.157113 -0.86389
vn 0.155727 -0.127081 -0.979591
vn -0.455855 -0.44155 -0.772807
vn -0.903691 -0.316468 -0.288428
vn -0.984603 -0.172981 -0.0251905
vn -0.798846 -0.60146 -0.00954449
vn -0.752396 -0.611327 0.245315
vn 0.357214 -0.910149 0.209824
vn 0.382038 -0.924065 -0.0122635
vn 0.819109 -0.561561 0.117088
vn 0.693497 0.112129 -0.71168
vn 0.908401 0.111137 -0.403059
vn 0.975833 0.0570252 -0.210945
vn 0.922246 0.290833 -0.254713
vn 0.930384 0.366586 -0.000301704
vn 0.886636 0.46021 0.0456409
vn 0.886551 0.390383 -0.24825
vn 0.694919 0.59544 0.403161
vn 0.735371 0.333323 -0.590022
vn 0.203747 0.231709 -0.951209
vn 0.747093 -0.55136 0.371287
vn 0.813258 -0.448792 0.370401
vn 0.747254 -0.56486 0.350064
vn 0.831018 -0.477889 0.28466
vn 0.717668 -0.59231 0.366225
vn 0.758789 -0.647056 0.0745489
vn 0.781991 -0.620747 0.0562441
vn 0.608553 -0.71367 0.346899
vn 0.601015 -0.795114 0.0810856
vn 0.346173 -0.885743 0.30923
vn 0.338168 -0.938368 0.0714696
vn 4.92751e-09 -0.961007 0.276522
vn 0 -0.998031 0.0627184
vn 9.98485e-09 -0.996019 0.0891447
vn 3.2445e-08 -0.959798 -0.28069
vn 0 -0.954266 -0.298958
vn -1.47438e-08 -0.978768 -0.204972
vn 1.17284e-08 -0.920075 0.391743
vn 9.85152e-09 -0.981643 -0.190725
vn 0.332513 -0.91764 -0.217651
vn 2.47534e-09 -0.904135 -0.427247
vn 0.35123 -0.809508 -0.470461
vn -1.44884e-08 -0.89649 -0.443065
vn 0.451763 -0.775239 -0.441492
vn 0.633919 -0.645441 -0.42609
vn 0.594093 -0.627018 -0.503887
vn 0.644528 -0.677199 -0.354944
vn 0.684714 -0.544554 -0.484384
vn 0.65139 -0.702374 -0.286989
vn 0.660397 -0.610789 -0.436822
vn 0.786638 -0.538489 -0.302043
vn 0.764629 -0.519354 -0.381593
vn 0.922121 -0.302642 -0.24104
vn 0.938892 -0.193018 -0.285002
vn 0.964825 -0.21468 -0.15174
vn 0.975119 -0.10594 -0.19473
vn 0.988586 0.0370804 -0.146023
vn 0.989687 -0.0173746 -0.14219
vn 0.989178 0.146205 0.0122814
vn 0.897388 0.426683 -0.11241
vn 0.976495 0.195224 0.0913547
vn 0.957789 0.205946 -0.200568
vn 0.978498 -0.0820976 -0.189211
vn 0.861226 0.0471356 -0.506032
vn 0.975136 -0.192243 -0.110239
vn 0.850774 -0.119476 -0.51177
vn 0.976953 -0.207185 -0.0513502
vn 0.827053 -0.288238 -0.482598
vn 0.963538 -0.262098 -0.0538404
vn 0.813949 -0.373483 -0.444969
vn 0.949666 -0.305588 -0.0689269
vn 0.826439 -0.356332 -0.43592
vn 0.966262 -0.236792 -0.101326
vn 0.916095 -0.150373 -0.371696
vn 0.912404 -0.228569 0.339521
vn 0.77543 -0.206702 0.596643
vn 0.914648 -0.0150808 0.403971
vn 0.998533 0.0407107 0.0356901
vn 0.753931 -0.0940941 0.650181
vn 0.493261 -0.171648 0.852778
vn 0.321014 -0.175994 0.930578
vn 0.57841 0.199634 0.790941
vn 0.818461 0.179177 0.545909
vn 0.104324 0.185018 0.977182
vn -0.551901 0.0929811 0.82871
vn -0.389216 -0.226762 0.892799
vn -0.0413486 0.3576 0.932959
vn 0.441219 0.356323 0.823626
vn -0.629779 0.254247 0.733987
vn -0.941507 0.0987853 0.322188
vn -0.911468 -0.039127 0.409505
vn -0.675635 0.4594 0.576601
vn -0.217526 0.604808 0.766087
vn -0.729314 0.426803 0.534733
vn -0.340769 0.639107 0.689506
vn 0.195918 0.720028 0.665714
vn 0.292538 0.637909 0.712386
vn 0.609755 0.639207 0.468628
vn 0.657104 0.557217 0.507665
vn 0.858676 0.465591 0.214243
vn 0.873015 0.43019 0.229741
vn 0.94474 0.321939 -0.061828
vn 0.999386 0.0178397 -0.0301646
vn 0.940292 0.165616 0.297358
vn 0.887074 0.152611 -0.435671
vn 0.918553 -0.134279 -0.371792
vn 0.613381 -0.102531 -0.783103
vn 0.672178 -0.27387 -0.687875
vn 0.162117 -0.315445 -0.934993
vn 0.1736 -0.367214 -0.913792
vn 0.0812766 -0.790472 -0.607082
vn -0.133207 -0.837756 -0.529548
vn -0.313628 -0.341973 -0.885829
vn 0.0487762 -0.99862 -0.0194781
vn 0.0365065 -0.998585 -0.0386805
vn -0.0525333 -0.998434 0.019208
vn -0.344651 -0.80626 -0.480791
vn -0.6711 -0.203859 -0.712787
vn -0.822113 -0.195559 -0.534685
vn -0.473 -0.323213 -0.819637
vn -0.947398 -0.110237 -0.300475
vn -0.945634 -0.228543 -0.231396
vn -0.87104 -0.289577 -0.396779
vn -0.99875 -0.0250046 -0.043288
vn -0.987703 -0.14789 0.050711
vn -0.963523 -0.226858 0.14198
vn -0.941354 -0.241101 -0.236058
vn -0.846001 -0.225372 0.483207
vn -0.698419 -0.236364 0.675532
vn -0.918959 -0.272016 0.285521
vn -0.129217 -0.225415 0.965656
vn -0.928447 -0.348992 -0.127247
vn -0.890585 -0.431185 -0.1447
vn -0.783152 -0.326891 -0.528976
vn -0.665408 -0.463934 -0.584805
vn -0.88304 -0.211733 -0.418819
vn -0.845549 -0.207867 -0.491771
vn -0.72416 -0.208494 -0.65736
vn -0.704903 -0.416738 -0.573969
vn -0.200393 -0.257589 -0.945246
vn -0.0122124 -0.558057 -0.829713
vn -0.190272 -0.105064 -0.976093
vn 0.825698 -0.0435012 -0.562433
vn 0.787759 -0.0916331 -0.60913
vn 0.718675 -0.350213 -0.600714
vn 0.945479 -0.117783 -0.303639
vn 0.981412 0.0552942 -0.183776
vn 0.965903 -0.0690152 -0.249535
vn 0.974566 0.0721345 -0.212175
vn 0.997023 0.0182059 -0.0749285
vn 0.963175 0.120971 0.240123
vn 0.740969 0.290693 0.605361
vn 0.834613 -0.304058 -0.459314
vn 0.769784 -0.273707 -0.576643
vn 0.690959 -0.335593 -0.640276
vn 0.713682 -0.377165 -0.590258
vn 0.0563451 -0.392687 -0.917945
vn 0.265689 -0.459105 -0.847722
vn -0.451675 -0.421519 -0.786328
vn -0.255446 -0.540936 -0.801334
vn -0.421613 -0.611805 -0.669282
vn 0.586873 -0.285799 -0.757561
vn 0.667282 -0.309259 -0.677564
vn 0.507463 -0.157469 -0.847163
vn 0.662253 -0.130656 -0.737801
vn 0.499811 -0.0196845 -0.865911
vn 0.69277 0.0302889 -0.720522
vn 0.936058 0.327204 -0.129354
vn 0.706665 0.676797 -0.206326
vn 0.781194 0.519605 -0.346044
vn 0.413308 0.764264 -0.495053
vn 0.93975 0.244669 -0.23876
vn 0.948469 0.243129 -0.203214
vn 0.831539 0.498701 -0.244623
vn 0.980318 -0.0248988 -0.195849
vn 0.982914 -0.0330325 -0.181075
vn 0.95314 0.285092 -0.101229
vn 0.993959 0.0068838 -0.10954
vn 0.987799 -0.0894164 -0.12751
vn 0.984113 -0.0545551 -0.168954
vn 0.985281 -0.15559 -0.0707975
vn 0.998331 0.049247 -0.030154
vn 0.980652 -0.19032 0.045819
vn 0.954406 -0.280275 0.10274
vn 0.964799 -0.259499 -0.0426935
vn 0.906314 -0.351636 0.234406
vn 0.830539 -0.556327 0.0265658
vn 0.787288 -0.553996 -0.270679
vn 0.95581 -0.216735 -0.198628
vn 0.738017 -0.605237 -0.298361
vn 0.739327 -0.605429 -0.294705
vn 0.592263 -0.759239 -0.269779
vn 0.961036 0.270251 -0.0580929
vn 0.858994 0.490531 -0.146659
vn 0.578745 0.721031 -0.381009
vn 0.22986 0.83055 -0.507298
vn 0.322737 0.822888 -0.46765
vn 0.730685 0.658134 -0.181546
vn 0.36155 0.801853 -0.475724
vn 0.490867 0.823923 -0.283196
vn -9.74048e-09 0.986404 -0.164341
vn 2.52609e-09 0.975105 0.221742
vn 2.40542e-09 0.819922 0.572476
vn -3.56475e-09 0.724017 0.689782
vn 0.297751 0.71242 0.635454
vn 0 0.651779 0.758409
vn 0.337711 0.612576 0.714634
vn 4.7912e-09 0.58768 0.809093
vn 0.362425 0.526961 0.76874
vn 2.42217e-09 0.509885 0.860242
vn 0.365172 0.437581 0.821689
vn -2.39209e-09 0.401032 0.916064
vn 0.325882 0.340981 0.881778
vn -4.80494e-09 0.523727 0.851886
vn 0 0.858403 0.512977
vn 0 0.999999 0.00113435
vn 4.81721e-09 0.886682 -0.462379
vn 0 0.810943 -0.585126
vn 5.1448e-09 0.901407 -0.432974
vn 0.462941 0.704846 -0.537473
vn 0 0.991949 -0.126638
vn 0.389022 0.790581 -0.47291
vn 4.99412e-09 0.979713 0.200407
vn 0.375037 0.886264 -0.271816
vn 4.82465e-09 0.907261 0.420569
vn 0.356611 0.930568 -0.082895
vn 0 0.835737 0.54913
vn 0.306687 0.947703 0.0883315
vn -2.38222e-09 0.796792 0.604254
vn 0.267068 0.930975 0.248918
vn -4.7653e-09 0.793004 0.609216
vn 0.215662 0.86823 0.44684
vn -9.53849e-09 0.786602 0.617461
vn 0.176713 0.798933 0.574872
vn 0.571623 0.820355 0.0162905
vn 0.62745 0.726693 -0.279685
vn 0.466192 0.810784 0.35397
vn 0.163411 0.767676 0.619654
vn 0.360274 0.773702 0.52114
vn 0.863532 0.500921 0.0582285
vn 0.89919 0.436009 0.0368004
vn 0.774881 0.554094 0.304203
vn 0.295582 0.741641 0.602162
vn 0.61913 0.63786 0.458054
vn 0.158715 0.75183 0.63997
vn 0.158414 0.744662 0.64837
vn 0.268765 0.716501 0.643733
vn 0.459823 0.65676 0.597687
vn 0.240453 0.707153 0.664919
vn 0.358383 0.66088 0.659393
vn 0.736044 0.453312 0.50274
vn 0.530902 0.53909 0.653854
vn 0.696384 0.407657 0.590648
vn 0.872761 0.244228 0.422658
vn 0.435449 0.588799 0.680955
vn 0.536019 0.500666 0.679719
vn 0.309979 0.663519 0.680923
vn 0.23041 0.696783 0.679268
vn 0.222568 0.685857 0.692867
vn 0.274126 0.664165 0.695514
vn 0.3572 0.612175 0.705443
vn 0.423508 0.551305 0.718821
vn 0.310492 0.626149 0.715215
vn 0.345866 0.581864 0.736078
vn 0.269439 0.667163 0.694475
vn 0.240944 0.64827 0.722282
vn 0.2159 0.684513 0.696296
vn 0.203344 0.665337 0.718316
vn 0.287418 0.632527 0.719236
vn 0.29129 0.601322 0.744017
vn 0.302886 0.57584 0.759387
vn 0.368915 0.554405 0.746014
vn 0.26021 0.589687 0.764565
vn 0.271476 0.596042 0.755669
vn 0.321126 0.581123 0.74778
vn 0.226221 0.598817 0.768272
vn 0.22842 0.606498 0.761567
vn 0.197126 0.603886 0.77231
vn 0.190541 0.609714 0.769378
vn 0.202219 0.614357 0.762675
vn 0.166855 0.615386 0.770363
vn 0.156673 0.60652 0.779479
vn 0.178937 0.628602 0.756862
vn 0.108252 0.627428 0.771114
vn 0.100243 0.617517 0.780144
vn 0.189274 0.642532 0.742515
vn 0.120203 0.644071 0.755463
vn 0.1336 0.6661 0.733799
vn 2.38308e-09 0.668834 0.743412
vn 1.1895e-09 0.642918 0.765935
vn 0.143676 0.688993 0.710384
vn 2.38485e-09 0.697079 0.716995
vn 0.149867 0.705824 0.692353
vn 2.38581e-09 0.718287 0.695746
vn 0.153867 0.724074 0.67234
vn 2.38783e-09 0.740673 0.671866
vn 0.158407 0.739181 0.654613
vn -4.77771e-09 0.759881 0.650063
vn 0 0.769 0.639249
vn 0 0.775096 0.631844
vn -4.77272e-09 0.780026 0.625747
vn 0 0.628102 0.778131
vn 2.37647e-09 0.619401 0.785075
vn 0 0.607409 0.79439
vn 0.092781 0.607303 0.789034
vn 1.18709e-09 0.600631 0.799526
vn 0.0822343 0.603227 0.793319
vn 0 0.606685 0.794942
vn 0.0660452 0.612959 0.787349
vn 1.18609e-09 0.61322 0.789912
vn 0.0411001 0.624381 0.780038
vn 1.18593e-09 0.60831 0.793699
vn 0.0067042 0.623465 0.781822
vn 0 0.587423 0.80928
vn -0.0330878 0.603201 0.796902
vn -1.18651e-09 0.559363 0.828923
vn -0.0718034 0.574277 0.815506
vn 1.18783e-09 0.533744 0.845646
vn -0.108487 0.548271 0.829234
vn 0 0.48616 0.87387
vn -0.145298 0.493462 0.857545
vn 2.38966e-09 0.450404 0.892825
vn -0.142038 0.438708 0.887333
vn 4.085e-09 0.597713 0.80171
vn -0.0566202 0.582935 0.810544
vn 4.15474e-09 0.72002 0.693954
vn 0.0270322 0.714177 0.699443
vn 2.96511e-10 0.702 0.712177
vn 0.042386 0.700872 0.712027
vn -1.77952e-09 0.717327 0.696737
vn 0.0639105 0.711143 0.700137
vn -2.37559e-09 0.743262 0.669
vn 0.115537 0.728963 0.674732
vn -2.38965e-09 0.731266 0.682092
vn 0.158 0.709431 0.686836
vn -7.23608e-09 0.627103 0.778936
vn 0.165514 0.576777 0.799958
vn 0.293691 0.666809 0.684917
vn 0.254198 0.687451 0.68029
vn 0.450312 0.607906 0.653965
vn 0.659318 0.47927 0.579309
vn 0.367041 0.622264 0.691425
vn 0.17915 0.685116 0.70606
vn 0.595856 0.505772 0.623819
vn 0.797018 0.34826 0.493435
vn 0.768372 0.37088 0.521587
vn 0.525144 0.544314 0.654176
vn 0.290475 0.647272 0.704743
vn 0.729641 0.394395 0.558639
vn 0.843321 0.286554 0.45464
vn 0.823211 0.284268 0.491441
vn 0.652455 0.388944 0.650404
vn 0.446955 0.550887 0.704809
vn 0.749408 0.245616 0.614867
vn 0.84683 0.232909 0.478155
vn 0.763359 0.164625 0.624645
vn 0.580037 0.126895 0.804646
vn 0.489599 0.260982 0.831974
vn 0.600834 0.0376009 0.798489
vn 0.761115 0.102826 0.640415
vn 0.611407 -0.0193622 0.791079
vn 0.478284 -0.0461629 0.876991
vn 0.420058 0.0280793 0.907063
vn 0.493011 0.0294234 0.869525
vn 0.40605 0.108427 0.907396
vn 0.551343 0.221048 0.804462
vn 0.450274 0.29704 0.842034
vn 0.563206 0.388123 0.729493
vn 0.466263 0.44809 0.762767
vn 0.769623 0.202429 0.60556
vn 0.938596 -0.272021 0.21223
vn 0.649159 0.398108 0.648153
vn 0.534256 0.503918 0.678702
vn 0.821079 0.124261 0.557125
vn 0.862173 -0.329301 0.384992
vn 0.693506 -0.710781 -0.117647
vn 0.695583 0.461045 0.551001
vn 0.590531 0.551785 0.588903
vn 0.826671 0.273383 0.49181
vn 0.913035 0.00895111 0.407782
vn 0.67421 -0.683857 0.278891
vn 0.763252 0.524436 0.377377
vn 0.658127 0.570033 0.491865
vn 0.879897 0.446919 0.161386
vn 0.92485 -0.215129 0.313644
vn 0.936176 0.338192 -0.0959155
vn 0.92691 0.364707 0.0884654
vn 0.794394 0.465293 0.390436
vn 0.948208 0.276144 -0.156992
vn 0.943855 0.263159 -0.199713
vn 0.945912 0.322399 0.0361805
vn 0.994525 0.100273 -0.0294079
vn 0.969494 0.192385 0.151887
vn 0.851061 0.293352 0.435477
vn 0.710963 0.222119 0.66723
vn 0.990248 -0.0200712 0.13786
vn 0.0964733 0.348841 0.932203
vn 0.0362756 0.302808 0.952361
vn 0.148682 0.509302 0.847647
vn 0.0819913 0.347989 0.933906
vn 0.23525 0.568958 0.788
vn 0.167619 0.439409 0.88251
vn 0.301112 0.627716 0.717846
vn -0.00668454 0.127893 0.991765
vn 0.0479002 0.172292 0.983881
vn 0.201799 0.496158 0.844455
vn -0.157561 -0.323635 0.932971
vn -0.147891 -0.341981 0.927996
vn -0.247633 -0.806965 0.536177
vn -0.275823 -0.84132 0.464867
vn -0.264928 -0.948943 -0.171235
vn -0.232652 -0.945301 -0.228645
vn -0.194236 -0.771734 -0.605557
vn -0.145614 -0.767834 -0.623882
vn -0.130986 -0.612656 -0.77942
vn -0.105726 -0.613219 -0.782806
vn -0.189509 -0.616309 -0.764362
vn 0.282532 -0.561657 -0.777636
vn -0.135256 -0.415635 -0.899418
vn -0.0913164 -0.41052 -0.907268
vn -0.023726 -0.428697 -0.903137
vn 0.97877 0.120236 -0.165987
vn 0.547225 -0.173166 -0.818876
vn -0.0327112 -0.103634 -0.994077
vn -0.0648043 -0.10498 -0.992361
vn 0.120756 -0.0334989 -0.992117
vn 0.854642 0.315071 -0.412694
vn 0.0416802 0.286358 -0.957216
vn 0.0372488 0.252211 -0.966955
vn 0.0699271 0.510892 -0.856796
vn 0.0757831 0.479429 -0.874302
vn 0.105481 0.639524 -0.761501
vn 0.111935 0.636131 -0.763418
vn 0.370968 0.610368 -0.699881
vn 0.687858 0.390421 -0.611901
vn 0.417032 0.632234 -0.652966
vn 0.169711 0.757855 -0.629963
vn 0.765067 0.333959 -0.550585
vn 0.642088 0.565389 -0.517743
vn 0.891201 0.374628 -0.255762
vn 0.642586 0.489406 -0.589547
vn 0.629709 0.70417 -0.328041
vn 0.26422 0.888741 -0.374602
vn 0.713241 0.695542 0.086655
vn 0.353217 0.935448 -0.013216
vn 0.374054 0.926878 0.0313134
vn 0.29585 0.893907 -0.336754
vn 0.374016 0.861837 0.342562
vn 0.401613 0.852959 0.33342
vn 0.385483 0.920776 0.0597887
vn 0.294547 0.717682 0.631011
vn 0.353354 0.738964 0.573649
vn 0.377571 0.755582 0.53529
vn 0.408147 0.848193 0.337615
vn 0.343441 0.768862 0.539351
vn 0.36283 0.859308 0.360476
vn 0.296503 0.660994 0.689328
vn 0.196982 0.673809 0.712166
vn 0.216176 0.780342 0.586801
vn 0.150749 0.508132 0.847984
vn 0.0899985 0.491911 0.865981
vn 0.0797135 0.658189 0.748621
vn 0.047768 0.171918 0.983952
vn 0.0599585 0.160663 0.985187
vn -0.11994 -0.3709 0.920895
vn -0.0188817 -0.36805 0.929614
vn -0.226909 -0.868967 0.439783
vn -0.0821201 -0.878445 0.470733
vn -0.181452 -0.958948 -0.217932
vn -0.068538 -0.979251 -0.19071
vn -0.104623 -0.786437 -0.608745
vn -0.0343416 -0.811633 -0.583157
vn -0.0769913 -0.633745 -0.769701
vn -0.0231442 -0.657192 -0.753368
vn -0.067834 -0.484216 -0.872315
vn -0.0200659 -0.514549 -0.857226
vn -0.0881579 -0.442902 -0.892225
vn -0.0949051 -0.229801 -0.968599
vn -0.0748924 -0.301658 -0.95047
vn -0.0852395 -0.151616 -0.984757
vn -0.0984324 0.128116 -0.986862
vn -0.10792 0.045705 -0.993108
vn -0.0363664 0.208638 -0.977317
vn -0.0204204 0.453212 -0.891169
vn -0.0793554 0.420417 -0.903854
vn 0.035963 0.648477 -0.760384
vn 0.0131777 0.679174 -0.733859
vn 0.150638 0.809906 -0.566887
vn 0.167679 0.855196 -0.490433
vn 0.18479 0.769388 -0.611469
vn 0.294159 0.916571 -0.270865
vn 0.314982 0.929088 -0.193862
vn 0.394497 0.913942 0.0952945
vn 0.354257 0.924426 0.141202
vn 0.299485 0.948256 -0.105445
vn 0.228391 0.955218 0.188139
vn 0.198239 0.979201 -0.0432102
vn 0.228627 0.881593 0.412945
vn 0.0480945 0.885535 0.462077
vn 0.0409395 0.975467 0.216308
vn 0.0596818 0.769324 0.636065
vn -0.0670742 0.725327 0.685129
vn -0.123866 0.854358 0.504708
vn -0.0137676 0.611716 0.790957
vn -0.114733 0.541296 0.832967
vn -0.19187 0.652964 0.732682
vn 0.034795 0.456713 0.888933
vn -0.0333214 0.401947 0.915056
vn 0.0832829 0.160647 0.983492
vn 0.070488 0.1517 0.98591
vn 0.120393 -0.327395 0.937186
vn 0.213799 -0.267131 0.939644
vn 0.135215 -0.839971 0.525515
vn 0.340278 -0.743702 0.575428
vn 0.114161 -0.984926 -0.129952
vn 0.329377 -0.942926 -0.0490005
vn 0.078197 -0.826468 -0.557527
vn 0.224087 -0.822616 -0.522578
vn 0.055851 -0.66827 -0.741819
vn 0.14908 -0.656359 -0.739572
vn 0.0462065 -0.523022 -0.851066
vn 0.117214 -0.506505 -0.854233
vn 0.0400459 -0.354044 -0.934371
vn 0.0969311 -0.338057 -0.936121
vn -0.0234539 -0.346276 -0.937839
vn -0.0299341 -0.0744047 -0.996779
vn 0.027186 -0.0871683 -0.995823
vn -0.0859329 -0.0275498 -0.99592
vn -0.0589874 0.393403 -0.917472
vn -0.0262487 0.377978 -0.925442
vn -0.0769529 0.400335 -0.913132
vn 0.0323766 0.729843 -0.682848
vn 0.030937 0.774729 -0.631536
vn 0.181617 0.90547 -0.383586
vn 0.131935 0.944151 -0.301946
vn 0.0242729 0.954054 -0.29865
vn -4.61988e-05 0.780509 -0.625145
vn 0.0336029 0.998843 -0.0344031
vn -0.146084 0.987019 -0.0667263
vn -0.100375 0.931581 -0.349401
vn -0.159808 0.961149 0.225065
vn -0.333399 0.91769 0.216078
vn -0.30529 0.943721 -0.127236
vn -0.279417 0.791711 0.543249
vn -0.414215 0.716327 0.561518
vn -0.480606 0.854842 0.195611
vn -0.310472 0.567022 0.76295
vn -0.424168 0.485484 0.764452
vn -0.532515 0.643307 0.550076
vn -0.225896 0.454782 0.861478
vn -0.332603 0.366814 0.868806
vn -0.126415 0.318713 0.939383
vn -0.215527 0.234881 0.947829
vn 0.0167291 0.105544 0.994274
vn -0.0313791 0.0495088 0.998281
vn 0.238443 -0.239633 0.941128
vn 0.252873 -0.242041 0.936734
vn 0.452946 -0.650132 0.610056
vn 0.521343 -0.568872 0.636071
vn 0.476101 -0.877982 0.0497503
vn 0.606556 -0.778994 0.158925
vn 0.334006 -0.833674 -0.439804
vn 0.501229 -0.799704 -0.330519
vn 0.197814 -0.660565 -0.72424
vn 0.314414 -0.645707 -0.69585
vn 0.135776 -0.482312 -0.865413
vn 0.180684 -0.432526 -0.883331
vn 0.113377 -0.312687 -0.943066
vn 0.125932 -0.245611 -0.961154
vn 0.0671346 -0.0708983 -0.995222
vn 0.063472 -0.0272481 -0.997612
vn 0.0629085 -0.0805397 -0.994764
vn -8.02037e-05 0.298787 -0.95432
vn -0.0243701 0.265509 -0.9638
vn -0.00271203 0.345731 -0.93833
vn -0.0485191 0.744592 -0.665754
vn -0.0995044 0.674049 -0.731954
vn -0.214827 0.876558 -0.430693
vn -0.296942 0.802495 -0.517521
vn -0.149823 0.594922 -0.789697
vn -0.430905 0.880417 -0.197958
vn -0.521214 0.807531 -0.276096
vn -0.372322 0.72034 -0.585224
vn -0.597235 0.788288 0.148031
vn -0.712759 0.697285 0.0759491
vn -0.616573 0.709509 -0.341224
vn -0.666729 0.557946 0.494134
vn -0.797074 0.450654 0.401975
vn -0.829099 0.55896 -0.0125641
vn -0.541374 0.395407 0.742002
vn -0.651257 0.313166 0.691225
vn -0.421709 0.28676 0.860192
vn -0.491385 0.221097 0.842412
vn -0.276873 0.183945 0.943136
vn -0.318426 0.153733 0.935399
vn -0.0408619 0.0353169 0.99854
vn -0.0498127 0.0748871 0.995947
vn 0.295992 -0.172194 0.939541
vn 0.324223 -0.0311443 0.945468
vn 0.626041 -0.388734 0.675987
vn 0.70117 -0.146634 0.697753
vn 0.807413 -0.534546 0.249689
vn 0.928893 -0.220536 0.297527
vn 0.788401 -0.574251 -0.220589
vn 0.962615 -0.23741 -0.130417
vn 0.597765 -0.480446 -0.641755
vn 0.812023 -0.205675 -0.546183
vn 0.352384 -0.307766 -0.883802
vn 0.530016 -0.129463 -0.838047
vn 0.191958 -0.14501 -0.970631
vn 0.269242 -0.0392336 -0.962273
vn 0.0644822 0.034589 -0.997319
vn 0.0468392 0.0854322 -0.995242
vn -0.101941 0.262217 -0.95961
vn -0.162783 0.255308 -0.953058
vn -0.0616506 0.253841 -0.965279
vn -0.217093 0.529367 -0.820147
vn -0.287965 0.475318 -0.831354
vn -0.457874 0.625289 -0.631953
vn -0.552036 0.517724 -0.653619
vn -0.373338 0.415056 -0.829667
vn -0.721127 0.57377 -0.388282
vn -0.813543 0.403566 -0.418667
vn -0.647223 0.379084 -0.66136
vn -0.922676 0.374045 -0.0935916
vn -0.970629 0.174771 -0.165333
vn -0.87008 0.225887 -0.438105
vn -0.907657 0.298663 0.294887
vn -0.976142 0.110486 0.186923
vn -0.746862 0.206126 0.632226
vn -0.826136 0.0633306 0.5599
vn -0.554461 0.146592 0.819197
vn -0.605263 0.0506291 0.794414
vn -0.348656 0.118063 0.929785
vn -0.364314 0.070863 0.928576
vn -0.0577979 0.104816 0.992811
vn -0.04095 0.112301 0.99283
vn 0.327998 0.0800896 0.941277
vn 0.333588 0.148659 0.930924
vn 0.694509 0.0275348 0.718957
vn 0.657215 0.154393 0.73772
vn 0.940914 -0.0227761 0.337878
vn 0.91382 0.134822 0.383088
vn 0.99565 -0.0304575 -0.0880586
vn 0.991226 0.112222 -0.0698441
vn 0.876028 -0.0115501 -0.482121
vn 0.885197 0.100942 -0.454134
vn 0.62463 0.00799658 -0.780879
vn 0.664281 0.0862495 -0.74249
vn 0.316758 0.0413912 -0.947603
vn 0.339708 0.0816008 -0.936984
vn 0.0159614 0.117439 -0.992952
vn -0.029467 0.115691 -0.992848
vn -0.251039 0.225912 -0.941245
vn -0.334412 0.174734 -0.926087
vn -0.470174 0.32037 -0.822375
vn -0.553748 0.219384 -0.803264
vn -0.719651 0.238858 -0.651958
vn -0.751954 0.120196 -0.648165
vn -0.604 0.129983 -0.786313
vn -0.884282 0.0761459 -0.460704
vn -0.87116 -0.0345553 -0.489781
vn -0.754989 0.0176052 -0.655501
vn -0.974943 0.0144756 -0.221985
vn -0.958649 -0.0938248 -0.268681
vn -0.992371 -0.0374543 0.117456
vn -0.988009 -0.133721 0.0771811
vn -0.857914 -0.0466403 0.511671
vn -0.860897 -0.116954 0.495154
vn -0.622864 -0.0142186 0.782201
vn -0.604854 -0.0414631 0.795256
vn -0.348786 0.0542762 0.935629
vn -0.303723 0.0677761 0.950347
vn -0.00763164 0.141231 0.989947
vn 0.0338737 0.184447 0.982258
vn 0.343998 0.214088 0.914238
vn 0.347167 0.274403 0.89676
vn 0.6269 0.26149 0.733907
vn 0.600458 0.3355 0.725872
vn 0.867054 0.285334 0.408414
vn 0.818593 0.380449 0.430307
vn 0.963418 0.264933 -0.0404573
vn 0.923947 0.382262 0.014029
vn 0.882051 0.214545 -0.419471
vn 0.875999 0.332242 -0.349629
vn 0.6997 0.155732 -0.697257
vn 0.730982 0.257375 -0.632
vn 0.370016 0.104868 -0.923088
vn 0.392763 0.17021 -0.903751
vn -0.0717722 0.0892505 -0.99342
vn -0.110516 0.0879329 -0.989977
vn -0.404346 0.110075 -0.907958
vn -0.459235 0.0530452 -0.88673
vn -0.631866 0.043935 -0.773832
vn -0.637905 -0.0149209 -0.769971
vn -0.487213 0.0313686 -0.872719
vn -0.740218 -0.0539378 -0.6702
vn -0.71523 -0.127936 -0.68708
vn -0.618718 -0.0840572 -0.781103
vn -0.846145 -0.107644 -0.521969
vn -0.815871 -0.174113 -0.551397
vn -0.937087 -0.161259 -0.309619
vn -0.911876 -0.219691 -0.346724
vn -0.979948 -0.19401 0.0453994
vn -0.969456 -0.24435 0.0211501
vn -0.849637 -0.156309 0.503671
vn -0.829567 -0.180329 0.528488
vn -0.561207 -0.0436758 0.826522
vn -0.501584 -0.0332133 0.864471
vn -0.235146 0.0929781 0.967503
vn -0.17318 0.112154 0.978484
vn 0.077553 0.211791 0.974233
vn 0.0944982 0.219276 0.971076
vn 0.347989 0.297774 0.888951
vn 0.327927 0.304877 0.894155
vn 0.580018 0.365804 0.727851
vn 0.553442 0.391897 0.734928
vn 0.782946 0.432943 0.446717
vn 0.75177 0.478312 0.453937
vn 0.884941 0.461175 0.0647889
vn 0.848455 0.520675 0.0949809
vn 0.858086 0.434064 -0.274366
vn 0.830528 0.510099 -0.223656
vn 0.733581 0.374815 -0.566897
vn 0.713602 0.464498 -0.524418
vn 0.380665 0.270197 -0.884357
vn 0.356493 0.339023 -0.870618
vn -0.148918 0.124123 -0.981028
vn -0.154413 0.13241 -0.979094
vn -0.466441 -0.0094558 -0.884502
vn -0.403836 -0.0946272 -0.909924
vn -0.0803617 0.0929541 -0.992422
vn -0.5804 -0.188439 -0.792229
vn -0.567048 -0.258646 -0.782022
vn -0.350345 -0.143527 -0.925559
vn -0.686068 -0.230325 -0.690117
vn -0.685388 -0.3029 -0.662189
vn -0.782497 -0.263067 -0.564353
vn -0.773392 -0.324853 -0.544367
vn -0.878296 -0.30057 -0.371824
vn -0.863796 -0.346772 -0.365522
vn -0.946564 -0.322481 -0.0048034
vn -0.932597 -0.35861 -0.0407634
vn -0.796835 -0.236184 0.556122
vn -0.795524 -0.269519 0.542679
vn -0.425849 -0.0493154 0.903449
vn -0.372355 -0.0594984 0.926181
vn -0.116151 0.107587 0.987387
vn -0.0560039 0.103455 0.993056
vn 0.116555 0.225798 0.967176
vn 0.163422 0.224739 0.960617
vn 0.323425 0.333567 0.885511
vn 0.35354 0.331339 0.874771
vn 0.531323 0.441086 0.723284
vn 0.541534 0.432393 0.720956
vn 0.717351 0.528624 0.453833
vn 0.710105 0.516069 0.478981
vn 0.816271 0.565957 0.11573
vn 0.814728 0.559084 0.153762
vn 0.80998 0.554029 -0.192312
vn 0.818644 0.548463 -0.170326
vn 0.709396 0.504135 -0.49255
vn 0.723689 0.493757 -0.48216
vn 0.397203 0.353062 -0.8471
vn 0.452549 0.341312 -0.823836
vn 0.0135224 0.077633 -0.99689
vn 0.049067 0.111258 -0.992579
vn 0.458909 0.339779 -0.820946
vn -0.338392 -0.111349 -0.934394
vn -0.321095 -0.0709987 -0.944382
vn 0.0841259 0.126288 -0.98842
vn -0.591953 -0.249483 -0.766387
vn -0.603467 -0.207286 -0.769974
vn -0.721793 -0.307549 -0.620023
vn -0.753958 -0.273925 -0.597087
vn -0.803384 -0.328901 -0.496385
vn -0.844171 -0.30182 -0.443035
vn -0.883384 -0.341058 -0.321422
vn -0.915629 -0.310799 -0.255005
vn -0.940561 -0.336236 -0.0478573
vn -0.954546 -0.298017 0.00529943
vn -0.829727 -0.250786 0.498658
vn -0.857713 -0.226808 0.461397
vn -0.39055 -0.0536555 0.919017
vn -0.45777 -0.0640168 0.886763
vn -0.0231547 0.103367 0.994374
vn -0.0221312 0.0949727 0.995234
vn 0.214057 0.215151 0.952833
vn 0.259903 0.205295 0.943559
vn 0.395119 0.308042 0.865443
vn 0.450677 0.292385 0.843446
vn 0.571704 0.399637 0.716551
vn 0.62137 0.37828 0.686151
vn 0.727667 0.479808 0.490189
vn 0.759748 0.451129 0.468259
vn 0.829943 0.530975 0.171056
vn 0.850735 0.49817 0.167559
vn 0.831537 0.529736 -0.167111
vn 0.850549 0.498132 -0.168612
vn 0.724949 0.4776 -0.496333
vn 0.745871 0.447871 -0.49304
vn 0.486621 0.322401 -0.811947
vn 0.566462 0.299124 -0.767884
vn 0.797487 0.38583 -0.463842
vn 0.162847 0.14357 -0.97615
vn 0.257042 0.158236 -0.953358
vn 0.637135 0.259216 -0.725855
vn -0.283093 -0.0269934 -0.958713
vn -0.235739 0.0186583 -0.971637
vn -0.611055 -0.148096 -0.777611
vn -0.635825 -0.0930017 -0.76621
vn -0.791659 -0.206549 -0.574989
vn -0.839801 -0.142946 -0.523737
vn -0.890453 -0.229074 -0.393215
vn -0.926204 -0.157015 -0.342772
vn -0.955696 -0.232521 -0.180495
vn -0.981086 -0.159052 -0.110328
vn -0.973463 -0.213389 0.082675
vn -0.978346 -0.144793 0.1479
vn -0.881421 -0.15904 0.444751
vn -0.897719 -0.114078 0.425543
vn -0.539792 -0.0437965 0.840658
vn -0.605381 -0.0407304 0.794893
vn -0.0554541 0.0894775 0.994444
vn -0.115276 0.0609388 0.991463
vn 0.289044 0.178394 0.940547
vn 0.267782 0.13147 0.954468
vn 0.517224 0.244522 0.820176
vn 0.536106 0.181423 0.824425
vn 0.713519 0.312635 0.627017
vn 0.785506 0.235656 0.57223
vn 0.841197 0.37028 0.394056
vn 0.923057 0.277345 0.266544
vn 0.903443 0.410177 0.124683
vn 0.952386 0.304876 0.00355125
vn 0.89194 0.416798 -0.175279
vn 0.921999 0.315408 -0.224579
vn 0.838075 0.305187 -0.452207
vn 0.872305 0.221982 -0.43567
vn 0.937533 0.246019 -0.245979
vn 0.689287 0.173433 -0.703424
vn 0.738594 0.141311 -0.659174
vn 0.915271 0.190859 -0.354757
vn 0.292292 0.094825 -0.951616
vn 0.229995 0.0527763 -0.97176
vn -0.264421 -0.000831508 -0.964407
vn -0.416937 -0.0362494 -0.908212
vn -0.686413 -0.0726158 -0.723577
vn -0.751178 -0.072246 -0.656134
vn -0.875891 -0.104539 -0.471049
vn -0.890591 -0.086239 -0.446555
vn -0.944666 -0.113977 -0.307597
vn -0.949119 -0.0926597 -0.300978
vn -0.988435 -0.119056 -0.0939272
vn -0.985241 -0.0952084 -0.142249
vn -0.990897 -0.0890809 0.100939
vn -0.982057 -0.116743 0.148102
vn -0.912175 -0.0959569 0.398409
vn -0.917853 -0.0546992 0.393133
vn -0.652011 0.0241507 0.757825
vn -0.645726 -0.028578 0.763035
vn -0.227874 0.113795 0.967018
vn -0.186266 0.0657535 0.980297
vn 0.239203 0.195122 0.951162
vn 0.221804 0.141101 0.964828
vn 0.540817 0.202724 0.816346
vn 0.619846 0.252301 0.743058
vn 0.80739 0.255914 0.531629
vn 0.826034 0.278597 0.489951
vn 0.944425 0.272052 0.184523
vn 0.934368 0.273593 0.22826
vn 0.962412 0.262515 -0.0696369
vn 0.968199 0.249959 0.0105151
vn 0.961604 0.222253 -0.161003
vn 0.961412 0.272199 -0.0399282
vn 0.952817 0.284692 0.105312
vn 0.896149 0.257224 -0.361598
vn 0.515272 0.52596 -0.676654
vn 0.84563 0.523377 -0.104812
vn -0.566605 0.159817 -0.808342
vn -0.784598 -0.05744 -0.617339
vn -0.92089 0.00466527 -0.389795
vn -0.89749 -0.0739985 -0.434783
vn -0.955541 -0.0821826 -0.283173
vn -0.981208 -0.0179308 -0.19212
vn -0.984207 -0.073934 -0.160842
vn -0.992903 -0.0203966 -0.117166
vn -0.996669 -0.0573437 0.0579941
vn -0.99994 0.01093 8.6934e-05
vn -0.916815 -0.0154119 0.399015
vn -0.906244 0.062528 0.418105
vn -0.606292 0.078555 0.791353
vn -0.534344 0.157151 0.83053
vn -0.190131 0.167358 0.967389
vn -0.124168 0.255605 0.958774
vn 0.321777 0.262324 0.909751
vn 0.378504 0.33361 0.863388
vn 0.692285 0.283938 0.663416
vn 0.723487 0.359952 0.589068
vn 0.837779 0.289723 0.462803
vn 0.822317 0.376467 0.426694
vn 0.910449 0.291746 0.2932
vn 0.885202 0.379062 0.269684
vn 0.92075 0.384383 0.0668469
vn 0.5593 0.827985 -0.0403083
vn 0.581554 0.755857 0.300792
vn -0.663051 0.696873 -0.273372
vn -0.566909 0.822688 0.0424078
vn -0.995871 0.0529662 -0.0737308
vn -0.997988 0.0495553 -0.0395417
vn -0.854603 0.249288 0.455532
vn -0.477017 0.794032 0.376786
vn -0.310273 0.586905 0.747846
vn -0.405263 0.435413 0.803852
vn 0.166142 0.525481 0.834426
vn 0.345426 0.681447 0.645221
vn -0.131304 0.317232 0.939214
vn 0.606209 0.39764 -0.688763
vn 0.528832 0.318605 -0.786656
vn 0.909601 0.415003 -0.019956
vn 0.912078 0.391225 -0.122707
vn 0.716276 0.517335 -0.468309
vn 0.939648 0.271642 0.208018
vn 0.994519 0.0510562 0.0912459
vn 0.941481 0.253165 0.222532
vn 0.932693 0.313602 0.17815
vn 0.976061 0.12222 0.179911
vn 0.973061 0.227766 0.0356931
vn 0.99122 -0.128296 0.0319849
vn 0.997885 -0.062176 -0.01898
vn 0.897592 -0.434289 -0.0756356
vn 0.955313 0.27929 0.0968169
vn 0.995797 0.0859438 0.0316422
vn 0.927044 -0.342068 -0.153555
vn 0.900885 0.398193 0.17277
vn 0.916532 0.348393 0.196449
vn 0.941291 0.153688 0.300584
vn 0.988729 -0.146554 -0.0306102
vn 0.937156 0.0117128 0.348713
vn 0.960336 -0.256659 -0.109003
vn 0.94414 0.0100824 0.329389
vn 0.941577 -0.314713 -0.119948
vn 0.70615 0.296885 0.642816
vn 0.766058 0.315719 0.55989
vn 0.917365 -0.128067 0.376882
vn 0.300668 0.538074 0.787449
vn 0.4073 0.723973 0.556749
vn 0.822211 -0.362107 0.439144
vn 0.755592 -0.481769 0.443824
vn 0.782584 -0.575412 0.23762
vn 0.723075 -0.66702 0.179574
vn 0.845245 -0.533231 0.0349976
vn 0.538408 -0.815185 -0.213519
vn 0.54062 -0.757898 -0.365131
vn 0.631756 -0.556463 -0.53966
vn 0.255324 -0.760038 -0.597622
vn 0.308098 -0.633282 -0.70995
vn 0.704332 -0.469353 -0.532564
vn 0.428156 -0.599253 -0.676445
vn 0.69281 -0.640906 -0.330536
vn 0.787989 -0.583752 -0.195724
vn 0.578402 -0.680271 -0.450204
vn 0.804709 -0.485178 -0.342121
vn 0.787883 -0.609465 -0.088276
vn 0.870366 -0.124664 0.476363
vn 0.877859 -0.13009 0.460913
vn 0.723762 -0.676994 -0.133597
vn 0.730567 -0.653473 -0.198104
vn 0.940993 -0.185872 0.282815
vn 0.954061 -0.225207 0.197609
vn 0.961269 -0.243578 0.12896
vn 0.90764 -0.416596 0.0513569
vn 0.724529 -0.679348 -0.116379
vn 0.982438 -0.159399 0.0969942
vn 0.717694 -0.537351 -0.442911
vn 0.734619 -0.601619 -0.31367
vn 0.961634 -0.264213 0.0738384
vn 0.768132 -0.634765 -0.0839444
vn 0.858345 -0.48751 -0.159931
vn 0.562312 -0.709218 -0.425222
vn 0.632503 -0.770706 -0.0771462
vn 0.908045 -0.330596 -0.257216
vn 0.773798 -0.585462 -0.241808
vn 0.764012 -0.607 -0.218717
vn 0.798916 -0.599238 -0.0514564
vn 0.942471 -0.325926 -0.0743046
vn 0.966287 -0.23736 0.0997494
vn 0.862425 -0.506172 0.00368131
vn 0.500805 -0.432486 -0.749766
vn 0.421805 -0.172551 -0.890116
vn 0.628408 -0.672975 -0.390139
vn 0.515 -0.163004 -0.841549
vn 0.361802 0.17308 -0.916047
vn 0.787157 -0.381392 -0.48469
vn 0.905725 -0.294586 -0.304763
vn 0.711052 -0.11947 -0.692915
vn 0.9343 -0.152093 0.322415
vn 0.847788 -0.123941 0.515649
vn 0.949964 -0.295016 0.102638
vn 0.868948 -0.215194 0.445669
vn 0.738562 -0.461118 0.49183
vn 0.65219 -0.106012 0.750606
vn 0.524489 -0.780476 -0.340249
vn 0.406597 -0.785925 -0.465834
vn 0.326201 -0.77472 -0.541666
vn 0.533629 -0.504763 -0.678568
vn 0.389218 -0.49622 -0.776064
vn 0.771546 -0.602389 -0.204559
vn 0.970846 -0.200026 -0.13209
vn 0.643269 -0.254829 -0.721988
vn 0.907631 -0.27387 0.318121
vn 0.924405 0.00681982 0.381352
vn 0.98196 -0.188832 0.00981874
vn 0.806121 -0.370152 0.461689
vn 0.886983 -0.0917563 0.452594
vn 0.822404 -0.194909 0.534474
vn 0.86636 0.0592897 0.495889
vn 0.89215 0.150062 0.426086
vn 0.756826 -0.256566 0.601156
vn 0.851992 -0.0324925 0.522545
vn 0.708108 -0.223439 0.66982
vn 0.840281 -0.076517 0.536724
vn 0.648628 -0.101012 0.754373
vn 0.794253 0.00132545 0.607586
vn 0.889856 0.101514 0.444805
vn 0.905362 0.0540046 0.421192
vn 0.859365 0.184179 0.477043
vn 0.890289 0.210269 0.403947
vn 0.918379 0.147499 0.367183
vn 0.868596 0.250199 0.427717
vn 0.868813 0.248308 0.428378
vn 0.887736 0.223653 0.402374
vn 0.851319 0.275215 0.446668
vn 0.799784 0.156069 0.579645
vn 0.758884 0.27066 0.592316
vn 0.804907 0.175078 0.566986
vn 0.697916 -0.206876 0.685649
vn 0.582575 -0.0539482 0.810984
vn 0.663292 0.103393 0.741184
vn 0.883313 0.430331 0.185937
vn 0.77025 0.552263 0.318937
vn 0.430956 0.408046 0.804845
vn 0.421204 0.275492 0.864113
vn 0.389477 0.49267 0.778193
vn 0.126267 0.574412 0.808769
vn 0.786003 0.34653 0.511974
vn 0.86225 0.320852 0.391891
vn 0.583852 0.555972 0.591618
vn 0.912936 0.192558 0.359818
vn 0.931443 0.181285 0.315515
vn 0.907803 0.284643 0.308013
vn 0.931528 0.113413 0.345533
vn 0.940712 0.0656087 0.332802
vn 0.952117 0.153897 0.264176
vn 0.892958 0.036705 0.44864
vn 0.847258 0.0998028 0.521721
vn 0.920642 0.0950651 0.378656
vn 0.846909 0.206202 0.490128
vn 0.967478 0.0743743 0.241775
vn 0.930642 -0.114323 0.347613
vn 0.807148 0.235637 0.541283
vn 0.911591 0.0461184 0.408502
vn 0.858686 -0.0474307 0.510302
vn 0.938525 0.0615214 0.339684
vn 0.748018 -0.662246 -0.0435678
vn 0.867626 -0.49717 -0.00685702
vn 0.650493 -0.750738 0.115113
vn 0.151295 -0.892431 -0.42506
vn 0.285715 -0.870491 -0.400766
vn 0.165758 -0.833389 -0.527244
vn 0.59825 -0.568645 -0.564571
vn 0.423171 -0.837766 0.345071
vn 0.746742 -0.462996 0.477505
vn 0.451922 -0.876211 0.167391
vn 0.266375 -0.948003 0.174171
vn 0.821847 -0.547564 0.15729
vn 0.748278 -0.640206 -0.17383
vn 0.370331 -0.890868 -0.263075
vn 0.97892 -0.0250102 0.202708
vn 0.996431 -0.0341582 0.0771906
vn 0.939491 0.228072 0.255615
vn 0.923163 0.306625 0.231842
vn 0.809484 0.454888 0.371232
vn 0.499245 0.659322 0.562182
vn 0.850942 0.3995 0.341023
vn 0.0421735 0.702499 0.710434
vn -0.124748 0.856337 0.501124
vn 0.156527 0.829118 0.536715
vn 0.408175 0.754523 0.513895
vn 0.839314 0.525959 -0.137549
vn 0.786855 0.605294 0.120324
vn 0.838212 0.545147 -0.0146603
vn 0.660213 0.52221 0.539829
vn 0.344738 0.442412 0.827905
vn 0.0164028 0.0713352 0.997317
vn 0.220641 0.247294 0.943484
vn 0 0.288247 0.957556
vn 2.38281e-09 -0.00543804 0.999985
vn 4.79895e-09 -0.0584069 0.998293
vn -0.18324 -0.0152066 0.982951
vn 0 -0.180863 0.983508
vn -0.257005 -0.160798 0.952939
vn -5.22232e-09 -0.707298 0.706916
vn -0.232781 -0.601735 0.764021
vn -2.8237e-09 -0.94063 0.339432
vn -0.0929167 -0.936368 0.338499
vn -3.7229e-11 -0.89552 0.445021
vn -0.0345027 -0.915498 0.400841
vn -1.20071e-09 -0.922178 0.386765
vn 0.0337372 -0.908436 0.41666
vn 0 -0.962654 0.270734
vn 0.0698495 -0.958015 0.278079
vn 3.58266e-09 -0.982988 0.183668
vn 0.0881464 -0.977969 0.189227
vn -4.7888e-09 -0.999289 0.0377068
vn 0.147746 -0.98792 0.0467519
vn 2.38084e-09 -0.999448 -0.0332092
vn 0.171287 -0.984888 -0.0256091
vn 2.37839e-09 -0.999714 -0.0239129
vn 0.172802 -0.984629 -0.0253881
vn -4.76479e-09 -0.999907 0.0136611
vn 0.197932 -0.980215 -0.00149854
vn 2.39632e-09 -0.999735 0.0230207
vn 0.248122 -0.968725 0.00280082
vn 2.41002e-09 -0.999682 -0.0252141
vn 0.371545 -0.927948 -0.0294394
vn 0.340877 -0.939809 -0.0237241
vn 0.481238 -0.876377 -0.0193173
vn 0.461064 -0.887026 -0.0246179
vn 0.326304 -0.945073 -0.0190579
vn 0.63167 -0.775024 -0.0182063
vn 0.672547 -0.734005 0.0944289
vn 0.424366 -0.90482 0.0348382
vn 0.978632 -0.0271251 0.203825
vn 0.673163 -0.654432 0.344339
vn 0.690893 0.707639 0.148033
vn 0.373213 -0.899006 0.229127
vn 0.610412 -0.713858 0.343225
vn 0.317591 -0.886251 0.337187
vn 0.24911 -0.951925 0.178279
vn 0.125874 -0.937758 0.323676
vn -0.116508 -0.966995 0.2266
vn -0.0979511 -0.948017 0.30277
vn -0.218606 -0.874391 0.433188
vn -0.228366 -0.908613 0.349673
vn 0.0684942 -0.916102 0.395051
vn 0.160139 -0.93931 0.303401
vn 0.186324 -0.963671 0.191369
vn 0.272984 -0.961348 0.0359083
vn -0.204055 -0.416724 0.885834
vn -0.343421 -0.528007 0.776705
vn 0.185299 -0.228346 0.955784
vn 0.321248 0.140938 0.936449
vn -0.0249379 0.0181692 0.999524
vn 0.623466 -0.15939 0.765431
vn 0.637965 0.227126 0.735808
vn 0.88262 -0.317255 0.346888
vn 0.840189 0.245169 0.483709
vn 0.874997 -0.480422 -0.0597879
vn 0.939587 0.177663 0.292596
vn 0.767365 -0.578722 -0.276102
vn 0.992468 0.0576702 0.108085
vn 0.728663 0.509946 0.457171
vn 0.683353 0.56423 0.463328
vn 0.634154 0.473164 0.611527
vn 0.446204 0.336671 0.829189
vn 0.185569 0.213583 0.959138
vn 0.491745 0.449733 0.745605
vn -0.0883578 0.0906537 0.991955
vn -0.270147 -0.0943528 0.958185
vn 0.731645 -0.555177 0.395568
vn 0.840162 -0.177852 0.512344
vn 0.947281 -0.27639 0.162072
vn 0.878882 -0.049671 0.474446
vn 0.919753 -0.284115 -0.2708
vn 0.869079 -0.251126 -0.426189
vn 0.913381 -0.396477 -0.0924152
vn 0.621886 0.0935298 -0.777502
vn 0.85865 -0.292516 -0.420898
vn 0.614011 0.137121 -0.777295
vn 0.844774 -0.393243 -0.362929
vn 0.849525 -0.497292 -0.176088
vn 0.790116 -0.591616 -0.160336
vn 0.617662 0.068024 -0.783497
vn 0.782071 -0.542027 -0.307524
vn 0.703663 -0.700231 -0.12056
vn 0.564532 -0.816191 -0.123028
vn 0.630471 -0.775663 -0.0292168
vn 0.547576 -0.835977 -0.0360922
vn 0.720741 -0.692894 -0.0207379
vn 0.693664 -0.716122 0.077457
vn 0.594171 -0.804102 0.0194971
vn 0.814571 -0.578955 0.0358616
vn 0.797876 -0.573812 0.184751
vn 0.907732 -0.372496 0.193051
vn 0.829089 -0.503197 0.243729
vn 0.709482 -0.696226 0.109105
vn 0.915366 -0.366829 0.165956
vn 0.992219 0.0174393 0.123277
vn 0.392294 -0.903054 -0.174923
vn 0.95266 0.143468 0.268058
vn 0.775973 0.354464 0.521748
vn 0.806096 0.366704 0.464475
vn 0.598649 0.463412 0.653351
vn 0.62946 0.467001 0.62104
vn 0.462001 0.522197 0.716844
vn 0.493482 0.523808 0.694335
vn 0.391108 0.559659 0.730628
vn 0.428188 0.608339 0.668266
vn 0.532474 0.572007 0.623922
vn 0.34599 0.632336 0.693139
vn 0.370426 0.682703 0.629842
vn 0.46533 0.652224 0.598391
vn 0.28211 0.645181 0.710039
vn 0.284229 0.700712 0.654382
vn 0.224803 0.648883 0.726921
vn 0.199818 0.702223 0.683341
vn 0.172635 0.642146 0.74689
vn 0.129002 0.68324 0.718708
vn 0.122962 0.627519 0.768831
vn 0.0804055 0.652139 0.753824
vn 0.14549 0.607724 0.780708
vn 0.0184456 0.66071 0.750414
vn 0.0621141 0.701892 0.70957
vn -0.049828 0.641095 0.765842
vn 0.00141284 0.675888 0.737003
vn -0.107242 0.605479 0.788603
vn -0.0299946 0.615564 0.787516
vn -0.144429 0.568783 0.809707
vn -0.0292642 0.540635 0.840748
vn -0.162759 0.488558 0.857217
vn -0.0190139 0.413192 0.910446
vn -0.141843 0.400913 0.905069
vn -0.000725344 0.324021 0.94605
vn -0.0288665 0.542954 0.839266
vn 0.110708 0.486213 0.866799
vn 0.0841233 0.695816 0.713276
vn 0.227718 0.651437 0.723722
vn 0.126939 0.689347 0.713223
vn 0.313246 0.395009 0.863623
vn 0.190253 0.222119 0.956278
vn 0.33191 0.122462 0.935328
vn 0.320341 0.188323 0.928394
vn 0.182314 0.290847 0.939239
vn 0.360404 0.357506 0.861567
vn 0.194145 0.448084 0.872656
vn 0.369916 0.501093 0.782348
vn 0.185607 0.572556 0.79858
vn 0.340402 0.628243 0.699598
vn 0.171557 0.67513 0.717473
vn 0.442215 0.569598 0.692823
vn 0.400288 0.665624 0.629853
vn 0.300339 0.704917 0.642564
vn 0.496054 0.613018 0.61493
vn 0.566594 0.610898 0.552969
vn 0.648789 0.526616 0.549316
vn 0.171314 0.722103 0.670238
vn 0.917639 -0.2764 0.285553
vn 0.355033 -0.672009 0.649888
vn 0.475642 -0.797806 0.3705
vn 0.523416 -0.833366 0.177586
vn 0.493195 -0.674668 0.549164
vn 0.523003 -0.849596 -0.0682264
vn 0.634845 -0.691828 -0.344014
vn 0.796425 -0.240179 -0.554997
vn 0.816607 0.357898 -0.452838
vn 0.679349 0.304072 0.667851
vn 0.71518 0.392082 0.57861
vn 0.870844 0.161157 0.464391
vn 0.727578 0.491709 0.478385
vn 0.698587 0.592033 0.401837
vn -4.11367e-08 -0.978244 -0.207457
vn 2.42796e-09 -0.494241 -0.869325
vn 2.37889e-09 -0.629276 -0.777182
vn -8.92105e-10 -0.766588 -0.642139
vn -9.68872e-09 -0.0462975 0.998928
vn 0.685023 -0.0719837 0.724957
vn -4.7948e-09 0.190472 0.981693
vn 0.758366 0.124296 0.639869
vn -4.92607e-09 0.141438 0.989947
vn 0.744203 0.0986801 0.660624
vn 0.784884 -0.0850278 -0.613781
vn 0.763055 -0.151499 -0.628327
vn 2.39027e-09 -0.138567 -0.990353
vn -9.63696e-09 -0.232208 -0.972666
vn 7.14931e-09 0.086048 -0.996291
vn 1.54609e-08 -0.596855 -0.802349
vn 0 -0.0274479 -0.999623
vn 0.844072 -0.0637705 -0.532424
vn 0 0.209033 -0.977909
vn -1.54628e-08 0.367102 -0.930181
vn 0 0.551192 -0.834378
vn 0.337358 0.516748 -0.786868
vn 1.50477e-08 0.724958 -0.688794
vn 1.58522e-08 0.889585 -0.45677
vn 2.44537e-08 0.95737 -0.288866
vn 0 0.970649 -0.240501
vn 0.388879 0.526707 -0.755879
vn 0.862219 -0.441457 -0.248384
vn 0.707242 -0.622229 -0.335618
vn -0.373428 -0.927588 0.0114544
vn -0.179266 -0.952514 0.246133
vn -0.435557 -0.671324 0.599678
vn -0.583983 -0.808119 0.0768644
vn 0.0373531 -0.970046 0.240033
vn -0.0192846 -0.765148 0.643565
vn -0.433625 0.887812 0.15414
vn -0.600449 0.669036 0.43801
vn -0.646922 0.735259 -0.202202
vn -0.245615 0.926727 -0.284342
vn -0.0799359 0.996018 0.0394767
vn -0.671616 0.739508 -0.0453798
vn -0.156741 0.957929 0.240427
vn -0.498912 0.552758 0.667492
vn -0.712328 0.346575 0.610307
vn -0.656619 -0.080641 0.749899
vn -0.543989 0.447136 0.710032
vn -0.562856 -0.106785 0.819628
vn -0.374436 0.424828 0.824208
vn -0.599321 -0.560758 -0.571284
vn -0.654318 -0.050878 -0.754506
vn -0.996187 -0.035333 -0.0797733
vn -0.909687 -0.35826 -0.210047
vn -0.823022 0.0119832 0.567883
vn -0.737741 -0.096644 0.66813
vn -0.708679 -0.0884012 0.699971
vn -0.6023 -0.100028 0.791978
vn -0.730826 -0.118757 0.672153
vn -0.900479 0.401204 0.167847
vn -0.610355 0.558997 -0.561238
vn -0.574309 0.70245 0.420397
vn -0.799893 0.4041 0.443705
vn -0.392741 0.908814 -0.140757
vn -0.210251 0.960142 0.184181
vn -0.736067 -0.251222 0.628564
vn -0.832167 0.100184 0.5454
vn -0.800107 -0.222503 0.557065
vn -0.749868 -0.363129 0.553024
vn -0.746279 -0.546833 0.379526
vn -0.839085 -0.451303 0.303747
vn -0.899107 -0.421812 -0.116968
vn -0.721758 -0.691497 0.029959
vn -0.856923 -0.249474 0.45105
vn -0.686875 -0.312354 0.65623
vn -0.997723 -0.00695023 0.067088
vn -0.806133 0.411355 0.425366
vn -0.374782 0.766155 0.522059
vn -0.269361 0.946536 0.177524
vn -0.620654 0.780233 -0.07762
vn -0.143736 0.876295 0.459834
vn -0.312417 0.617259 0.722071
vn -0.195447 0.442506 0.875208
vn -0.0304004 0.397499 0.917099
vn -0.0741835 0.66664 0.74168
vn -0.519712 0.0840172 0.850201
vn -0.127789 0.0584566 0.990077
vn -0.715666 0.18077 0.674643
vn -0.933393 -0.104784 0.343218
vn -0.923152 0.175315 0.342133
vn -0.410868 0.098594 0.906348
vn -0.353844 -0.328014 0.8759
vn -0.333627 -0.342658 0.878224
vn -0.274609 0.334378 0.901544
vn -0.887117 0.350086 0.300772
vn -0.784562 0.236805 0.573049
vn -0.700133 0.210336 0.682329
vn -0.746896 0.283724 0.601371
vn -0.741021 0.0973402 0.664389
vn -0.546513 -0.0307712 0.836885
vn -0.654303 0.107215 0.748594
vn -0.710834 -0.616986 0.337703
vn -0.903487 -0.368607 -0.218725
vn -0.899491 -0.0976158 -0.425895
vn -0.354666 0.282559 0.891276
vn -0.0691843 0.0839089 0.994069
vn -0.48957 -0.113645 0.864526
vn -0.800602 0.274592 0.532575
vn -0.794393 -0.273413 0.542389
vn 0.0716575 -0.351431 0.933468
vn -0.0354389 -0.717895 0.695249
vn 0.0370748 0.0561889 0.997732
vn -0.948993 0.280472 0.144042
vn -0.977257 0.184667 0.104246
vn -0.968674 0.248335 -0.00110884
vn -0.214731 0.630879 0.745575
vn -0.234736 0.613139 0.754294
vn -0.228846 0.625747 0.745701
vn -0.217251 0.631848 0.744023
vn -0.232244 0.615409 0.753216
vn -0.257505 0.610564 0.748934
vn -0.46143 0.878329 0.124984
vn -0.364891 0.660662 0.656034
vn -0.946653 0.289413 0.141733
vn -0.829929 0.556077 -0.0446906
vn -0.906915 0.253113 0.336808
vn -0.62647 0.179133 0.758582
vn -0.974299 0.037759 0.222072
vn -0.104804 0.406426 0.907653
vn 0.153198 0.193837 -0.968998
vn 0.461979 0.0393104 -0.886019
vn -0.161271 0.168679 -0.972388
vn -0.622961 0.226965 -0.748603
vn -0.498428 0.440353 -0.746765
vn -0.61226 0.379478 -0.693639
vn -0.424762 0.295407 -0.855752
vn -0.63736 0.340129 -0.691437
vn -0.235964 0.141954 -0.961338
vn -0.0154963 0.279395 -0.960051
vn -0.568582 0.297263 -0.767039
vn -0.157741 0.454779 -0.876524
vn -0.872883 0.233621 0.428365
vn -0.97708 0.0985908 0.188666
vn -0.878753 0.432167 -0.202546
vn -0.865392 0.344819 0.363588
vn -0.959615 -0.281312 -0.00131606
vn -0.718132 -0.0389026 -0.694819
vn -0.924291 -0.0778226 0.37367
vn -0.861607 0.135425 0.489176
vn -0.916948 -0.0415646 0.396836
vn -0.917736 -0.328058 0.223917
vn -0.882767 -0.277024 0.379446
vn -0.943801 -0.127768 0.30482
vn -0.831267 -0.521151 0.193381
vn -0.887939 -0.354963 0.292515
vn -0.880197 -0.45615 0.131078
vn -0.837024 -0.540274 0.0865698
vn -0.590015 -0.779441 0.210604
vn -0.640165 -0.7574 0.128582
vn -0.788179 -0.196032 0.583391
vn -0.717924 -0.31647 0.620026
vn -0.8175 -0.345409 0.460854
vn -0.833907 -0.0841342 0.545455
vn -0.763558 -0.551913 0.33522
vn -0.642974 -0.537786 0.545317
vn -0.741316 -0.549171 0.385825
vn -0.55078 -0.670155 0.497528
vn -0.607651 -0.717421 0.340687
vn -0.702249 -0.681278 0.206655
vn -0.581707 -0.678398 0.448769
vn -0.784711 -0.596333 0.169158
vn -0.682113 -0.220554 0.697193
vn -0.747024 -0.556076 0.364329
vn -0.697859 -0.103926 0.708655
vn -0.545316 -0.365887 0.75416
vn -0.513925 0.0230581 0.857525
vn -0.524132 0.122981 0.842711
vn -0.6876 0.00411951 0.726078
vn -0.546543 -0.413594 0.728169
vn -0.689191 -0.721222 0.0696774
vn -0.402495 -0.713435 0.573593
vn -0.733328 -0.679875 -0.000238638
vn -0.743498 -0.668382 0.0218397
vn -0.398242 -0.871586 0.285903
vn -0.778538 -0.627425 0.0147268
vn -0.794062 -0.600019 0.0971702
vn -0.72376 -0.668356 0.171673
vn -0.867354 -0.495674 0.0447754
vn -0.791502 -0.187097 0.581824
vn -0.625027 -0.167661 0.762385
vn -0.536409 -0.318792 0.781432
vn -0.814658 -0.297137 0.498038
vn -0.381537 -0.178475 0.90696
vn -0.376737 -0.212295 0.901665
vn -0.260827 0.934597 0.241862
vn -0.507504 0.848191 0.151698
vn -0.621021 0.721405 0.306444
vn -0.257663 0.819291 0.512223
vn -0.576946 0.81564 -0.0431821
vn -0.313811 0.947095 -0.0673323
vn -0.787406 0.611473 0.0780492
vn -0.172083 -0.632331 0.755345
vn 0.180565 -0.718868 0.671286
vn 0.365994 0.183464 0.912354
vn -0.196831 0.426461 0.88283
vn 0.773914 -0.268778 0.573424
vn 0.223573 -0.948116 0.226035
vn -0.0242003 -0.999705 0.00182664
vn -0.604349 -0.777819 -0.17251
vn -0.610596 -0.788534 -0.0733935
vn -0.85717 -0.513495 -0.0397813
vn -0.741185 -0.670298 0.036683
vn -0.602384 -0.764098 0.230844
vn -0.785939 0.344608 0.513367
vn -0.664915 -0.445364 0.599616
vn -0.55418 -0.831793 0.0317051
vn -0.99723 0.000855935 0.0743705
vn -0.78952 -0.528428 -0.312125
vn -0.795862 -0.563426 -0.22171
vn -0.943128 -0.331123 -0.0294641
vn -0.915622 -0.348817 -0.199909
vn -0.950679 -0.297302 -0.0884356
vn -0.952899 -0.152916 -0.261918
vn -0.881808 -0.404914 0.241783
vn -0.721687 -0.673498 -0.159899
vn -0.640881 -0.752172 -0.153328
vn -0.672184 -0.736874 0.0720063
vn -0.836749 -0.547483 -0.0106325
vn -0.52421 -0.818791 -0.234063
vn 0.791923 -0.558021 -0.247933
vn 0.759382 -0.300797 -0.57694
vn 0.821374 0.136321 -0.55386
vn 0.979073 0.160895 -0.124611
vn 0.387322 -0.47012 -0.793076
vn 0.200831 -0.949455 -0.241252
vn 0.448231 0.1482 -0.881547
vn -0.162847 -0.335784 -0.927755
vn -0.10435 -0.936977 -0.333445
vn -0.479879 -0.821329 -0.308439
vn -0.716033 -0.161395 -0.679153
vn -0.448954 -0.885676 -0.1184
vn -0.96463 -0.123808 -0.232724
vn -0.729049 -0.162649 -0.664856
vn -0.19734 -0.378693 -0.904239
vn -0.831634 0.133695 -0.53899
vn -0.909235 -0.0475421 -0.41356
vn -0.099053 -0.342814 -0.934166
vn 0.593259 -0.319297 -0.738981
vn 0.599048 -0.0507451 -0.799104
vn 0.788846 -0.24217 -0.564868
vn -0.682646 0.729685 0.0394329
vn -0.776855 0.577353 0.251315
vn -0.798096 0.547543 0.251475
vn -0.70689 0.69833 0.112433
vn -0.822049 0.464413 0.329477
vn -0.729352 0.534224 0.427377
vn -0.791421 0.490711 0.364494
vn -0.851225 0.481728 0.208215
vn -0.747873 0.646356 -0.151361
vn -0.83755 0.540151 -0.0821347
vn -0.877804 0.46577 -0.111884
vn 0.629298 0.0427799 -0.775986
vn -0.128089 0.199239 -0.971543
vn -0.741753 0.179241 -0.646278
vn 0.911494 -0.271233 -0.309211
vn 0.503198 -0.416144 -0.757374
vn 0.625082 -0.331219 -0.706801
vn 0.797757 -0.477397 -0.368342
vn -0.114246 -0.703111 -0.701842
vn -0.317413 -0.844963 -0.430449
vn 0.308087 -0.380846 -0.871802
vn -0.956998 0.184896 -0.223536
vn -0.992165 0.122351 0.0252734
vn -0.889242 0.42739 0.163052
vn -0.892867 0.421541 -0.158405
vn -0.885138 -0.431807 -0.173417
vn -0.986859 0.119717 0.108526
vn -0.918171 -0.395954 -0.0135158
vn -0.852688 0.422663 0.307049
vn -0.798664 -0.597338 -0.072961
vn -0.879988 -0.456957 -0.129658
vn -0.822542 -0.479111 -0.306394
vn -0.822765 -0.567686 0.0280982
vn -0.770356 -0.615778 -0.165438
vn -0.759835 -0.641469 -0.105682
vn -0.767268 -0.60402 0.215544
vn -0.698707 -0.702759 0.133934
vn -0.459671 -0.884094 0.0841459
vn -0.773093 -0.605065 -0.190325
vn -0.937618 -0.280992 -0.204735
vn -0.477831 -0.763625 -0.434229
vn -0.52926 0.832768 -0.162421
vn -0.68898 0.693948 -0.209147
vn -0.811569 0.553438 -0.187251
vn -0.518556 0.850973 -0.0833356
vn -0.286832 0.928706 -0.235017
vn -0.355927 0.915528 -0.187413
vn -0.226462 0.902173 -0.36715
vn -0.477446 0.81382 -0.331275
vn -0.632482 0.725381 -0.271643
vn -0.539894 0.655327 0.528262
vn -0.301548 0.827176 0.474182
vn -0.570218 0.821492 0.00128362
vn -0.706912 0.587607 0.393692
vn -0.304661 0.914202 -0.267239
vn -0.255908 0.92787 0.271234
vn -0.0908089 -0.63651 0.765904
vn 0.247713 -0.541867 0.803131
vn 0.359742 0.265058 0.894612
vn -0.172757 0.433573 0.884403
vn 0.179166 -0.94471 0.274631
vn -0.0145209 -0.99821 0.0580102
vn 0.708432 -0.2839 0.646162
vn -0.892236 -0.285834 0.34959
vn -0.249947 -0.953124 0.170529
vn -0.395718 -0.568071 0.721598
vn -0.675133 0.199038 0.710337
vn -0.675162 0.720227 0.159465
vn -0.357514 0.754294 0.550659
vn -0.630882 0.753758 0.183945
vn -0.638624 0.7673 0.0583962
vn -0.299026 0.954095 0.0169042
vn -0.384522 0.896062 0.221847
vn -0.510306 0.840623 0.181495
vn -0.600103 0.71545 0.357781
vn -0.451311 0.88923 -0.0747553
vn -0.474636 0.813968 0.334928
vn -0.908577 -0.417692 -0.00465892
vn -0.831401 -0.535842 0.147122
vn -0.807471 -0.585925 0.0684251
vn -0.834476 -0.543438 -0.0912384
vn -0.815841 -0.514074 0.264824
vn -0.701399 -0.712769 -3.58269e-05
vn -0.832318 -0.437443 0.340426
vn 0.743119 -0.614429 0.265051
vn 0.819972 -0.505437 -0.268663
vn 0.981461 0.191522 -0.00738491
vn 0.935569 0.208386 0.285107
vn 0.977826 0.196332 -0.0728717
vn 0.903075 0.327442 0.277916
vn 0.895955 0.00456455 -0.444122
vn -0.242286 0.935811 -0.25604
vn -0.261975 0.921296 -0.287373
vn -0.765776 -0.639589 -0.067178
vn -0.967908 0.229066 -0.103357
vn -0.880962 0.199514 -0.429068
vn -0.581546 -0.581944 -0.568459
vn -0.850556 0.52556 0.0184518
vn -0.746749 0.664454 0.0294343
vn -0.680057 0.728418 -0.0832441
vn -0.733409 0.677269 -0.0584615
vn -0.862949 0.505261 -0.00555452
vn -0.405323 -0.617093 0.674469
vn -0.571793 -0.81967 0.0345526
vn -0.645066 -0.0319245 0.76346
vn -0.799152 -0.0559452 0.59852
vn -0.0947234 -0.111515 0.989238
vn -0.715169 0.0434916 0.697597
vn -0.652067 0.13831 0.745439
vn -0.952725 -0.265026 0.148583
vn -0.834983 -0.497367 0.235435
vn -0.883966 -0.387937 0.260977
vn -0.957185 -0.247792 0.149651
vn -0.573127 -0.819418 0.00887293
vn -0.0751808 -0.742189 0.66596
vn 0.0679763 -0.941771 0.329313
vn -0.501076 -0.863912 -0.0507889
vn 0.843939 -0.336446 0.417818
vn 0.478634 -0.180779 0.859202
vn 0.405083 -0.824838 -0.394398
vn -0.488776 0.799844 -0.34835
vn -0.607997 0.726417 -0.320403
vn -0.842858 0.497218 -0.205828
vn -0.872324 -0.029206 0.488055
vn -0.907883 -0.156769 0.388809
vn -0.89121 -0.138883 0.431805
vn -0.379967 0.682005 -0.624895
vn -0.424871 0.699668 -0.574411
vn -0.353991 0.824357 -0.441731
vn -0.564971 0.666531 -0.486359
vn -0.514996 0.471016 -0.716187
vn -0.742189 0.278747 -0.609472
vn -0.817066 0.406246 -0.409104
vn -0.735023 0.109627 -0.669121
vn -0.878095 0.164119 -0.44946
vn -0.506998 0.168529 -0.845311
vn 0.214328 -0.654824 -0.724754
vn 0.116833 -0.575576 -0.809359
vn 0.124961 -0.619367 -0.775093
vn 0.223861 -0.742434 -0.63141
vn 0.0321276 -0.438438 -0.898187
vn -0.0580627 -0.390911 -0.918595
vn 0.0437936 -0.524054 -0.850558
vn -0.272094 -0.0735257 -0.959458
vn -0.32485 -0.185003 -0.927495
vn -0.26019 -0.244041 -0.934208
vn -0.836938 -0.540057 -0.088733
vn -0.309554 -0.377973 -0.872532
vn -0.512268 -0.641557 -0.570951
vn -0.625491 -0.676149 0.389337
vn -0.758746 -0.1026 0.643256
vn -0.757627 0.04759 -0.65095
vn -0.84613 0.343781 0.407281
vn -0.669971 0.685166 0.28581
vn -0.370326 0.207179 0.905503
vn -0.688471 -0.267673 0.674061
vn -0.887901 -0.241572 0.391504
vn -0.898054 -0.0806424 0.43243
vn -0.939745 -0.339142 -0.0431507
vn -0.811771 0.190076 0.552177
vn -0.939033 0.0410826 0.341364
vn -0.801331 -0.597494 -0.0295099
vn -0.17204 -0.687635 -0.70538
vn -0.0554202 -0.889714 -0.453142
vn -0.289556 -0.336504 -0.89606
vn 0.741898 0.540557 -0.396718
vn 0.991201 0.0485655 -0.123137
vn 0.910226 0.116296 -0.397448
vn 0.757268 0.3852 -0.527415
vn -0.180032 0.84557 -0.502593
vn -0.51047 0.80851 -0.2928
vn 0.299572 0.463776 -0.833767
vn -0.792209 -0.360625 -0.492295
vn -0.634429 0.183499 -0.750885
vn -0.199149 0.403331 -0.89312
vn -0.330758 0.167408 -0.928748
vn -0.173664 0.42753 -0.887164
vn -0.235099 0.380357 -0.894459
vn -0.159225 0.392475 -0.905876
vn -0.687059 -0.235003 -0.687549
vn -0.208796 -0.173825 -0.962387
vn -0.0805076 0.0358114 -0.99611
vn -0.148905 0.19404 -0.969627
vn -0.549441 -0.831933 0.0774734
vn -0.394747 0.155235 -0.905581
vn -0.579263 -0.113376 -0.807217
vn -0.767608 0.024127 -0.640465
vn -0.44758 0.227358 -0.864859
vn -0.226994 -0.934074 -0.275643
vn -0.809175 -0.58246 0.077305
vn -0.906412 -0.189726 0.377388
vn -0.388795 -0.882021 0.26623
vn -0.801104 0.585947 0.122062
vn -0.899464 -0.213838 -0.381101
vn -0.514129 -0.824853 -0.235136
vn -0.953538 -0.300964 -0.0136314
vn -0.143803 -0.989593 0.00507034
vn -0.905524 -0.165775 0.39057
vn -0.966847 -0.246052 -0.068304
vn -0.986096 0.150127 0.0712487
vn 0.134674 -0.787643 -0.601233
vn -0.80896 -0.495729 -0.315968
vn -0.915219 0.13196 0.380737
vn -0.852214 -0.522824 -0.019659
vn -0.91401 -0.208641 -0.347928
vn -0.817608 0.569289 0.0861794
vn -0.466757 -0.747033 -0.473371
vn -0.528184 -0.774528 -0.348034
vn -0.965621 -0.188971 0.178509
vn -0.976969 0.042927 0.209019
vn -0.85973 0.477608 0.180983
vn -0.871037 -0.487741 0.0583386
vn -0.943574 -0.327169 0.0512593
vn -0.809288 0.414569 0.416156
vn -0.818906 -0.571659 0.0509796
vn -0.615457 -0.787459 -0.0334785
vn -0.614191 -0.789121 -0.00763902
vn -0.78389 -0.620888 -0.00378892
vn -0.958152 -0.256945 0.126193
vn -0.638282 -0.767981 -0.0529337
vn -0.53601 -0.842552 -0.0529142
vn -0.506411 -0.861292 -0.0415103
vn -0.630414 -0.776237 -0.00585182
vn -0.754097 -0.655775 0.0360209
vn -0.539333 -0.841554 -0.0301162
vn -0.45618 -0.889252 -0.0336289
vn -0.426073 -0.90407 -0.033468
vn -0.530528 -0.847667 0.00131286
vn -0.599428 -0.799698 0.0341904
vn -0.454797 -0.890405 -0.0183906
vn -0.280033 -0.95887 -0.0463646
vn -0.280543 -0.959418 -0.0285111
vn -0.533997 -0.845474 0.00466824
vn -0.444741 -0.89544 -0.019817
vn -0.262239 -0.962471 -0.0698568
vn -0.428261 -0.899839 -0.082956
vn -0.235828 -0.959804 -0.15219
vn -0.201311 -0.951021 -0.234589
vn -0.163284 -0.879607 -0.446799
vn -0.111706 -0.483884 -0.867974
vn -0.293814 -0.452122 -0.842175
vn -0.358189 -0.852294 -0.381178
vn -0.506141 -0.27818 -0.816356
vn -0.600987 -0.733604 -0.317236
vn -0.174697 0.32846 -0.928221
vn -0.606954 -0.0676297 -0.791854
vn -0.820013 -0.00109022 -0.572344
vn -0.773831 -0.563836 0.288573
vn -0.695078 -0.582674 0.421138
vn -0.684903 -0.666768 0.293817
vn -0.612581 -0.746321 0.260286
vn -0.835955 -0.545269 -0.0621388
vn -0.731804 -0.619476 0.284099
vn -0.919125 -0.393835 0.0102034
vn -0.802829 -0.568382 0.180018
vn -0.53163 -0.809088 0.25049
vn -0.90466 -0.365389 -0.219275
vn -0.822114 -0.354614 -0.445395
vn -0.557071 -0.555573 -0.61726
vn -0.712349 -0.494578 -0.497948
vn -0.725375 -0.289485 -0.624523
vn -0.628442 -0.689011 -0.361006
vn -0.618666 0.368254 -0.694004
vn -0.606438 0.544201 -0.579723
vn -0.934831 0.178569 -0.306927
vn -0.705649 0.584437 -0.400615
vn -0.882909 0.387381 -0.265344
vn -0.70778 0.402562 -0.580509
vn -0.843448 0.449215 -0.294621
vn -0.859623 0.482419 0.168288
vn -0.537473 0.69978 -0.470564
vn -0.514943 0.812411 -0.273537
vn -0.786829 0.486562 0.379681
vn -0.470509 0.867415 0.161902
vn -0.712037 0.419016 0.563408
vn -0.440631 0.692665 0.571016
vn -0.621965 0.270261 0.734928
vn -0.360723 0.440209 0.82225
vn -0.793214 0.0695735 0.604955
vn -0.808649 0.0506641 0.586106
vn -0.620589 0.223726 0.751542
vn -0.915885 -0.195153 0.350814
vn -0.900073 -0.187741 0.39322
vn -0.86364 -0.118647 0.489948
vn -0.882055 -0.197155 0.427913
vn -0.928253 -0.260074 0.26591
vn -0.974647 -0.0145533 0.223277
vn -0.919469 0.0956954 0.381338
vn -0.523972 0.438293 0.73031
vn -0.607936 0.588894 0.532557
vn -0.846911 0.380098 0.371844
vn -0.734041 0.553673 0.39323
vn -0.608791 0.427876 0.668054
vn -0.859207 0.261004 0.440047
vn -0.854675 0.437044 0.280222
vn -0.952448 0.0465878 0.301119
vn -0.980311 0.169765 0.100844
vn -0.687134 -0.2766 0.671818
vn -0.98223 0.15532 0.105358
vn -0.94029 0.320168 0.115531
vn -0.918858 0.266003 0.291448
vn -0.9197 0.355983 0.165617
vn -0.900871 0.421741 0.102788
vn -0.876934 0.453605 0.158838
vn -0.794273 0.607561 0.00113366
vn -0.583705 0.804144 -0.11243
vn -0.351492 0.922032 -0.162201
vn -0.240603 0.819499 -0.520127
vn -0.301304 0.803082 -0.514077
vn -0.270858 0.82161 -0.50159
vn -0.380212 0.788026 -0.484204
vn -0.527603 0.773957 -0.350178
vn -0.393472 0.825929 -0.403759
vn -0.741016 0.634106 -0.220917
vn -0.689959 0.67753 -0.254775
vn -0.774299 0.608803 -0.172684
vn -0.906112 0.408074 -0.111521
vn -0.888603 0.440162 -0.129005
vn -0.886109 0.420043 -0.195892
vn -0.945907 0.289674 -0.146114
vn -0.884737 0.37293 -0.279579
vn -0.971078 0.0996796 -0.21696
vn -0.885318 0.196909 -0.421235
vn -0.938522 -0.246461 -0.241729
vn -0.828862 -0.224769 -0.512315
vn -0.824252 -0.550999 -0.130416
vn -0.631187 -0.610972 -0.477823
vn -0.738314 -0.671734 0.0605447
vn -0.455665 -0.797642 -0.395141
vn -0.355559 -0.803544 -0.477383
vn -0.716593 -0.694403 0.0655723
vn 0.0105395 -0.606665 -0.794888
vn -0.529999 -0.527227 -0.664178
vn -0.223951 -0.411852 -0.883303
vn -0.848238 -0.28576 -0.445908
vn -0.615858 -0.261831 -0.743077
vn -0.0512154 -0.486519 -0.872168
vn -0.413872 -0.409458 -0.813052
vn -0.809481 -0.0198667 -0.58681
vn -0.711106 -0.331177 -0.620201
vn -0.35685 -0.430702 -0.828947
vn -0.0602529 -0.433938 -0.898926
vn -0.660168 -0.468124 -0.5874
vn -0.931688 -0.318817 -0.174107
vn -0.85804 -0.46496 -0.218127
vn -0.802863 -0.240016 -0.545714
vn -0.568006 -0.184178 -0.802152
vn -0.910623 -0.253831 -0.326093
vn -0.924165 -0.369829 0.0956338
vn -0.952721 -0.290297 -0.0897204
vn -0.865478 0.0708897 -0.495907
vn -0.953801 0.00522114 -0.300395
vn -0.993408 -0.114627 -0.00136876
vn -0.893083 -0.366028 0.261583
vn -0.87435 -0.28552 0.392415
vn -0.978627 0.0533947 -0.198592
vn -0.993817 -0.00047112 0.11103
vn -0.832562 -0.0623117 0.550416
vn -0.427948 -0.449637 0.78402
vn -0.36019 -0.140172 0.922288
vn -0.990556 0.128003 0.049122
vn -0.845207 0.211431 0.490839
vn -0.285357 0.214929 0.934011
vn 0.185391 -0.188412 0.964433
vn 0.315726 0.0934445 0.944238
vn -0.767101 0.500797 0.400947
vn -0.193825 0.586035 0.786762
vn 0.423073 0.475669 0.771199
vn 0.709999 0.35453 0.608448
vn 0.608568 -0.0124261 0.793405
vn 0.390962 0.630206 0.670812
vn -0.179 0.695961 0.695411
vn 0.728406 0.491818 0.477011
vn 0.890563 0.22499 0.39532
vn 0.918789 0.322046 0.228282
vn 0.860916 -0.496019 0.113092
vn 0.149732 -0.988697 0.00763602
vn -0.0144016 -0.999774 -0.0156112
vn 0.987495 -0.157629 -0.00275029
vn 0.837575 -0.0970026 0.537641
vn 0.992329 0.11384 -0.0481995
vn 0.980977 -0.143112 0.131164
vn 0.798547 -0.167049 0.578288
vn 0.54085 -0.187188 0.820026
vn 0.599391 -0.344827 0.722374
vn 0.843584 -0.210402 0.494063
vn 0.177105 -0.451643 0.874444
vn 0.111967 -0.413906 0.903408
vn 0.559388 -0.368163 0.742658
vn -0.482512 -0.432752 0.761517
vn -0.582333 -0.190624 0.790286
vn -0.157029 -0.255792 0.953893
vn -0.864953 -0.235693 0.443064
vn -0.921339 -0.251992 0.296031
vn -0.972302 -0.0802409 0.219522
vn -0.984219 0.0306227 -0.174285
vn -0.883176 -0.139416 -0.447843
vn 0.339729 -0.348023 0.873764
vn 0.176413 -0.278109 0.944211
vn 0.00722935 -0.256649 0.966478
vn 0.73899 -0.25555 0.623368
vn 0.585872 -0.481041 0.652192
vn 0.79284 -0.328276 0.513458
vn 0.954781 -0.255922 0.151316
vn 0.963664 -0.199408 0.177732
vn 0.858503 -0.287165 0.424863
vn 0.960821 -0.214592 0.175421
vn 0.984364 -0.173883 -0.0281363
vn 0.973653 -0.227317 -0.0180736
vn 0.970589 -0.111965 0.21312
vn 0.989949 -0.0579698 -0.129002
vn 0.87667 -0.0238525 -0.480501
vn 0.912161 -0.173529 -0.371281
vn 0.946372 -0.109665 -0.303897
vn 0.854258 -0.0706528 -0.515025
vn 0.490821 0.0492123 -0.869869
vn 0.878839 -0.176708 -0.443188
vn 0.854521 0.0607313 -0.515855
vn 0.478549 -0.157113 -0.86389
vn -0.213145 0.119287 -0.969711
vn -0.155727 -0.127081 -0.979591
vn 0.455855 -0.44155 -0.772807
vn 0.903691 -0.316468 -0.288428
vn 0.984603 -0.172981 -0.0251905
vn 0.798846 -0.60146 -0.00954449
vn 0.752396 -0.611327 0.245315
vn -0.357214 -0.910149 0.209824
vn -0.382038 -0.924065 -0.0122635
vn -0.819109 -0.561561 0.117088
vn -0.693497 0.112129 -0.71168
vn -0.908401 0.111137 -0.403059
vn -0.975833 0.0570252 -0.210945
vn -0.922246 0.290833 -0.254713
vn -0.930384 0.366586 -0.000301719
vn -0.886636 0.46021 0.0456409
vn -0.886551 0.390383 -0.24825
vn -0.694919 0.59544 0.403161
vn -0.735371 0.333323 -0.590022
vn -0.203747 0.231709 -0.951209
vn -0.813258 -0.448792 0.370401
vn -0.747093 -0.55136 0.371287
vn -0.831018 -0.477889 0.28466
vn -0.747254 -0.56486 0.350064
vn -0.717668 -0.59231 0.366225
vn -0.781991 -0.620747 0.0562441
vn -0.758789 -0.647056 0.0745489
vn -0.601015 -0.795114 0.0810856
vn -0.608553 -0.71367 0.346899
vn -0.338168 -0.938368 0.0714696
vn -0.346173 -0.885743 0.30923
vn -0.332513 -0.91764 -0.217651
vn -0.35123 -0.809508 -0.470461
vn -0.451763 -0.775239 -0.441492
vn -0.633919 -0.645441 -0.42609
vn -0.594093 -0.627018 -0.503887
vn -0.644528 -0.677199 -0.354944
vn -0.684714 -0.544554 -0.484384
vn -0.65139 -0.702374 -0.286989
vn -0.660397 -0.610789 -0.436822
vn -0.786638 -0.538489 -0.302043
vn -0.764629 -0.519354 -0.381593
vn -0.922121 -0.302642 -0.24104
vn -0.938892 -0.193018 -0.285002
vn -0.964825 -0.21468 -0.15174
vn -0.975119 -0.10594 -0.19473
vn -0.988586 0.0370804 -0.146023
vn -0.989687 -0.0173746 -0.14219
vn -0.989178 0.146205 0.0122814
vn -0.897388 0.426683 -0.11241
vn -0.976495 0.195224 0.0913547
vn -0.957789 0.205946 -0.200568
vn -0.978498 -0.0820976 -0.189211
vn -0.861226 0.0471356 -0.506032
vn -0.850774 -0.119476 -0.51177
vn -0.975136 -0.192243 -0.110239
vn -0.976953 -0.207186 -0.0513502
vn -0.827053 -0.288238 -0.482598
vn -0.963538 -0.262098 -0.0538404
vn -0.813949 -0.373483 -0.444969
vn -0.826439 -0.356332 -0.43592
vn -0.949666 -0.305588 -0.0689269
vn -0.916095 -0.150373 -0.371696
vn -0.966262 -0.236792 -0.101326
vn -0.912404 -0.228569 0.339521
vn -0.77543 -0.206702 0.596643
vn -0.998533 0.0407107 0.0356901
vn -0.914648 -0.0150808 0.403971
vn -0.753931 -0.0940941 0.650181
vn -0.493261 -0.171648 0.852778
vn -0.321014 -0.175994 0.930578
vn -0.818461 0.179177 0.545909
vn -0.57841 0.199634 0.790941
vn -0.104324 0.185018 0.977182
vn 0.551901 0.0929811 0.82871
vn 0.389216 -0.226762 0.892799
vn 0.0413486 0.3576 0.932959
vn -0.441219 0.356323 0.823626
vn 0.629779 0.254247 0.733987
vn 0.941507 0.0987853 0.322188
vn 0.911468 -0.039127 0.409505
vn 0.675635 0.4594 0.576601
vn 0.217526 0.604808 0.766087
vn 0.729314 0.426803 0.534733
vn 0.340769 0.639107 0.689506
vn -0.292538 0.637909 0.712386
vn -0.195918 0.720028 0.665714
vn -0.657104 0.557217 0.507665
vn -0.609755 0.639207 0.468628
vn -0.873015 0.43019 0.229741
vn -0.858676 0.465591 0.214243
vn -0.94474 0.321939 -0.061828
vn -0.940292 0.165616 0.297358
vn -0.999386 0.0178397 -0.0301646
vn -0.918553 -0.134279 -0.371792
vn -0.887074 0.152611 -0.435671
vn -0.613381 -0.102531 -0.783103
vn -0.672178 -0.27387 -0.687875
vn -0.162117 -0.315445 -0.934993
vn -0.1736 -0.367214 -0.913792
vn -0.0812765 -0.790472 -0.607082
vn 0.313628 -0.341973 -0.885829
vn 0.133207 -0.837756 -0.529548
vn -0.0365065 -0.998585 -0.0386805
vn -0.0487762 -0.99862 -0.0194781
vn 0.0525333 -0.998434 0.019208
vn 0.344651 -0.80626 -0.480791
vn 0.6711 -0.203859 -0.712787
vn 0.822113 -0.195559 -0.534685
vn 0.473 -0.323213 -0.819637
vn 0.947398 -0.110237 -0.300475
vn 0.945634 -0.228543 -0.231396
vn 0.87104 -0.289577 -0.396779
vn 0.987703 -0.14789 0.050711
vn 0.99875 -0.0250046 -0.043288
vn 0.963523 -0.226858 0.14198
vn 0.941354 -0.241101 -0.236058
vn 0.846001 -0.225372 0.483207
vn 0.698419 -0.236364 0.675532
vn 0.918959 -0.272016 0.285521
vn 0.129217 -0.225415 0.965656
vn 0.928447 -0.348992 -0.127247
vn 0.890585 -0.431185 -0.1447
vn 0.783152 -0.326891 -0.528976
vn 0.665408 -0.463934 -0.584805
vn 0.88304 -0.211733 -0.418819
vn 0.845549 -0.207867 -0.491771
vn 0.72416 -0.208494 -0.65736
vn 0.704903 -0.416738 -0.573969
vn 0.200393 -0.257589 -0.945246
vn 0.0122124 -0.558057 -0.829713
vn -0.825698 -0.0435012 -0.562433
vn 0.190272 -0.105064 -0.976093
vn -0.787759 -0.0916331 -0.60913
vn -0.718675 -0.350213 -0.600714
vn -0.945479 -0.117783 -0.303639
vn -0.981412 0.0552942 -0.183776
vn -0.965903 -0.0690152 -0.249535
vn -0.974566 0.0721345 -0.212175
vn -0.997023 0.0182059 -0.0749285
vn -0.963175 0.120971 0.240123
vn -0.740969 0.290693 0.605361
vn -0.834613 -0.304058 -0.459314
vn -0.769784 -0.273707 -0.576643
vn -0.713682 -0.377165 -0.590258
vn -0.690959 -0.335593 -0.640276
vn -0.0563451 -0.392687 -0.917945
vn -0.265689 -0.459105 -0.847722
vn 0.451675 -0.421519 -0.786328
vn 0.255446 -0.540936 -0.801334
vn 0.421613 -0.611805 -0.669282
vn -0.586873 -0.285799 -0.757561
vn -0.507463 -0.157469 -0.847163
vn -0.667282 -0.309259 -0.677564
vn -0.662253 -0.130656 -0.737801
vn -0.69277 0.0302889 -0.720522
vn -0.499811 -0.0196845 -0.865911
vn -0.936058 0.327204 -0.129354
vn -0.706665 0.676797 -0.206326
vn -0.781194 0.519605 -0.346044
vn -0.413308 0.764264 -0.495053
vn -0.93975 0.244669 -0.23876
vn -0.948469 0.243129 -0.203214
vn -0.831539 0.498701 -0.244623
vn -0.980318 -0.0248988 -0.195849
vn -0.982914 -0.0330325 -0.181075
vn -0.95314 0.285092 -0.101229
vn -0.993959 0.00688378 -0.10954
vn -0.987799 -0.0894164 -0.12751
vn -0.984113 -0.0545551 -0.168954
vn -0.985281 -0.15559 -0.0707975
vn -0.998331 0.049247 -0.030154
vn -0.980652 -0.19032 0.045819
vn -0.964799 -0.259499 -0.0426935
vn -0.954406 -0.280275 0.10274
vn -0.906314 -0.351636 0.234406
vn -0.830539 -0.556327 0.0265658
vn -0.95581 -0.216735 -0.198628
vn -0.787288 -0.553996 -0.270679
vn -0.738017 -0.605237 -0.298361
vn -0.739327 -0.605429 -0.294705
vn -0.592263 -0.759239 -0.269779
vn -0.961036 0.270251 -0.0580929
vn -0.858994 0.490531 -0.146659
vn -0.578745 0.721031 -0.381009
vn -0.22986 0.83055 -0.507298
vn -0.322737 0.822888 -0.46765
vn -0.730685 0.658134 -0.181546
vn -0.36155 0.801853 -0.475724
vn -0.490867 0.823923 -0.283196
vn -0.297751 0.71242 0.635454
vn -0.337711 0.612576 0.714634
vn -0.362425 0.526961 0.76874
vn -0.365172 0.437581 0.821689
vn -0.325882 0.340981 0.881778
vn -0.462941 0.704846 -0.537473
vn -0.389022 0.790581 -0.47291
vn -0.375037 0.886264 -0.271816
vn -0.356611 0.930568 -0.082895
vn -0.306687 0.947703 0.0883314
vn -0.267068 0.930975 0.248918
vn -0.215662 0.86823 0.44684
vn -0.176713 0.798933 0.574872
vn -0.62745 0.726693 -0.279685
vn -0.571623 0.820355 0.0162904
vn -0.466192 0.810784 0.35397
vn -0.163411 0.767676 0.619654
vn -0.360274 0.773702 0.52114
vn -0.89919 0.436008 0.0368004
vn -0.863532 0.500921 0.0582285
vn -0.774881 0.554094 0.304203
vn -0.295582 0.741642 0.602162
vn -0.61913 0.63786 0.458054
vn -0.158414 0.744662 0.64837
vn -0.158715 0.75183 0.63997
vn -0.268765 0.716501 0.643733
vn -0.459823 0.65676 0.597687
vn -0.240453 0.707153 0.664919
vn -0.358383 0.66088 0.659393
vn -0.736044 0.453312 0.50274
vn -0.530902 0.53909 0.653854
vn -0.872761 0.244228 0.422658
vn -0.696384 0.407657 0.590648
vn -0.435449 0.588799 0.680955
vn -0.536019 0.500666 0.679719
vn -0.309979 0.663519 0.680923
vn -0.222568 0.685857 0.692867
vn -0.23041 0.696783 0.679268
vn -0.274126 0.664165 0.695514
vn -0.3572 0.612175 0.705443
vn -0.423508 0.551305 0.718821
vn -0.310492 0.626149 0.715215
vn -0.345866 0.581864 0.736078
vn -0.269439 0.667163 0.694475
vn -0.2159 0.684513 0.696296
vn -0.240944 0.64827 0.722282
vn -0.203344 0.665337 0.718316
vn -0.287418 0.632527 0.719236
vn -0.29129 0.601322 0.744017
vn -0.368915 0.554405 0.746014
vn -0.302886 0.57584 0.759387
vn -0.26021 0.589687 0.764565
vn -0.321126 0.581123 0.74778
vn -0.271476 0.596042 0.755669
vn -0.226221 0.598817 0.768272
vn -0.22842 0.606498 0.761567
vn -0.197126 0.603886 0.77231
vn -0.190541 0.609714 0.769378
vn -0.202219 0.614357 0.762675
vn -0.156673 0.60652 0.779479
vn -0.166855 0.615386 0.770363
vn -0.178937 0.628602 0.756862
vn -0.100243 0.617517 0.780144
vn -0.108252 0.627428 0.771114
vn -0.189274 0.642532 0.742515
vn -0.120203 0.644071 0.755463
vn -0.1336 0.6661 0.733799
vn -0.143676 0.688993 0.710384
vn -0.149867 0.705824 0.692353
vn -0.153867 0.724074 0.67234
vn -0.158407 0.739181 0.654613
vn -0.092781 0.607303 0.789034
vn -0.0822343 0.603227 0.793319
vn -0.0660452 0.612959 0.787349
vn -0.0411001 0.624381 0.780038
vn -0.0067042 0.623465 0.781822
vn 0.0330878 0.603201 0.796902
vn 0.0718034 0.574277 0.815506
vn 0.108487 0.548271 0.829234
vn 0.145298 0.493462 0.857545
vn 0.142038 0.438708 0.887333
vn 0.0566202 0.582935 0.810544
vn -0.0270321 0.714177 0.699443
vn -0.042386 0.700872 0.712027
vn -0.0639105 0.711143 0.700137
vn -0.115537 0.728963 0.674732
vn -0.158 0.709431 0.686836
vn -0.165514 0.576777 0.799958
vn -0.293691 0.666809 0.684917
vn -0.254198 0.687451 0.68029
vn -0.450312 0.607906 0.653965
vn -0.659318 0.47927 0.579309
vn -0.17915 0.685116 0.70606
vn -0.367041 0.622264 0.691425
vn -0.595856 0.505772 0.623819
vn -0.797017 0.34826 0.493435
vn -0.768372 0.37088 0.521587
vn -0.290475 0.647272 0.704743
vn -0.525144 0.544314 0.654176
vn -0.729641 0.394395 0.558639
vn -0.843321 0.286554 0.45464
vn -0.823211 0.284268 0.491441
vn -0.446955 0.550887 0.704809
vn -0.652455 0.388944 0.650404
vn -0.749408 0.245616 0.614867
vn -0.84683 0.232909 0.478155
vn -0.763359 0.164625 0.624645
vn -0.489599 0.260982 0.831974
vn -0.580037 0.126895 0.804646
vn -0.600834 0.0376009 0.798489
vn -0.761115 0.102826 0.640415
vn -0.611407 -0.0193622 0.791079
vn -0.420058 0.0280793 0.907063
vn -0.478284 -0.0461629 0.876991
vn -0.40605 0.108427 0.907396
vn -0.493011 0.0294234 0.869525
vn -0.450274 0.29704 0.842034
vn -0.551343 0.221048 0.804462
vn -0.466263 0.44809 0.762767
vn -0.563206 0.388123 0.729493
vn -0.769623 0.202429 0.60556
vn -0.938596 -0.272021 0.21223
vn -0.534256 0.503918 0.678702
vn -0.649159 0.398108 0.648153
vn -0.821079 0.124261 0.557125
vn -0.862173 -0.329301 0.384992
vn -0.693506 -0.710781 -0.117647
vn -0.590531 0.551785 0.588903
vn -0.695583 0.461045 0.551001
vn -0.826671 0.273383 0.49181
vn -0.913035 0.00895113 0.407782
vn -0.67421 -0.683857 0.278891
vn -0.658127 0.570033 0.491865
vn -0.763252 0.524436 0.377377
vn -0.879897 0.446919 0.161386
vn -0.92485 -0.215129 0.313644
vn -0.936176 0.338192 -0.0959155
vn -0.794394 0.465293 0.390436
vn -0.92691 0.364707 0.0884654
vn -0.948208 0.276144 -0.156992
vn -0.943855 0.263159 -0.199713
vn -0.945912 0.322399 0.0361805
vn -0.969494 0.192385 0.151887
vn -0.994525 0.100273 -0.0294079
vn -0.851061 0.293352 0.435477
vn -0.990248 -0.0200712 0.13786
vn -0.710963 0.222119 0.66723
vn -0.0964733 0.348841 0.932203
vn -0.0362756 0.302808 0.952361
vn -0.148682 0.509302 0.847647
vn -0.23525 0.568958 0.788
vn -0.0819913 0.347989 0.933906
vn -0.301112 0.627716 0.717846
vn -0.167619 0.439409 0.88251
vn 0.00668454 0.127893 0.991765
vn -0.0479002 0.172292 0.983881
vn -0.201799 0.496158 0.844455
vn 0.147891 -0.341981 0.927996
vn 0.157561 -0.323635 0.932971
vn 0.275823 -0.84132 0.464867
vn 0.247633 -0.806965 0.536177
vn 0.232652 -0.945301 -0.228645
vn 0.264928 -0.948943 -0.171235
vn 0.145614 -0.767834 -0.623882
vn 0.194236 -0.771734 -0.605557
vn 0.130986 -0.612656 -0.77942
vn 0.105726 -0.613219 -0.782806
vn 0.189509 -0.616309 -0.764362
vn -0.282532 -0.561657 -0.777636
vn 0.0913163 -0.41052 -0.907268
vn 0.135256 -0.415635 -0.899418
vn 0.023726 -0.428697 -0.903137
vn -0.97877 0.120236 -0.165987
vn -0.547225 -0.173166 -0.818876
vn 0.0648043 -0.10498 -0.992361
vn 0.0327112 -0.103634 -0.994077
vn -0.120756 -0.0334989 -0.992117
vn -0.854642 0.315071 -0.412694
vn -0.0416802 0.286358 -0.957216
vn -0.0372488 0.252211 -0.966955
vn -0.0699271 0.510892 -0.856796
vn -0.0757831 0.479429 -0.874302
vn -0.105481 0.639524 -0.761501
vn -0.111935 0.636131 -0.763418
vn -0.370968 0.610368 -0.699881
vn -0.687858 0.390421 -0.611901
vn -0.417032 0.632234 -0.652966
vn -0.169711 0.757855 -0.629963
vn -0.765067 0.333959 -0.550585
vn -0.642088 0.565389 -0.517743
vn -0.891201 0.374628 -0.255762
vn -0.642586 0.489406 -0.589547
vn -0.629709 0.70417 -0.328041
vn -0.26422 0.888741 -0.374602
vn -0.713241 0.695542 0.086655
vn -0.353217 0.935448 -0.013216
vn -0.29585 0.893907 -0.336754
vn -0.374054 0.926878 0.0313134
vn -0.374016 0.861837 0.342562
vn -0.385483 0.920776 0.0597887
vn -0.401612 0.852959 0.33342
vn -0.294547 0.717682 0.631011
vn -0.353354 0.738964 0.573649
vn -0.408147 0.848193 0.337615
vn -0.377571 0.755582 0.53529
vn -0.343441 0.768862 0.539351
vn -0.36283 0.859308 0.360477
vn -0.296503 0.660994 0.689328
vn -0.196982 0.673809 0.712166
vn -0.216176 0.780342 0.586801
vn -0.150749 0.508132 0.847984
vn -0.0899985 0.491911 0.865981
vn -0.0797135 0.658189 0.748621
vn -0.0599585 0.160663 0.985187
vn -0.047768 0.171918 0.983952
vn 0.0188817 -0.36805 0.929614
vn 0.11994 -0.3709 0.920895
vn 0.0821201 -0.878445 0.470733
vn 0.226909 -0.868967 0.439783
vn 0.181452 -0.958948 -0.217932
vn 0.068538 -0.979251 -0.19071
vn 0.104623 -0.786437 -0.608745
vn 0.0343416 -0.811633 -0.583157
vn 0.0769913 -0.633745 -0.769701
vn 0.0231442 -0.657192 -0.753368
vn 0.067834 -0.484216 -0.872315
vn 0.0200659 -0.514549 -0.857226
vn 0.0881579 -0.442902 -0.892225
vn 0.0949051 -0.229801 -0.968599
vn 0.0748924 -0.301658 -0.95047
vn 0.0852395 -0.151616 -0.984757
vn 0.0984324 0.128116 -0.986862
vn 0.10792 0.045705 -0.993108
vn 0.0363664 0.208638 -0.977317
vn 0.0204204 0.453212 -0.891169
vn 0.0793554 0.420417 -0.903854
vn -0.035963 0.648477 -0.760384
vn -0.0131777 0.679174 -0.733859
vn -0.150638 0.809906 -0.566887
vn -0.167679 0.855196 -0.490433
vn -0.18479 0.769388 -0.611469
vn -0.294159 0.916571 -0.270865
vn -0.314982 0.929088 -0.193862
vn -0.394497 0.913942 0.0952945
vn -0.299485 0.948256 -0.105445
vn -0.354257 0.924426 0.141202
vn -0.228391 0.955218 0.188139
vn -0.198239 0.979201 -0.0432102
vn -0.228627 0.881593 0.412945
vn -0.0480945 0.885535 0.462077
vn -0.0409395 0.975467 0.216308
vn -0.0596818 0.769324 0.636065
vn 0.0670742 0.725327 0.685129
vn 0.123866 0.854358 0.504708
vn 0.0137676 0.611716 0.790957
vn 0.114733 0.541296 0.832967
vn 0.19187 0.652964 0.732682
vn 0.0333214 0.401947 0.915056
vn -0.034795 0.456713 0.888933
vn -0.0704881 0.1517 0.98591
vn -0.0832829 0.160647 0.983492
vn -0.213799 -0.267131 0.939644
vn -0.120393 -0.327395 0.937186
vn -0.135215 -0.839971 0.525515
vn -0.340278 -0.743702 0.575428
vn -0.114161 -0.984926 -0.129952
vn -0.329377 -0.942926 -0.0490005
vn -0.078197 -0.826468 -0.557527
vn -0.224087 -0.822616 -0.522578
vn -0.055851 -0.66827 -0.741819
vn -0.14908 -0.656359 -0.739572
vn -0.0462065 -0.523022 -0.851066
vn -0.117214 -0.506505 -0.854233
vn -0.0400459 -0.354044 -0.934371
vn -0.0969311 -0.338057 -0.936121
vn 0.0234539 -0.346276 -0.937839
vn 0.0299341 -0.0744047 -0.996779
vn -0.027186 -0.0871683 -0.995823
vn 0.0859328 -0.0275498 -0.99592
vn 0.0589874 0.393403 -0.917472
vn 0.0262487 0.377978 -0.925442
vn 0.0769529 0.400335 -0.913132
vn -0.0323766 0.729843 -0.682848
vn -0.030937 0.774729 -0.631536
vn -0.181617 0.90547 -0.383586
vn -0.131935 0.944151 -0.301946
vn 4.61981e-05 0.780509 -0.625145
vn -0.0242729 0.954054 -0.29865
vn -0.0336029 0.998843 -0.0344031
vn 0.100375 0.931581 -0.349401
vn 0.146084 0.987019 -0.0667263
vn 0.159808 0.961149 0.225065
vn 0.30529 0.943721 -0.127236
vn 0.333399 0.91769 0.216078
vn 0.279417 0.791711 0.543249
vn 0.480606 0.854842 0.195611
vn 0.414215 0.716327 0.561518
vn 0.310472 0.567022 0.76295
vn 0.532515 0.643307 0.550076
vn 0.424168 0.485484 0.764452
vn 0.332603 0.366814 0.868806
vn 0.225896 0.454782 0.861478
vn 0.215527 0.234881 0.947829
vn 0.126415 0.318713 0.939383
vn 0.0313791 0.0495088 0.998281
vn -0.0167291 0.105544 0.994274
vn -0.252873 -0.242041 0.936734
vn -0.238443 -0.239633 0.941128
vn -0.521343 -0.568872 0.636071
vn -0.452946 -0.650132 0.610056
vn -0.476101 -0.877982 0.0497503
vn -0.606556 -0.778995 0.158925
vn -0.334006 -0.833674 -0.439804
vn -0.501229 -0.799704 -0.330519
vn -0.197814 -0.660565 -0.72424
vn -0.314414 -0.645707 -0.69585
vn -0.135776 -0.482312 -0.865413
vn -0.180684 -0.432526 -0.883331
vn -0.113377 -0.312687 -0.943066
vn -0.125932 -0.245611 -0.961154
vn -0.0671346 -0.0708983 -0.995222
vn -0.063472 -0.0272481 -0.997612
vn -0.0629085 -0.0805397 -0.994764
vn 8.02001e-05 0.298787 -0.95432
vn 0.0243701 0.265509 -0.9638
vn 0.00271203 0.345731 -0.93833
vn 0.0485191 0.744592 -0.665754
vn 0.0995044 0.674049 -0.731954
vn 0.214827 0.876558 -0.430693
vn 0.149823 0.594922 -0.789697
vn 0.296942 0.802494 -0.517521
vn 0.430905 0.880417 -0.197958
vn 0.372322 0.72034 -0.585224
vn 0.521214 0.807531 -0.276096
vn 0.597235 0.788288 0.148031
vn 0.616573 0.709509 -0.341224
vn 0.712759 0.697285 0.0759491
vn 0.666729 0.557947 0.494134
vn 0.829099 0.55896 -0.0125641
vn 0.797074 0.450654 0.401975
vn 0.541374 0.395407 0.742002
vn 0.651257 0.313166 0.691225
vn 0.421709 0.28676 0.860192
vn 0.491385 0.221097 0.842412
vn 0.276873 0.183945 0.943136
vn 0.318426 0.153733 0.935399
vn 0.0408619 0.0353169 0.99854
vn 0.0498127 0.0748871 0.995947
vn -0.295992 -0.172194 0.939541
vn -0.324223 -0.0311443 0.945468
vn -0.626041 -0.388734 0.675987
vn -0.70117 -0.146634 0.697753
vn -0.807413 -0.534546 0.249689
vn -0.928893 -0.220536 0.297527
vn -0.788401 -0.574251 -0.220589
vn -0.962615 -0.23741 -0.130417
vn -0.597765 -0.480446 -0.641755
vn -0.812023 -0.205675 -0.546183
vn -0.352384 -0.307766 -0.883802
vn -0.530016 -0.129463 -0.838047
vn -0.269242 -0.0392336 -0.962273
vn -0.191958 -0.14501 -0.970631
vn -0.0468392 0.0854322 -0.995242
vn -0.0644822 0.034589 -0.997319
vn 0.162783 0.255308 -0.953058
vn 0.101941 0.262217 -0.95961
vn 0.0616506 0.253841 -0.965279
vn 0.217093 0.529367 -0.820147
vn 0.287965 0.475318 -0.831354
vn 0.457874 0.625289 -0.631953
vn 0.552036 0.517724 -0.653619
vn 0.373338 0.415056 -0.829667
vn 0.721127 0.57377 -0.388282
vn 0.813543 0.403566 -0.418667
vn 0.647224 0.379084 -0.66136
vn 0.922676 0.374045 -0.0935916
vn 0.970629 0.174771 -0.165333
vn 0.87008 0.225887 -0.438105
vn 0.907657 0.298663 0.294887
vn 0.976142 0.110486 0.186923
vn 0.746862 0.206126 0.632226
vn 0.826136 0.0633306 0.5599
vn 0.554461 0.146592 0.819197
vn 0.605263 0.0506291 0.794414
vn 0.348656 0.118063 0.929785
vn 0.364314 0.070863 0.928576
vn 0.057798 0.104816 0.992811
vn 0.04095 0.112301 0.99283
vn -0.327998 0.0800896 0.941277
vn -0.333588 0.148659 0.930924
vn -0.694509 0.0275349 0.718957
vn -0.657215 0.154393 0.73772
vn -0.940914 -0.0227761 0.337878
vn -0.91382 0.134822 0.383088
vn -0.99565 -0.0304575 -0.0880586
vn -0.991226 0.112222 -0.0698441
vn -0.876028 -0.0115501 -0.482121
vn -0.885197 0.100942 -0.454134
vn -0.664281 0.0862495 -0.74249
vn -0.624631 0.00799659 -0.780879
vn -0.339708 0.0816008 -0.936984
vn -0.316758 0.0413912 -0.947603
vn 0.029467 0.115691 -0.992848
vn -0.0159614 0.117439 -0.992952
vn 0.334413 0.174734 -0.926087
vn 0.251039 0.225912 -0.941245
vn 0.553748 0.219384 -0.803264
vn 0.470174 0.32037 -0.822375
vn 0.719651 0.238858 -0.651958
vn 0.751954 0.120196 -0.648165
vn 0.604 0.129983 -0.786313
vn 0.884282 0.0761459 -0.460704
vn 0.87116 -0.0345553 -0.489781
vn 0.754989 0.0176052 -0.655501
vn 0.958649 -0.0938248 -0.268681
vn 0.974943 0.0144756 -0.221985
vn 0.992371 -0.0374543 0.117456
vn 0.988009 -0.133721 0.0771811
vn 0.857914 -0.0466403 0.511671
vn 0.860897 -0.116954 0.495154
vn 0.622864 -0.0142186 0.782201
vn 0.604854 -0.0414631 0.795256
vn 0.348786 0.0542762 0.935629
vn 0.303723 0.0677761 0.950347
vn 0.00763162 0.141231 0.989947
vn -0.0338737 0.184447 0.982258
vn -0.343998 0.214088 0.914238
vn -0.347167 0.274403 0.89676
vn -0.6269 0.26149 0.733907
vn -0.600458 0.3355 0.725872
vn -0.867054 0.285334 0.408414
vn -0.818593 0.380449 0.430307
vn -0.963418 0.264933 -0.0404573
vn -0.923947 0.382262 0.014029
vn -0.875999 0.332242 -0.349629
vn -0.882051 0.214545 -0.419471
vn -0.730982 0.257375 -0.632
vn -0.6997 0.155732 -0.697257
vn -0.392763 0.17021 -0.903751
vn -0.370016 0.104868 -0.923088
vn 0.110516 0.0879329 -0.989977
vn 0.0717722 0.0892505 -0.99342
vn 0.459235 0.0530452 -0.88673
vn 0.404346 0.110075 -0.907958
vn 0.631866 0.043935 -0.773832
vn 0.637905 -0.0149209 -0.769971
vn 0.487213 0.0313686 -0.872719
vn 0.740218 -0.0539378 -0.6702
vn 0.715229 -0.127936 -0.68708
vn 0.618718 -0.0840572 -0.781103
vn 0.815871 -0.174113 -0.551397
vn 0.846145 -0.107644 -0.521969
vn 0.911876 -0.219691 -0.346724
vn 0.937087 -0.161259 -0.309619
vn 0.979948 -0.19401 0.0453994
vn 0.969456 -0.24435 0.0211501
vn 0.849637 -0.156309 0.503671
vn 0.829567 -0.180329 0.528488
vn 0.561207 -0.0436758 0.826522
vn 0.501584 -0.0332133 0.864471
vn 0.235146 0.0929781 0.967503
vn 0.17318 0.112154 0.978484
vn -0.0944982 0.219276 0.971076
vn -0.077553 0.211791 0.974233
vn -0.347989 0.297774 0.888951
vn -0.327927 0.304877 0.894155
vn -0.580018 0.365804 0.727851
vn -0.553442 0.391897 0.734928
vn -0.782946 0.432943 0.446717
vn -0.75177 0.478312 0.453937
vn -0.884941 0.461175 0.0647889
vn -0.848455 0.520675 0.0949809
vn -0.858086 0.434064 -0.274366
vn -0.830528 0.510099 -0.223656
vn -0.733581 0.374815 -0.566897
vn -0.713602 0.464498 -0.524418
vn -0.380665 0.270197 -0.884357
vn -0.356493 0.339023 -0.870618
vn 0.154413 0.13241 -0.979094
vn 0.148918 0.124123 -0.981028
vn 0.466441 -0.0094558 -0.884502
vn 0.403836 -0.0946273 -0.909924
vn 0.0803617 0.0929541 -0.992422
vn 0.5804 -0.188439 -0.792229
vn 0.567048 -0.258646 -0.782022
vn 0.350345 -0.143527 -0.925559
vn 0.686068 -0.230325 -0.690117
vn 0.685388 -0.3029 -0.662189
vn 0.782497 -0.263067 -0.564353
vn 0.773392 -0.324853 -0.544367
vn 0.878296 -0.30057 -0.371824
vn 0.863796 -0.346771 -0.365522
vn 0.932597 -0.35861 -0.0407634
vn 0.946564 -0.322481 -0.00480341
vn 0.795524 -0.269519 0.54268
vn 0.796835 -0.236184 0.556122
vn 0.372355 -0.0594984 0.926181
vn 0.425849 -0.0493154 0.903449
vn 0.0560039 0.103455 0.993056
vn 0.116151 0.107587 0.987387
vn -0.163422 0.224739 0.960617
vn -0.116555 0.225798 0.967176
vn -0.323425 0.333567 0.885511
vn -0.35354 0.331339 0.874771
vn -0.531323 0.441086 0.723284
vn -0.541534 0.432393 0.720956
vn -0.717351 0.528624 0.453833
vn -0.710105 0.516069 0.478981
vn -0.816271 0.565957 0.11573
vn -0.814728 0.559084 0.153762
vn -0.80998 0.554029 -0.192312
vn -0.818644 0.548463 -0.170326
vn -0.709396 0.504135 -0.49255
vn -0.723689 0.493757 -0.48216
vn -0.397203 0.353062 -0.8471
vn -0.452549 0.341312 -0.823836
vn -0.0135224 0.077633 -0.99689
vn -0.049067 0.111258 -0.992579
vn -0.458909 0.339779 -0.820946
vn 0.338392 -0.111349 -0.934394
vn 0.321095 -0.0709987 -0.944382
vn -0.0841259 0.126288 -0.98842
vn 0.603467 -0.207286 -0.769974
vn 0.591953 -0.249483 -0.766387
vn 0.753958 -0.273925 -0.597087
vn 0.721793 -0.307549 -0.620023
vn 0.844171 -0.30182 -0.443035
vn 0.803384 -0.328901 -0.496385
vn 0.915629 -0.310799 -0.255005
vn 0.883384 -0.341058 -0.321422
vn 0.940561 -0.336236 -0.0478573
vn 0.954546 -0.298017 0.00529942
vn 0.829727 -0.250786 0.498658
vn 0.857713 -0.226808 0.461397
vn 0.45777 -0.0640168 0.886763
vn 0.39055 -0.0536555 0.919017
vn 0.0221313 0.0949728 0.995234
vn 0.0231547 0.103367 0.994374
vn -0.259903 0.205295 0.943559
vn -0.214057 0.215151 0.952833
vn -0.450677 0.292385 0.843446
vn -0.395119 0.308042 0.865443
vn -0.571704 0.399637 0.716551
vn -0.62137 0.37828 0.686151
vn -0.727667 0.479808 0.490189
vn -0.759748 0.451129 0.468259
vn -0.829943 0.530975 0.171056
vn -0.850735 0.49817 0.167559
vn -0.831537 0.529736 -0.167111
vn -0.850549 0.498132 -0.168612
vn -0.724949 0.4776 -0.496333
vn -0.745871 0.447871 -0.49304
vn -0.486621 0.322401 -0.811947
vn -0.797487 0.38583 -0.463842
vn -0.566462 0.299124 -0.767884
vn -0.162847 0.14357 -0.97615
vn -0.637135 0.259216 -0.725855
vn -0.257042 0.158236 -0.953358
vn 0.283093 -0.0269934 -0.958713
vn 0.235739 0.0186583 -0.971637
vn 0.635825 -0.0930017 -0.76621
vn 0.611055 -0.148096 -0.777611
vn 0.839801 -0.142946 -0.523737
vn 0.791659 -0.206549 -0.57499
vn 0.926204 -0.157015 -0.342772
vn 0.890453 -0.229074 -0.393215
vn 0.955696 -0.232521 -0.180495
vn 0.981086 -0.159052 -0.110328
vn 0.978346 -0.144793 0.1479
vn 0.973463 -0.213389 0.082675
vn 0.897719 -0.114078 0.425543
vn 0.881421 -0.15904 0.444751
vn 0.605381 -0.0407304 0.794893
vn 0.539792 -0.0437965 0.840658
vn 0.115276 0.0609388 0.991463
vn 0.0554541 0.0894775 0.994444
vn -0.267782 0.13147 0.954468
vn -0.289044 0.178394 0.940547
vn -0.536106 0.181423 0.824425
vn -0.517224 0.244522 0.820176
vn -0.785506 0.235656 0.57223
vn -0.713519 0.312635 0.627017
vn -0.923057 0.277345 0.266544
vn -0.841197 0.37028 0.394056
vn -0.952386 0.304876 0.00355124
vn -0.903443 0.410177 0.124683
vn -0.89194 0.416798 -0.175279
vn -0.921999 0.315408 -0.224579
vn -0.838075 0.305187 -0.452207
vn -0.937534 0.246019 -0.245979
vn -0.872305 0.221982 -0.43567
vn -0.689287 0.173433 -0.703424
vn -0.915271 0.190859 -0.354757
vn -0.738594 0.141311 -0.659174
vn -0.229995 0.0527763 -0.97176
vn -0.292292 0.094825 -0.951616
vn 0.416937 -0.0362494 -0.908212
vn 0.264421 -0.000831508 -0.964407
vn 0.751178 -0.072246 -0.656134
vn 0.686413 -0.0726157 -0.723577
vn 0.890591 -0.0862391 -0.446555
vn 0.875891 -0.104539 -0.471049
vn 0.949119 -0.0926597 -0.300978
vn 0.944666 -0.113977 -0.307597
vn 0.985241 -0.0952084 -0.142248
vn 0.988435 -0.119056 -0.0939272
vn 0.990897 -0.0890809 0.100939
vn 0.982057 -0.116743 0.148102
vn 0.917853 -0.0546992 0.393133
vn 0.912175 -0.0959569 0.398409
vn 0.652011 0.0241507 0.757825
vn 0.645726 -0.028578 0.763035
vn 0.227874 0.113794 0.967018
vn 0.186266 0.0657535 0.980297
vn -0.239203 0.195122 0.951162
vn -0.221804 0.141101 0.964828
vn -0.619847 0.252301 0.743058
vn -0.540817 0.202724 0.816346
vn -0.826034 0.278597 0.489951
vn -0.80739 0.255914 0.531629
vn -0.934368 0.273593 0.22826
vn -0.944425 0.272052 0.184523
vn -0.968199 0.249959 0.0105151
vn -0.962412 0.262515 -0.0696369
vn -0.961604 0.222253 -0.161003
vn -0.952817 0.284692 0.105312
vn -0.961412 0.272199 -0.0399281
vn -0.896149 0.257224 -0.361598
vn -0.84563 0.523377 -0.104812
vn -0.515272 0.52596 -0.676654
vn 0.566605 0.159817 -0.808342
vn 0.784598 -0.05744 -0.617339
vn 0.92089 0.00466526 -0.389795
vn 0.89749 -0.0739985 -0.434783
vn 0.981208 -0.0179308 -0.19212
vn 0.955541 -0.0821826 -0.283173
vn 0.992903 -0.0203966 -0.117166
vn 0.984207 -0.073934 -0.160842
vn 0.99994 0.01093 8.69388e-05
vn 0.996669 -0.0573437 0.0579941
vn 0.906244 0.062528 0.418105
vn 0.916815 -0.0154119 0.399015
vn 0.534344 0.157151 0.83053
vn 0.606292 0.078555 0.791353
vn 0.124168 0.255605 0.958774
vn 0.190131 0.167358 0.967389
vn -0.378504 0.33361 0.863388
vn -0.321777 0.262324 0.909751
vn -0.723487 0.359952 0.589068
vn -0.692285 0.283938 0.663416
vn -0.822317 0.376467 0.426694
vn -0.837779 0.289723 0.462803
vn -0.885202 0.379062 0.269684
vn -0.910449 0.291746 0.2932
vn -0.92075 0.384383 0.066847
vn -0.5593 0.827985 -0.0403083
vn -0.581554 0.755857 0.300792
vn 0.566909 0.822688 0.0424078
vn 0.663051 0.696873 -0.273372
vn 0.997988 0.0495553 -0.0395417
vn 0.995871 0.0529662 -0.0737308
vn 0.477017 0.794032 0.376786
vn 0.854603 0.249288 0.455532
vn 0.310273 0.586905 0.747846
vn 0.405263 0.435413 0.803852
vn -0.345426 0.681447 0.645221
vn -0.166142 0.525481 0.834426
vn 0.131304 0.317232 0.939214
vn -0.606209 0.39764 -0.688763
vn -0.528832 0.318605 -0.786656
vn -0.912078 0.391225 -0.122707
vn -0.909601 0.415003 -0.019956
vn -0.716276 0.517335 -0.468309
vn -0.994519 0.0510562 0.0912459
vn -0.939648 0.271642 0.208018
vn -0.941481 0.253165 0.222532
vn -0.976061 0.12222 0.179911
vn -0.932693 0.313602 0.17815
vn -0.99122 -0.128296 0.0319849
vn -0.973061 0.227766 0.0356931
vn -0.897592 -0.434289 -0.0756356
vn -0.997885 -0.062176 -0.01898
vn -0.955313 0.27929 0.0968169
vn -0.927044 -0.342068 -0.153555
vn -0.995797 0.0859438 0.0316422
vn -0.900885 0.398193 0.17277
vn -0.916532 0.348393 0.196449
vn -0.988729 -0.146554 -0.0306102
vn -0.941291 0.153688 0.300584
vn -0.960336 -0.256659 -0.109003
vn -0.937156 0.0117128 0.348713
vn -0.941577 -0.314713 -0.119948
vn -0.94414 0.0100824 0.329389
vn -0.70615 0.296885 0.642816
vn -0.917365 -0.128067 0.376882
vn -0.766058 0.315719 0.55989
vn -0.4073 0.723973 0.556749
vn -0.300668 0.538074 0.787449
vn -0.822211 -0.362107 0.439144
vn -0.782584 -0.575412 0.23762
vn -0.755592 -0.481769 0.443824
vn -0.723075 -0.66702 0.179574
vn -0.845245 -0.533231 0.0349976
vn -0.538408 -0.815185 -0.21352
vn -0.54062 -0.757898 -0.365131
vn -0.631756 -0.556463 -0.53966
vn -0.255324 -0.760038 -0.597622
vn -0.308098 -0.633282 -0.70995
vn -0.704332 -0.469353 -0.532564
vn -0.428156 -0.599253 -0.676445
vn -0.69281 -0.640906 -0.330536
vn -0.787989 -0.583752 -0.195724
vn -0.804709 -0.485178 -0.342121
vn -0.578402 -0.680271 -0.450204
vn -0.787883 -0.609465 -0.088276
vn -0.870366 -0.124664 0.476364
vn -0.877859 -0.13009 0.460913
vn -0.730567 -0.653473 -0.198104
vn -0.723762 -0.676994 -0.133597
vn -0.940993 -0.185872 0.282815
vn -0.954061 -0.225207 0.197609
vn -0.961269 -0.243578 0.12896
vn -0.724529 -0.679348 -0.116379
vn -0.90764 -0.416596 0.0513569
vn -0.982438 -0.159399 0.0969942
vn -0.717694 -0.537351 -0.442911
vn -0.734619 -0.601619 -0.31367
vn -0.768132 -0.634765 -0.0839444
vn -0.961634 -0.264213 0.0738384
vn -0.858345 -0.48751 -0.159931
vn -0.562312 -0.709219 -0.425222
vn -0.632503 -0.770706 -0.0771462
vn -0.773798 -0.585462 -0.241808
vn -0.908045 -0.330596 -0.257216
vn -0.764012 -0.607 -0.218717
vn -0.798916 -0.599238 -0.0514564
vn -0.942471 -0.325926 -0.0743046
vn -0.966287 -0.23736 0.0997494
vn -0.862425 -0.506172 0.0036813
vn -0.421805 -0.172552 -0.890116
vn -0.500805 -0.432486 -0.749766
vn -0.628408 -0.672975 -0.390139
vn -0.361802 0.17308 -0.916047
vn -0.515 -0.163004 -0.841549
vn -0.787157 -0.381392 -0.48469
vn -0.711052 -0.11947 -0.692915
vn -0.905725 -0.294586 -0.304763
vn -0.9343 -0.152093 0.322415
vn -0.949964 -0.295016 0.102638
vn -0.847788 -0.123941 0.515649
vn -0.868948 -0.215194 0.445669
vn -0.65219 -0.106012 0.750606
vn -0.738562 -0.461118 0.49183
vn -0.524489 -0.780476 -0.340249
vn -0.406597 -0.785925 -0.465834
vn -0.326201 -0.77472 -0.541666
vn -0.389218 -0.49622 -0.776064
vn -0.533629 -0.504763 -0.678568
vn -0.771546 -0.602389 -0.204559
vn -0.643269 -0.254829 -0.721988
vn -0.970846 -0.200026 -0.13209
vn -0.907631 -0.27387 0.318121
vn -0.98196 -0.188832 0.00981874
vn -0.924405 0.00681982 0.381352
vn -0.806121 -0.370152 0.461689
vn -0.886983 -0.0917563 0.452594
vn -0.822404 -0.194909 0.534474
vn -0.89215 0.150062 0.426086
vn -0.86636 0.0592897 0.495889
vn -0.756826 -0.256566 0.601156
vn -0.851993 -0.0324925 0.522545
vn -0.708108 -0.223439 0.66982
vn -0.840281 -0.076517 0.536724
vn -0.648628 -0.101012 0.754373
vn -0.794253 0.00132545 0.607586
vn -0.905362 0.0540046 0.421192
vn -0.889856 0.101514 0.444805
vn -0.859365 0.184179 0.477043
vn -0.918379 0.147499 0.367183
vn -0.890289 0.210269 0.403947
vn -0.868596 0.250199 0.427717
vn -0.887736 0.223653 0.402374
vn -0.868813 0.248308 0.428378
vn -0.851319 0.275215 0.446668
vn -0.758884 0.27066 0.592317
vn -0.799784 0.156069 0.579645
vn -0.804907 0.175078 0.566986
vn -0.582575 -0.0539482 0.810984
vn -0.697916 -0.206876 0.685649
vn -0.663292 0.103393 0.741184
vn -0.77025 0.552262 0.318937
vn -0.883313 0.430331 0.185937
vn -0.430956 0.408046 0.804845
vn -0.421204 0.275492 0.864113
vn -0.389477 0.49267 0.778193
vn -0.126267 0.574412 0.808769
vn -0.786003 0.34653 0.511974
vn -0.86225 0.320852 0.391891
vn -0.583852 0.555972 0.591618
vn -0.912936 0.192558 0.359818
vn -0.931443 0.181285 0.315515
vn -0.907803 0.284643 0.308013
vn -0.931528 0.113413 0.345533
vn -0.940712 0.0656087 0.332802
vn -0.952117 0.153897 0.264176
vn -0.892958 0.036705 0.44864
vn -0.847258 0.0998028 0.521721
vn -0.920642 0.0950651 0.378656
vn -0.967478 0.0743743 0.241775
vn -0.846909 0.206202 0.490128
vn -0.930642 -0.114323 0.347613
vn -0.807148 0.235637 0.541283
vn -0.911591 0.0461184 0.408502
vn -0.858686 -0.0474307 0.510302
vn -0.938525 0.0615214 0.339684
vn -0.748018 -0.662246 -0.0435678
vn -0.867626 -0.49717 -0.00685701
vn -0.650493 -0.750738 0.115113
vn -0.151295 -0.892431 -0.42506
vn -0.285715 -0.870491 -0.400766
vn -0.165758 -0.833389 -0.527244
vn -0.59825 -0.568645 -0.564571
vn -0.423171 -0.837766 0.345071
vn -0.746742 -0.462996 0.477505
vn -0.451922 -0.876211 0.167391
vn -0.266375 -0.948003 0.174171
vn -0.821847 -0.547564 0.15729
vn -0.748278 -0.640206 -0.17383
vn -0.370331 -0.890868 -0.263075
vn -0.996431 -0.0341582 0.0771906
vn -0.97892 -0.0250102 0.202708
vn -0.923163 0.306625 0.231842
vn -0.939491 0.228072 0.255615
vn -0.809484 0.454888 0.371232
vn -0.499245 0.659322 0.562182
vn -0.850942 0.3995 0.341023
vn -0.0421735 0.702499 0.710434
vn 0.124748 0.856337 0.501124
vn -0.156527 0.829118 0.536715
vn -0.408175 0.754523 0.513895
vn -0.839314 0.525959 -0.137549
vn -0.786855 0.605294 0.120324
vn -0.660213 0.52221 0.539829
vn -0.838212 0.545147 -0.0146603
vn -0.344738 0.442412 0.827905
vn -0.0164028 0.0713352 0.997317
vn -0.220641 0.247294 0.943484
vn 0.18324 -0.0152066 0.982951
vn 0.257005 -0.160798 0.952939
vn 0.232781 -0.601735 0.764021
vn 0.0929167 -0.936368 0.338499
vn 0.0345027 -0.915498 0.400841
vn -0.0337372 -0.908436 0.41666
vn -0.0698495 -0.958015 0.278079
vn -0.0881464 -0.977969 0.189227
vn -0.147746 -0.98792 0.0467519
vn -0.171287 -0.984888 -0.0256091
vn -0.172802 -0.984629 -0.0253881
vn -0.197932 -0.980215 -0.00149854
vn -0.248122 -0.968725 0.00280082
vn -0.371545 -0.927948 -0.0294394
vn -0.340877 -0.939809 -0.0237241
vn -0.481238 -0.876377 -0.0193173
vn -0.461064 -0.887026 -0.0246179
vn -0.326304 -0.945073 -0.0190579
vn -0.63167 -0.775024 -0.0182063
vn -0.672547 -0.734005 0.0944289
vn -0.424366 -0.90482 0.0348382
vn -0.978632 -0.027125 0.203825
vn -0.673163 -0.654432 0.344339
vn -0.690893 0.707639 0.148033
vn -0.610412 -0.713858 0.343225
vn -0.373213 -0.899006 0.229127
vn -0.317591 -0.886251 0.337187
vn -0.24911 -0.951925 0.178279
vn -0.125874 -0.937758 0.323676
vn 0.116508 -0.966995 0.2266
vn 0.218606 -0.874391 0.433188
vn 0.0979511 -0.948017 0.30277
vn 0.228366 -0.908613 0.349673
vn -0.0684942 -0.916102 0.395051
vn -0.160139 -0.93931 0.303401
vn -0.186324 -0.963671 0.191369
vn -0.272984 -0.961348 0.0359083
vn 0.204055 -0.416724 0.885834
vn 0.343421 -0.528007 0.776705
vn -0.185299 -0.228346 0.955784
vn -0.321248 0.140938 0.936449
vn 0.0249379 0.0181692 0.999524
vn -0.637965 0.227126 0.735808
vn -0.623466 -0.15939 0.765431
vn -0.88262 -0.317255 0.346888
vn -0.840189 0.245169 0.483709
vn -0.874997 -0.480422 -0.0597879
vn -0.939587 0.177663 0.292596
vn -0.767365 -0.578722 -0.276102
vn -0.992468 0.0576702 0.108085
vn -0.728663 0.509946 0.457171
vn -0.683353 0.56423 0.463328
vn -0.634154 0.473164 0.611527
vn -0.446204 0.336671 0.829189
vn -0.185569 0.213583 0.959138
vn -0.491745 0.449733 0.745605
vn 0.0883579 0.0906537 0.991955
vn 0.270147 -0.0943528 0.958185
vn -0.731645 -0.555177 0.395568
vn -0.840162 -0.177852 0.512344
vn -0.947281 -0.27639 0.162072
vn -0.878882 -0.049671 0.474447
vn -0.919753 -0.284115 -0.2708
vn -0.869079 -0.251126 -0.426189
vn -0.913381 -0.396477 -0.0924152
vn -0.621886 0.0935298 -0.777502
vn -0.85865 -0.292516 -0.420898
vn -0.614011 0.137121 -0.777295
vn -0.849525 -0.497292 -0.176088
vn -0.844774 -0.393243 -0.362929
vn -0.790116 -0.591616 -0.160336
vn -0.617662 0.068024 -0.783497
vn -0.782071 -0.542027 -0.307524
vn -0.564532 -0.816191 -0.123028
vn -0.703663 -0.700231 -0.12056
vn -0.630471 -0.775663 -0.0292168
vn -0.547576 -0.835977 -0.0360922
vn -0.720741 -0.692894 -0.0207379
vn -0.693664 -0.716122 0.077457
vn -0.594171 -0.804102 0.0194971
vn -0.797876 -0.573812 0.184751
vn -0.814571 -0.578955 0.0358616
vn -0.907732 -0.372496 0.193051
vn -0.829089 -0.503197 0.243729
vn -0.709482 -0.696226 0.109105
vn -0.915366 -0.366829 0.165956
vn -0.992219 0.0174394 0.123277
vn -0.392294 -0.903054 -0.174923
vn -0.95266 0.143468 0.268058
vn -0.775973 0.354464 0.521748
vn -0.806096 0.366704 0.464475
vn -0.598649 0.463412 0.653351
vn -0.62946 0.467001 0.62104
vn -0.462001 0.522197 0.716844
vn -0.493482 0.523808 0.694335
vn -0.391108 0.559659 0.730628
vn -0.532474 0.572007 0.623922
vn -0.428188 0.608339 0.668266
vn -0.34599 0.632336 0.693139
vn -0.46533 0.652224 0.598391
vn -0.370426 0.682703 0.629842
vn -0.28211 0.645181 0.710039
vn -0.284229 0.700712 0.654382
vn -0.224803 0.648883 0.726921
vn -0.199818 0.702223 0.683341
vn -0.172635 0.642146 0.74689
vn -0.129002 0.68324 0.718708
vn -0.122962 0.627519 0.768831
vn -0.0804056 0.652139 0.753824
vn -0.145489 0.607724 0.780708
vn -0.0621141 0.701892 0.70957
vn -0.0184456 0.66071 0.750414
vn -0.00141284 0.675888 0.737003
vn 0.049828 0.641095 0.765842
vn 0.0299946 0.615564 0.787516
vn 0.107242 0.605479 0.788603
vn 0.0292642 0.540635 0.840748
vn 0.144429 0.568783 0.809707
vn 0.0190139 0.413192 0.910446
vn 0.162759 0.488558 0.857217
vn 0.141843 0.400913 0.905069
vn 0.000725344 0.324021 0.94605
vn -0.110708 0.486213 0.866799
vn 0.0288665 0.542954 0.839266
vn -0.227718 0.651437 0.723722
vn -0.0841233 0.695816 0.713276
vn -0.126939 0.689347 0.713223
vn -0.313246 0.395009 0.863623
vn -0.190253 0.222119 0.956278
vn -0.33191 0.122462 0.935328
vn -0.320341 0.188323 0.928394
vn -0.182314 0.290847 0.939239
vn -0.360404 0.357506 0.861567
vn -0.194145 0.448084 0.872656
vn -0.185607 0.572556 0.79858
vn -0.369916 0.501093 0.782348
vn -0.171557 0.67513 0.717473
vn -0.340402 0.628243 0.699598
vn -0.442215 0.569598 0.692823
vn -0.300339 0.704917 0.642564
vn -0.400288 0.665624 0.629853
vn -0.496054 0.613018 0.61493
vn -0.566594 0.610898 0.552969
vn -0.648789 0.526616 0.549316
vn -0.171314 0.722103 0.670238
vn -0.917639 -0.2764 0.285553
vn -0.355033 -0.672009 0.649888
vn -0.475642 -0.797806 0.3705
vn -0.523416 -0.833366 0.177586
vn -0.493195 -0.674668 0.549164
vn -0.523003 -0.849596 -0.0682264
vn -0.634845 -0.691828 -0.344014
vn -0.796425 -0.240179 -0.554997
vn -0.816607 0.357898 -0.452838
vn -0.679349 0.304072 0.667851
vn -0.71518 0.392082 0.57861
vn -0.870844 0.161157 0.464391
vn -0.727578 0.491709 0.478385
vn -0.698587 0.592033 0.401837
vn -0.685023 -0.0719837 0.724957
vn -0.758366 0.124296 0.639869
vn -0.744203 0.0986801 0.660624
vn -0.763055 -0.151499 -0.628327
vn -0.784884 -0.0850278 -0.613781
vn -0.844072 -0.0637705 -0.532424
vn -0.337358 0.516748 -0.786868
vn -0.388879 0.526707 -0.755879
vn -0.862219 -0.441457 -0.248384
vn -0.707242 -0.622229 -0.335618

# Mesh 'ZBrush_defualt_group_ZBrush_defualt_group' with 7624 faces
g ZBrush_defualt_group_ZBrush_defualt_group
usemtl default
f  1/1/1 2/2/2 3/3/3
f  3/3/3 4/4/4 1/1/1
f  5/5/5 2/2/2 1/1/1
f  1/1/1 6/6/6 5/5/5
f  7/7/7 8/8/8 9/9/9
f  9/9/9 10/10/10 7/7/7
f  7/7/7 10/10/10 11/11/11
f  11/11/11 12/12/12 7/7/7
f  11/11/11 10/10/10 9/9/9
f  9/9/9 13/13/13 11/11/11
f  14/14/14 15/15/15 16/16/16
f  16/16/16 17/17/17 14/14/14
f  17/17/17 18/18/18 19/19/19
f  19/19/19 14/14/14 17/17/17
f  20/20/20 21/21/21 22/22/22
f  22/22/22 23/23/23 20/20/20
f  20/24/20 23/25/23 24/26/24
f  24/26/24 25/27/25 20/24/20
f  26/28/26 20/24/20 25/27/25
f  25/27/25 27/29/27 26/28/26
f  20/24/20 26/28/26 28/30/28
f  28/30/28 29/31/29 20/24/20
f  21/21/21 20/20/20 29/32/29
f  29/32/29 30/33/30 21/21/21
f  31/34/31 32/35/32 33/36/33
f  33/36/33 34/37/34 31/34/31
f  32/35/32 31/34/31 30/33/30
f  30/33/30 29/32/29 32/35/32
f  35/38/35 32/39/32 29/31/29
f  29/31/29 28/30/28 35/38/35
f  32/39/32 36/40/36 37/41/37
f  37/41/37 33/42/33 32/39/32
f  32/39/32 35/38/35 38/43/38
f  38/43/38 36/40/36 32/39/32
f  39/44/39 40/45/40 41/46/41
f  41/46/41 42/47/42 39/44/39
f  41/46/41 40/45/40 43/48/43
f  43/48/43 44/49/44 41/46/41
f  40/45/40 39/44/39 45/50/45
f  45/50/45 43/48/43 40/45/40
f  46/51/46 47/52/47 48/53/48
f  48/53/48 49/54/49 46/51/46
f  34/37/34 46/51/46 49/54/49
f  49/54/49 31/34/31 34/37/34
f  47/52/47 46/51/46 34/37/34
f  34/37/34 50/55/50 47/52/47
f  51/56/51 52/57/52 53/58/53
f  53/58/53 54/59/54 51/56/51
f  55/60/55 52/57/52 51/56/51
f  51/56/51 56/61/56 55/60/55
f  52/57/52 55/60/55 57/62/57
f  57/62/57 53/58/53 52/57/52
f  58/63/58 59/64/59 60/65/60
f  60/65/60 61/66/61 58/63/58
f  58/67/58 61/68/61 62/69/62
f  62/69/62 56/61/56 58/67/58
f  58/67/58 56/61/56 51/56/51
f  51/56/51 63/70/63 58/67/58
f  58/63/58 64/71/64 65/72/65
f  65/72/65 59/64/59 58/63/58
f  58/63/58 63/73/63 66/74/66
f  66/74/66 64/71/64 58/63/58
f  67/75/67 68/76/68 69/77/69
f  69/77/69 70/78/70 67/75/67
f  68/76/68 67/75/67 71/79/71
f  71/79/71 72/80/72 68/76/68
f  69/77/69 68/76/68 72/80/72
f  72/80/72 73/81/73 69/77/69
f  74/82/74 75/83/75 76/84/76
f  76/84/76 77/85/77 74/82/74
f  78/86/78 74/82/74 79/87/79
f  79/87/79 80/88/80 78/86/78
f  74/82/74 78/86/78 81/89/81
f  81/89/81 75/83/75 74/82/74
f  74/82/74 82/90/82 83/91/83
f  83/91/83 79/87/79 74/82/74
f  82/90/82 74/82/74 77/85/77
f  77/85/77 84/92/84 82/90/82
f  85/93/85 86/94/86 87/95/87
f  87/95/87 88/96/88 85/93/85
f  86/94/86 85/93/85 89/97/89
f  89/97/89 90/98/90 86/94/86
f  91/99/91 92/100/92 93/101/93
f  93/101/93 94/102/94 91/99/91
f  95/103/95 91/99/91 96/104/96
f  96/104/96 97/105/97 95/103/95
f  91/99/91 95/103/95 98/106/98
f  98/106/98 92/100/92 91/99/91
f  99/107/99 100/108/100 101/109/101
f  99/107/99 101/109/101 102/110/102
f  103/111/103 104/112/104 105/113/105
f  105/113/105 106/114/106 103/111/103
f  107/115/107 108/116/108 104/112/104
f  104/112/104 103/111/103 107/115/107
f  107/115/107 103/111/103 109/117/109
f  109/117/109 110/118/110 107/115/107
f  111/119/111 112/120/112 113/121/113
f  113/121/113 114/122/114 111/119/111
f  115/123/115 112/120/112 111/119/111
f  111/119/111 116/124/116 115/123/115
f  113/125/113 112/126/112 115/127/115
f  115/127/115 117/128/117 113/125/113
f  117/128/117 118/129/118 119/130/119
f  119/130/119 113/125/113 117/128/117
f  120/131/120 118/129/118 117/128/117
f  117/128/117 121/132/121 120/131/120
f  119/130/119 118/129/118 120/131/120
f  120/131/120 122/133/122 119/130/119
f  121/132/121 123/134/123 124/135/124
f  124/135/124 120/131/120 121/132/121
f  124/135/124 125/136/125 126/137/126
f  126/137/126 120/131/120 124/135/124
f  125/136/125 124/135/124 127/138/127
f  127/138/127 128/139/128 125/136/125
f  129/140/129 130/141/130 131/142/131
f  131/142/131 132/143/132 129/140/129
f  130/141/130 129/140/129 133/144/133
f  133/144/133 134/145/134 130/141/130
f  131/142/131 130/141/130 134/145/134
f  134/145/134 135/146/135 131/142/131
f  136/147/136 134/145/134 133/144/133
f  133/144/133 137/148/137 136/147/136
f  136/147/136 138/149/138 135/146/135
f  135/146/135 134/145/134 136/147/136
f  136/147/136 137/148/137 139/150/139
f  139/150/139 140/151/140 136/147/136
f  136/147/136 140/151/140 141/152/141
f  141/152/141 142/153/142 136/147/136
f  138/149/138 136/147/136 142/153/142
f  142/153/142 143/154/143 138/149/138
f  135/146/135 144/155/144 145/156/145
f  145/156/145 131/142/131 135/146/135
f  145/157/145 146/158/146 147/159/147
f  147/159/147 148/160/148 145/157/145
f  145/156/145 148/161/148 149/162/149
f  149/162/149 150/163/150 145/156/145
f  145/157/145 144/164/144 151/165/151
f  151/165/151 146/158/146 145/157/145
f  151/165/151 144/164/144 152/166/152
f  152/166/152 153/167/153 151/165/151
f  152/168/152 138/149/138 154/169/154
f  154/169/154 155/170/155 152/168/152
f  153/167/153 152/166/152 155/171/155
f  155/171/155 156/172/156 153/167/153
f  157/173/157 154/169/154 138/149/138
f  138/149/138 143/154/143 157/173/157
f  154/169/154 157/173/157 158/174/158
f  158/174/158 159/175/159 154/169/154
f  158/174/158 157/173/157 143/154/143
f  143/154/143 160/176/160 158/174/158
f  161/177/161 162/178/162 163/179/163
f  163/179/163 164/180/164 161/177/161
f  165/181/165 161/177/161 146/158/146
f  146/158/146 151/165/151 165/181/165
f  161/177/161 165/181/165 166/182/166
f  166/182/166 162/178/162 161/177/161
f  167/183/167 168/184/168 169/185/169
f  169/185/169 170/186/170 167/183/167
f  169/185/169 168/184/168 171/187/171
f  171/187/171 172/188/172 169/185/169
f  171/187/171 168/184/168 167/183/167
f  167/183/167 173/189/173 171/187/171
f  174/190/174 175/191/175 176/192/176
f  176/192/176 177/193/177 174/190/174
f  175/191/175 174/190/174 178/194/178
f  178/194/178 179/195/179 175/191/175
f  176/192/176 175/191/175 179/195/179
f  179/195/179 180/196/180 176/192/176
f  181/197/181 182/198/182 183/199/183
f  183/199/183 184/200/184 181/197/181
f  160/176/160 181/197/181 184/200/184
f  184/200/184 158/174/158 160/176/160
f  181/197/181 160/176/160 185/201/185
f  185/201/185 182/198/182 181/197/181
f  176/202/176 186/203/186 187/204/187
f  187/204/187 177/205/177 176/202/176
f  186/203/186 176/202/176 180/206/180
f  180/206/180 188/207/188 186/203/186
f  186/203/186 188/207/188 189/208/189
f  189/208/189 187/204/187 186/203/186
f  190/209/190 191/210/191 192/211/192
f  192/211/192 193/212/193 190/209/190
f  192/211/192 191/210/191 194/213/194
f  194/213/194 195/214/195 192/211/192
f  191/210/191 190/209/190 196/215/196
f  196/215/196 194/213/194 191/210/191
f  197/216/197 198/217/198 199/218/199
f  199/218/199 200/219/200 197/216/197
f  184/200/184 183/199/183 198/217/198
f  198/217/198 197/216/197 184/200/184
f  199/218/199 198/217/198 183/199/183
f  183/199/183 201/220/201 199/218/199
f  202/221/202 203/222/203 204/223/204
f  204/223/204 205/224/205 202/221/202
f  204/223/204 203/222/203 206/225/206
f  206/225/206 207/226/207 204/223/204
f  206/225/206 203/222/203 202/221/202
f  202/221/202 208/227/208 206/225/206
f  209/228/209 210/229/210 211/230/211
f  211/230/211 212/231/212 209/228/209
f  213/232/213 209/228/209 212/231/212
f  212/231/212 214/233/214 213/232/213
f  215/234/215 216/235/216 217/236/217
f  217/236/217 218/237/218 215/234/215
f  216/235/216 219/238/219 220/239/220
f  220/239/220 217/236/217 216/235/216
f  219/238/219 216/235/216 221/240/221
f  221/240/221 222/241/222 219/238/219
f  223/242/223 224/243/224 225/244/225
f  225/244/225 226/245/226 223/242/223
f  224/243/224 223/242/223 227/246/227
f  227/246/227 228/247/228 224/243/224
f  224/243/224 228/247/228 229/248/229
f  229/248/229 230/249/230 224/243/224
f  224/243/224 231/250/231 232/251/232
f  232/251/232 225/244/225 224/243/224
f  224/243/224 230/249/230 233/252/233
f  233/252/233 231/250/231 224/243/224
f  220/239/220 219/238/219 234/253/234
f  234/253/234 235/254/235 220/239/220
f  220/239/220 235/254/235 236/255/236
f  236/255/236 217/236/217 220/239/220
f  237/256/237 238/257/238 239/258/239
f  239/258/239 240/259/240 237/256/237
f  241/260/241 237/256/237 240/259/240
f  240/259/240 242/261/242 241/260/241
f  238/257/238 237/256/237 241/260/241
f  241/260/241 243/262/243 238/257/238
f  244/263/244 245/264/245 246/265/246
f  246/265/246 247/266/247 244/263/244
f  245/264/245 248/267/248 249/268/249
f  249/268/249 250/269/250 245/264/245
f  245/264/245 244/263/244 251/270/251
f  251/270/251 248/267/248 245/264/245
f  252/271/252 253/272/253 249/268/249
f  249/268/249 254/273/254 252/271/252
f  255/274/255 256/275/256 253/272/253
f  253/272/253 252/271/252 255/274/255
f  249/268/249 253/272/253 256/275/256
f  256/275/256 250/269/250 249/268/249
f  199/276/199 257/277/257 241/260/241
f  241/260/241 242/261/242 199/276/199
f  199/278/199 258/279/258 259/280/259
f  259/280/259 257/281/257 199/278/199
f  258/279/258 199/278/199 201/282/201
f  201/282/201 260/283/260 258/279/258
f  250/269/250 256/275/256 261/284/261
f  261/284/261 262/285/262 250/269/250
f  256/275/256 255/274/255 263/286/263
f  263/286/263 261/284/261 256/275/256
f  232/251/232 264/287/264 265/288/265
f  265/288/265 225/244/225 232/251/232
f  264/287/264 232/251/232 231/250/231
f  231/250/231 266/289/266 264/287/264
f  245/264/245 250/269/250 262/285/262
f  262/285/262 246/265/246 245/264/245
f  265/288/265 267/290/267 226/245/226
f  226/245/226 225/244/225 265/288/265
f  267/290/267 265/288/265 268/291/268
f  268/291/268 269/292/269 267/290/267
f  265/288/265 270/293/270 271/294/271
f  271/294/271 268/291/268 265/288/265
f  265/288/265 264/287/264 272/295/272
f  272/295/272 270/293/270 265/288/265
f  273/296/273 274/297/274 275/298/275
f  275/298/275 276/299/276 273/296/273
f  274/297/274 273/296/273 277/300/277
f  277/300/277 278/301/278 274/297/274
f  279/302/279 280/303/280 281/304/281
f  281/304/281 282/305/282 279/302/279
f  281/304/281 280/303/280 283/306/283
f  283/306/283 284/307/284 281/304/281
f  280/303/280 279/302/279 285/308/285
f  285/308/285 283/306/283 280/303/280
f  286/309/286 287/310/287 288/311/288
f  288/311/288 289/312/289 286/309/286
f  287/310/287 286/309/286 281/313/281
f  281/313/281 284/314/284 287/310/287
f  281/313/281 286/309/286 289/312/289
f  289/312/289 282/315/282 281/313/281
f  275/298/275 290/316/290 291/317/291
f  291/317/291 292/318/292 275/298/275
f  291/317/291 290/316/290 278/301/278
f  278/301/278 293/319/293 291/317/291
f  278/301/278 290/316/290 275/298/275
f  275/298/275 274/297/274 278/301/278
f  294/320/294 295/321/295 296/322/296
f  296/322/296 297/323/297 294/320/294
f  298/324/298 294/320/294 297/323/297
f  297/323/297 299/325/299 298/324/298
f  295/321/295 294/320/294 298/324/298
f  298/324/298 300/326/300 295/321/295
f  300/326/300 301/327/301 302/328/302
f  302/328/302 295/321/295 300/326/300
f  276/299/276 275/298/275 301/327/301
f  301/327/301 300/326/300 276/299/276
f  302/328/302 301/327/301 275/298/275
f  275/298/275 292/318/292 302/328/302
f  303/329/303 304/330/304 305/331/305
f  305/331/305 306/332/306 303/329/303
f  307/333/307 303/329/303 306/332/306
f  306/332/306 308/334/308 307/333/307
f  304/330/304 303/329/303 307/333/307
f  307/333/307 309/335/309 304/330/304
f  310/336/310 311/337/311 312/338/312
f  312/338/312 313/339/313 310/336/310
f  314/340/314 310/336/310 313/339/313
f  313/339/313 315/341/315 314/340/314
f  311/337/311 310/336/310 314/340/314
f  314/340/314 316/342/316 311/337/311
f  317/343/317 318/344/318 295/321/295
f  295/321/295 302/328/302 317/343/317
f  319/345/319 320/346/320 321/347/321
f  321/347/321 322/348/322 319/345/319
f  323/349/323 324/350/324 325/351/325
f  325/351/325 326/352/326 323/349/323
f  291/317/291 324/350/324 323/349/323
f  323/349/323 292/318/292 291/317/291
f  325/351/325 324/350/324 291/317/291
f  291/317/291 327/353/327 325/351/325
f  328/354/328 307/333/307 308/334/308
f  308/334/308 329/355/329 328/354/328
f  309/335/309 307/333/307 330/356/330
f  330/356/330 331/357/331 309/335/309
f  332/358/332 330/356/330 307/333/307
f  307/333/307 328/354/328 332/358/332
f  331/357/331 330/356/330 333/359/333
f  333/359/333 334/360/334 331/357/331
f  304/330/304 335/361/335 336/362/336
f  336/362/336 305/331/305 304/330/304
f  309/335/309 337/363/337 335/361/335
f  335/361/335 304/330/304 309/335/309
f  336/362/336 335/361/335 337/363/337
f  337/363/337 338/364/338 336/362/336
f  339/365/339 340/366/340 341/367/341
f  341/367/341 342/368/342 339/365/339
f  340/369/340 339/370/339 343/371/343
f  343/371/343 344/372/344 340/369/340
f  339/365/339 342/368/342 345/373/345
f  345/373/345 346/374/346 339/365/339
f  339/375/339 346/376/346 347/377/347
f  347/377/347 348/378/348 339/375/339
f  326/352/326 349/379/349 350/380/350
f  350/380/350 323/349/323 326/352/326
f  349/381/349 326/382/326 325/383/325
f  325/383/325 351/384/351 349/381/349
f  352/385/352 334/360/334 333/359/333
f  333/359/333 353/386/353 352/385/352
f  334/360/334 352/385/352 354/387/354
f  354/387/354 331/357/331 334/360/334
f  350/380/350 355/388/355 356/389/356
f  356/389/356 357/390/357 350/380/350
f  350/380/350 349/379/349 358/391/358
f  358/391/358 355/388/355 350/380/350
f  359/392/359 360/393/360 361/394/361
f  361/394/361 358/395/358 359/392/359
f  362/396/362 360/393/360 359/392/359
f  359/392/359 363/397/363 362/396/362
f  360/393/360 362/396/362 364/398/364
f  364/398/364 361/394/361 360/393/360
f  365/399/365 366/400/366 367/401/367
f  367/401/367 368/402/368 365/399/365
f  366/400/366 365/399/365 369/403/369
f  369/403/369 370/404/370 366/400/366
f  367/405/367 366/406/366 370/407/370
f  370/407/370 371/408/371 367/405/367
f  370/407/370 372/409/372 373/410/373
f  373/410/373 374/411/374 370/407/370
f  370/404/370 369/403/369 375/412/375
f  375/412/375 372/413/372 370/404/370
f  370/407/370 374/411/374 376/414/376
f  376/414/376 371/408/371 370/407/370
f  377/415/377 378/416/378 379/417/379
f  379/417/379 380/418/380 377/415/377
f  378/416/378 377/415/377 381/419/381
f  381/419/381 382/420/382 378/416/378
f  383/421/383 384/422/384 385/423/385
f  385/423/385 386/424/386 383/421/383
f  383/421/383 387/425/387 388/426/388
f  388/426/388 384/422/384 383/421/383
f  383/421/383 389/427/389 19/19/19
f  19/19/19 387/425/387 383/421/383
f  390/428/390 391/429/391 392/430/392
f  392/430/392 393/431/393 390/428/390
f  390/428/390 394/432/394 395/433/395
f  395/433/395 391/429/391 390/428/390
f  394/434/394 390/435/390 396/436/396
f  396/436/396 397/437/397 394/434/394
f  390/435/390 393/438/393 69/77/69
f  69/77/69 73/81/73 390/435/390
f  390/435/390 73/81/73 398/439/398
f  398/439/398 396/436/396 390/435/390
f  399/440/399 400/441/400 401/442/401
f  401/442/401 402/443/402 399/440/399
f  401/442/401 403/444/403 404/445/404
f  404/445/404 402/443/402 401/442/401
f  404/445/404 405/446/405 399/440/399
f  399/440/399 402/443/402 404/445/404
f  406/447/406 407/448/407 408/449/408
f  408/449/408 409/450/409 406/447/406
f  410/451/410 406/447/406 409/450/409
f  409/450/409 411/452/411 410/451/410
f  406/447/406 410/451/410 412/453/412
f  412/453/412 407/448/407 406/447/406
f  413/454/413 414/455/414 415/456/415
f  415/456/415 416/457/416 413/454/413
f  417/458/417 414/455/414 413/454/413
f  413/454/413 418/459/418 417/458/417
f  414/455/414 417/458/417 419/460/419
f  414/455/414 419/460/419 415/456/415
f  372/413/372 420/461/420 421/462/421
f  421/462/421 373/463/373 372/413/372
f  422/464/422 420/461/420 372/413/372
f  372/413/372 375/412/375 422/464/422
f  422/464/422 423/465/423 421/462/421
f  421/462/421 420/461/420 422/464/422
f  424/466/424 425/467/425 426/468/426
f  426/468/426 427/469/427 424/466/424
f  428/470/428 429/471/429 430/472/430
f  430/472/430 431/473/431 428/470/428
f  432/474/432 80/88/80 79/87/79
f  79/87/79 433/475/433 432/474/432
f  434/476/434 432/474/432 433/475/433
f  433/475/433 435/477/435 434/476/434
f  436/478/436 432/474/432 434/476/434
f  434/476/434 437/479/437 436/478/436
f  438/480/438 439/481/439 440/482/440
f  440/482/440 441/483/441 438/480/438
f  438/480/438 441/483/441 429/471/429
f  429/471/429 442/484/442 438/480/438
f  438/480/438 442/484/442 443/485/443
f  443/485/443 439/481/439 438/480/438
f  444/486/444 425/467/425 424/466/424
f  424/466/424 445/487/445 444/486/444
f  446/488/446 445/487/445 447/489/447
f  447/489/447 448/490/448 446/488/446
f  445/487/445 424/466/424 449/491/449
f  449/491/449 447/489/447 445/487/445
f  445/487/445 446/488/446 450/492/450
f  450/492/450 444/486/444 445/487/445
f  451/493/451 450/492/450 446/488/446
f  446/488/446 452/494/452 451/493/451
f  444/486/444 450/492/450 453/495/453
f  453/495/453 454/496/454 444/486/444
f  450/492/450 451/493/451 455/497/455
f  455/497/455 453/495/453 450/492/450
f  456/498/456 455/497/455 451/493/451
f  451/493/451 457/499/457 456/498/456
f  453/495/453 455/497/455 458/500/458
f  458/500/458 459/501/459 453/495/453
f  455/497/455 456/498/456 460/502/460
f  460/502/460 458/500/458 455/497/455
f  461/503/461 460/502/460 456/498/456
f  456/498/456 462/504/462 461/503/461
f  458/500/458 460/502/460 463/505/463
f  463/505/463 464/506/464 458/500/458
f  460/502/460 461/503/461 465/507/465
f  465/507/465 463/505/463 460/502/460
f  466/508/466 465/507/465 461/503/461
f  461/503/461 467/509/467 466/508/466
f  465/507/465 468/510/468 469/511/469
f  469/511/469 463/505/463 465/507/465
f  465/507/465 466/508/466 470/512/470
f  470/512/470 468/510/468 465/507/465
f  471/513/471 470/512/470 466/508/466
f  466/508/466 472/514/472 471/513/471
f  470/512/470 473/515/473 474/516/474
f  474/516/474 468/510/468 470/512/470
f  470/512/470 471/513/471 475/517/475
f  475/517/475 473/515/473 470/512/470
f  473/515/473 475/517/475 476/518/476
f  476/518/476 477/519/477 473/515/473
f  477/519/477 476/518/476 478/520/478
f  478/520/478 479/521/479 477/519/477
f  478/520/478 480/522/480 481/523/481
f  481/523/481 479/521/479 478/520/478
f  480/522/480 418/524/418 413/525/413
f  413/525/413 481/523/481 480/522/480
f  479/521/479 481/523/481 482/526/482
f  482/526/482 483/527/483 479/521/479
f  481/523/481 413/525/413 416/528/416
f  416/528/416 482/526/482 481/523/481
f  483/527/483 482/526/482 484/529/484
f  484/529/484 485/530/485 483/527/483
f  482/526/482 416/528/416 486/531/486
f  486/531/486 484/529/484 482/526/482
f  484/529/484 486/531/486 412/453/412
f  412/453/412 487/532/487 484/529/484
f  486/533/486 488/534/488 407/535/407
f  407/535/407 412/536/412 486/533/486
f  488/534/488 486/533/486 416/457/416
f  416/457/416 415/456/415 488/534/488
f  488/534/488 489/537/489 408/538/408
f  408/538/408 407/535/407 488/534/488
f  489/537/489 488/534/488 415/456/415
f  415/456/415 490/539/490 489/537/489
f  489/537/489 490/539/490 491/540/491
f  491/540/491 492/541/492 489/537/489
f  490/539/490 493/542/493 494/543/494
f  494/543/494 491/540/491 490/539/490
f  490/539/490 415/456/415 419/460/419
f  419/460/419 493/542/493 490/539/490
f  493/542/493 495/544/495 496/545/496
f  496/545/496 494/543/494 493/542/493
f  495/544/495 493/542/493 419/460/419
f  419/460/419 497/546/497 495/544/495
f  497/546/497 419/460/419 417/458/417
f  417/458/417 498/547/498 497/546/497
f  497/546/497 127/138/127 124/135/124
f  124/135/124 495/544/495 497/546/497
f  127/138/127 497/546/497 498/547/498
f  498/547/498 499/548/499 127/138/127
f  499/548/499 500/549/500 128/139/128
f  128/139/128 127/138/127 499/548/499
f  500/549/500 139/150/139 137/148/137
f  137/148/137 128/139/128 500/549/500
f  495/544/495 124/135/124 123/134/123
f  123/134/123 496/545/496 495/544/495
f  494/543/494 496/545/496 501/550/501
f  501/550/501 502/551/502 494/543/494
f  496/545/496 123/134/123 115/127/115
f  115/127/115 501/550/501 496/545/496
f  502/552/502 501/553/501 503/554/503
f  503/554/503 504/555/504 502/552/502
f  501/553/501 115/123/115 116/124/116
f  116/124/116 503/554/503 501/553/501
f  504/555/504 503/554/503 505/556/505
f  505/556/505 506/557/506 504/555/504
f  503/554/503 116/124/116 507/558/507
f  507/558/507 505/556/505 503/554/503
f  505/556/505 507/558/507 508/559/508
f  508/559/508 509/560/509 505/556/505
f  507/558/507 510/561/510 105/113/105
f  105/113/105 508/559/508 507/558/507
f  510/561/510 507/558/507 116/124/116
f  116/124/116 111/119/111 510/561/510
f  510/561/510 511/562/511 106/114/106
f  106/114/106 105/113/105 510/561/510
f  511/562/511 510/561/510 111/119/111
f  111/119/111 114/122/114 511/562/511
f  511/562/511 512/563/512 513/564/513
f  513/564/513 106/114/106 511/562/511
f  512/563/512 511/562/511 114/122/114
f  114/122/114 514/565/514 512/563/512
f  514/565/514 515/566/515 516/567/516
f  516/567/516 512/563/512 514/565/514
f  515/566/515 514/565/514 517/568/517
f  517/568/517 518/569/518 515/566/515
f  514/565/514 114/122/114 113/121/113
f  113/121/113 517/568/517 514/565/514
f  518/570/518 517/571/517 519/572/519
f  519/572/519 520/573/520 518/570/518
f  517/571/517 113/125/113 119/130/119
f  119/130/119 519/572/519 517/571/517
f  520/573/520 519/572/519 521/574/521
f  521/574/521 522/575/522 520/573/520
f  519/572/519 119/130/119 523/576/523
f  523/576/523 521/574/521 519/572/519
f  521/574/521 523/576/523 524/577/524
f  524/577/524 525/578/525 521/574/521
f  523/576/523 526/579/526 527/580/527
f  527/580/527 524/577/524 523/576/523
f  526/579/526 523/576/523 119/130/119
f  119/130/119 122/133/122 526/579/526
f  526/579/526 528/581/528 529/582/529
f  529/582/529 527/580/527 526/579/526
f  528/581/528 526/579/526 122/133/122
f  122/133/122 530/583/530 528/581/528
f  530/583/530 122/133/122 120/131/120
f  120/131/120 126/137/126 530/583/530
f  530/583/530 132/143/132 150/163/150
f  150/163/150 528/581/528 530/583/530
f  132/143/132 530/583/530 126/137/126
f  126/137/126 129/140/129 132/143/132
f  528/581/528 150/163/150 149/162/149
f  149/162/149 529/582/529 528/581/528
f  529/582/529 531/584/531 532/585/532
f  532/585/532 527/580/527 529/582/529
f  529/582/529 149/162/149 533/586/533
f  533/586/533 531/584/531 529/582/529
f  531/584/531 533/586/533 534/587/534
f  534/587/534 535/588/535 531/584/531
f  533/586/533 536/589/536 537/590/537
f  537/590/537 534/587/534 533/586/533
f  533/586/533 149/162/149 148/161/148
f  148/161/148 536/589/536 533/586/533
f  537/591/537 536/592/536 538/593/538
f  538/593/538 539/594/539 537/591/537
f  538/593/538 536/592/536 148/160/148
f  148/160/148 147/159/147 538/593/538
f  539/594/539 538/593/538 540/595/540
f  540/595/540 541/596/541 539/594/539
f  538/593/538 147/159/147 542/597/542
f  542/597/542 540/595/540 538/593/538
f  161/177/161 542/597/542 147/159/147
f  147/159/147 146/158/146 161/177/161
f  542/597/542 196/215/196 190/209/190
f  190/209/190 540/595/540 542/597/542
f  542/597/542 161/177/161 164/180/164
f  164/180/164 196/215/196 542/597/542
f  540/595/540 190/209/190 193/212/193
f  193/212/193 541/596/541 540/595/540
f  534/587/534 228/247/228 227/246/227
f  227/246/227 535/588/535 534/587/534
f  228/247/228 534/587/534 537/590/537
f  537/590/537 229/248/229 228/247/228
f  535/588/535 543/598/543 532/585/532
f  532/585/532 531/584/531 535/588/535
f  543/598/543 535/588/535 227/246/227
f  227/246/227 544/599/544 543/598/543
f  544/599/544 545/600/545 546/601/546
f  546/601/546 543/598/543 544/599/544
f  545/600/545 544/599/544 547/602/547
f  547/602/547 548/603/548 545/600/545
f  544/599/544 227/246/227 223/242/223
f  223/242/223 547/602/547 544/599/544
f  548/603/548 547/602/547 549/604/549
f  549/604/549 173/189/173 548/603/548
f  547/602/547 223/242/223 226/245/226
f  226/245/226 549/604/549 547/602/547
f  173/189/173 549/604/549 550/605/550
f  550/605/550 171/187/171 173/189/173
f  549/604/549 226/245/226 267/290/267
f  267/290/267 550/605/550 549/604/549
f  171/187/171 550/605/550 551/606/551
f  551/606/551 172/188/172 171/187/171
f  550/605/550 267/290/267 269/292/269
f  269/292/269 551/606/551 550/605/550
f  551/606/551 552/607/552 553/608/553
f  553/608/553 172/188/172 551/606/551
f  551/606/551 269/292/269 554/609/554
f  554/609/554 552/607/552 551/606/551
f  555/610/555 554/609/554 269/292/269
f  269/292/269 268/291/268 555/610/555
f  556/611/556 555/610/555 268/291/268
f  268/291/268 271/294/271 556/611/556
f  557/612/557 556/611/556 271/294/271
f  271/294/271 558/613/558 557/612/557
f  557/612/557 558/613/558 559/614/559
f  559/614/559 560/615/560 557/612/557
f  558/613/558 561/616/561 562/617/562
f  562/617/562 559/614/559 558/613/558
f  558/613/558 271/294/271 270/293/270
f  270/293/270 561/616/561 558/613/558
f  562/617/562 561/616/561 563/618/563
f  563/618/563 564/619/564 562/617/562
f  561/616/561 270/293/270 272/295/272
f  272/295/272 563/618/563 561/616/561
f  564/619/564 563/618/563 565/620/565
f  565/620/565 566/621/566 564/619/564
f  563/618/563 272/295/272 567/622/567
f  567/622/567 565/620/565 563/618/563
f  266/289/266 567/622/567 272/295/272
f  272/295/272 264/287/264 266/289/266
f  565/620/565 567/622/567 568/623/568
f  568/623/568 569/624/569 565/620/565
f  567/622/567 266/289/266 570/625/570
f  570/625/570 568/623/568 567/622/567
f  233/252/233 570/625/570 266/289/266
f  266/289/266 231/250/231 233/252/233
f  570/625/570 571/626/571 572/627/572
f  572/627/572 568/623/568 570/625/570
f  571/628/571 570/629/570 233/630/233
f  233/630/233 247/266/247 571/628/571
f  571/626/571 573/631/573 574/632/574
f  574/632/574 572/627/572 571/626/571
f  573/633/573 571/628/571 247/266/247
f  247/266/247 246/265/246 573/633/573
f  573/631/573 575/634/575 576/635/576
f  576/635/576 574/632/574 573/631/573
f  575/636/575 573/633/573 246/265/246
f  246/265/246 262/285/262 575/636/575
f  575/634/575 577/637/577 578/638/578
f  578/638/578 576/635/576 575/634/575
f  577/639/577 575/636/575 262/285/262
f  262/285/262 261/284/261 577/639/577
f  577/637/577 579/640/579 580/641/580
f  580/641/580 578/638/578 577/637/577
f  579/642/579 577/639/577 261/284/261
f  261/284/261 263/286/263 579/642/579
f  580/641/580 579/640/579 581/643/581
f  581/643/581 582/644/582 580/641/580
f  579/642/579 263/286/263 583/645/583
f  583/645/583 581/646/581 579/642/579
f  583/645/583 263/286/263 255/274/255
f  255/274/255 584/647/584 583/645/583
f  581/646/581 583/645/583 243/262/243
f  243/262/243 241/260/241 581/646/581
f  243/262/243 583/645/583 584/647/584
f  584/647/584 585/648/585 243/262/243
f  585/648/585 584/647/584 586/649/586
f  586/649/586 587/650/587 585/648/585
f  585/648/585 588/651/588 238/257/238
f  238/257/238 243/262/243 585/648/585
f  588/651/588 585/648/585 587/650/587
f  587/650/587 589/652/589 588/651/588
f  589/652/589 587/650/587 590/653/590
f  590/653/590 591/654/591 589/652/589
f  588/651/588 589/652/589 592/655/592
f  592/655/592 593/656/593 588/651/588
f  592/655/592 589/652/589 591/654/591
f  591/654/591 594/657/594 592/655/592
f  594/657/594 591/654/591 595/658/595
f  595/658/595 596/659/596 594/657/594
f  592/655/592 594/657/594 597/660/597
f  597/660/597 598/661/598 592/655/592
f  597/660/597 594/657/594 596/659/596
f  596/659/596 599/662/599 597/660/597
f  599/662/599 596/659/596 600/663/600
f  600/663/600 601/664/601 599/662/599
f  599/662/599 602/665/602 603/666/603
f  603/666/603 597/660/597 599/662/599
f  602/665/602 599/662/599 601/664/601
f  601/664/601 604/667/604 602/665/602
f  604/667/604 601/664/601 605/668/605
f  605/668/605 606/669/606 604/667/604
f  604/667/604 607/670/607 608/671/608
f  608/671/608 602/665/602 604/667/604
f  607/670/607 604/667/604 606/669/606
f  606/669/606 609/672/609 607/670/607
f  609/672/609 606/669/606 610/673/610
f  610/673/610 611/674/611 609/672/609
f  609/672/609 612/675/612 613/676/613
f  613/676/613 607/670/607 609/672/609
f  612/675/612 609/672/609 611/674/611
f  611/674/611 614/677/614 612/675/612
f  614/677/614 611/674/611 615/678/615
f  615/678/615 616/679/616 614/677/614
f  614/677/614 617/680/617 618/681/618
f  618/681/618 612/675/612 614/677/614
f  614/677/614 616/679/616 619/682/619
f  619/682/619 617/680/617 614/677/614
f  620/683/620 619/682/619 616/679/616
f  616/679/616 621/684/621 620/683/620
f  617/685/617 619/686/619 622/687/622
f  622/687/622 623/688/623 617/685/617
f  619/686/619 620/689/620 624/690/624
f  624/690/624 622/687/622 619/686/619
f  624/690/624 620/689/620 625/691/625
f  625/691/625 626/692/626 624/690/624
f  622/687/622 624/690/624 178/194/178
f  178/194/178 174/190/174 622/687/622
f  178/194/178 624/690/624 626/692/626
f  626/692/626 627/693/627 178/194/178
f  204/223/204 627/693/627 626/692/626
f  626/692/626 205/224/205 204/223/204
f  627/693/627 628/694/628 179/195/179
f  179/195/179 178/194/178 627/693/627
f  627/693/627 204/223/204 207/226/207
f  207/226/207 628/694/628 627/693/627
f  179/195/179 628/694/628 629/695/629
f  629/695/629 180/196/180 179/195/179
f  628/694/628 207/226/207 210/229/210
f  210/229/210 629/695/629 628/694/628
f  180/206/180 629/696/629 213/232/213
f  213/232/213 188/207/188 180/206/180
f  213/232/213 629/696/629 210/229/210
f  210/229/210 209/228/209 213/232/213
f  625/697/625 630/698/630 631/699/631
f  631/699/631 632/700/632 625/697/625
f  630/698/630 625/697/625 620/683/620
f  620/683/620 621/684/621 630/698/630
f  626/692/626 625/691/625 632/701/632
f  632/701/632 205/224/205 626/692/626
f  630/698/630 633/702/633 634/703/634
f  634/703/634 631/699/631 630/698/630
f  630/698/630 621/684/621 635/704/635
f  635/704/635 633/702/633 630/698/630
f  633/702/633 635/704/635 636/705/636
f  636/705/636 637/706/637 633/702/633
f  635/704/635 615/678/615 638/707/638
f  638/707/638 636/705/636 635/704/635
f  615/678/615 635/704/635 621/684/621
f  621/684/621 616/679/616 615/678/615
f  636/705/636 638/707/638 639/708/639
f  639/708/639 640/709/640 636/705/636
f  638/707/638 610/673/610 641/710/641
f  641/710/641 639/708/639 638/707/638
f  638/707/638 615/678/615 611/674/611
f  611/674/611 610/673/610 638/707/638
f  639/708/639 641/710/641 642/711/642
f  642/711/642 643/712/643 639/708/639
f  641/710/641 605/668/605 644/713/644
f  644/713/644 642/711/642 641/710/641
f  641/710/641 610/673/610 606/669/606
f  606/669/606 605/668/605 641/710/641
f  642/711/642 644/713/644 163/179/163
f  163/179/163 162/178/162 642/711/642
f  644/713/644 600/663/600 645/714/645
f  645/714/645 163/179/163 644/713/644
f  644/713/644 605/668/605 601/664/601
f  601/664/601 600/663/600 644/713/644
f  645/714/645 646/715/646 164/180/164
f  164/180/164 163/179/163 645/714/645
f  646/715/646 645/714/645 595/658/595
f  595/658/595 647/716/647 646/715/646
f  645/714/645 600/663/600 596/659/596
f  596/659/596 595/658/595 645/714/645
f  647/716/647 195/214/195 194/213/194
f  194/213/194 646/715/646 647/716/647
f  647/716/647 590/653/590 648/717/648
f  648/717/648 195/214/195 647/716/647
f  647/716/647 595/658/595 591/654/591
f  591/654/591 590/653/590 647/716/647
f  648/717/648 254/273/254 192/211/192
f  192/211/192 195/214/195 648/717/648
f  254/273/254 648/717/648 586/649/586
f  586/649/586 252/271/252 254/273/254
f  648/717/648 590/653/590 587/650/587
f  587/650/587 586/649/586 648/717/648
f  646/715/646 194/213/194 196/215/196
f  196/215/196 164/180/164 646/715/646
f  643/712/643 642/711/642 162/178/162
f  162/178/162 166/182/166 643/712/643
f  649/718/649 643/712/643 166/182/166
f  166/182/166 650/719/650 649/718/649
f  643/712/643 649/718/649 640/709/640
f  640/709/640 639/708/639 643/712/643
f  651/720/651 650/719/650 652/721/652
f  652/721/652 653/722/653 651/720/651
f  650/719/650 166/182/166 165/181/165
f  165/181/165 652/721/652 650/719/650
f  650/719/650 651/720/651 654/723/654
f  654/723/654 649/718/649 650/719/650
f  655/724/655 654/723/654 651/720/651
f  651/720/651 656/725/656 655/724/655
f  649/718/649 654/723/654 657/726/657
f  657/726/657 640/709/640 649/718/649
f  657/726/657 654/723/654 655/724/655
f  655/724/655 658/727/658 657/726/657
f  659/728/659 658/727/658 655/724/655
f  655/724/655 660/729/660 659/728/659
f  657/726/657 658/727/658 661/730/661
f  661/730/661 637/706/637 657/726/657
f  658/727/658 659/728/659 662/731/662
f  662/731/662 661/730/661 658/727/658
f  663/732/663 662/733/662 659/734/659
f  659/734/659 664/735/664 663/732/663
f  661/730/661 662/731/662 665/736/665
f  665/736/665 634/703/634 661/730/661
f  662/733/662 663/732/663 666/737/666
f  666/737/666 665/738/665 662/733/662
f  234/253/234 666/737/666 663/732/663
f  663/732/663 667/739/667 234/253/234
f  665/738/665 666/737/666 222/241/222
f  222/241/222 668/740/668 665/738/665
f  666/737/666 234/253/234 219/238/219
f  219/238/219 222/241/222 666/737/666
f  668/741/668 631/699/631 634/703/634
f  634/703/634 665/736/665 668/741/668
f  668/741/668 669/742/669 632/700/632
f  632/700/632 631/699/631 668/741/668
f  669/743/669 668/740/668 222/241/222
f  222/241/222 221/240/221 669/743/669
f  669/744/669 202/221/202 205/224/205
f  205/224/205 632/701/632 669/744/669
f  202/221/202 669/744/669 221/745/221
f  221/745/221 208/227/208 202/221/202
f  670/746/670 667/739/667 671/747/671
f  671/747/671 672/748/672 670/746/670
f  667/739/667 663/732/663 664/735/664
f  664/735/664 671/747/671 667/739/667
f  667/739/667 670/746/670 235/254/235
f  235/254/235 234/253/234 667/739/667
f  672/748/672 671/747/671 673/749/673
f  673/749/673 593/656/593 672/748/672
f  671/747/671 664/735/664 674/750/674
f  674/750/674 673/749/673 671/747/671
f  674/750/674 239/258/239 238/257/238
f  238/257/238 673/749/673 674/750/674
f  239/258/239 674/750/674 660/751/660
f  660/751/660 675/752/675 239/258/239
f  660/751/660 674/750/674 664/735/664
f  664/735/664 659/734/659 660/751/660
f  675/752/675 676/753/676 240/259/240
f  240/259/240 239/258/239 675/752/675
f  675/754/675 656/725/656 677/755/677
f  677/755/677 676/756/676 675/754/675
f  656/725/656 675/754/675 660/729/660
f  660/729/660 655/724/655 656/725/656
f  676/756/676 677/755/677 678/757/678
f  678/757/678 679/758/679 676/756/676
f  677/755/677 653/722/653 156/172/156
f  156/172/156 678/757/678 677/755/677
f  653/722/653 677/755/677 656/725/656
f  656/725/656 651/720/651 653/722/653
f  678/757/678 680/759/680 200/760/200
f  200/760/200 679/758/679 678/757/678
f  680/759/680 678/757/678 156/172/156
f  156/172/156 155/171/155 680/759/680
f  680/761/680 159/175/159 197/216/197
f  197/216/197 200/219/200 680/761/680
f  680/761/680 155/170/155 154/169/154
f  154/169/154 159/175/159 680/761/680
f  679/762/679 200/763/200 199/276/199
f  199/276/199 242/261/242 679/762/679
f  676/753/676 679/762/679 242/261/242
f  242/261/242 240/259/240 676/753/676
f  593/656/593 673/749/673 238/257/238
f  238/257/238 588/651/588 593/656/593
f  598/661/598 672/748/672 593/656/593
f  593/656/593 592/655/592 598/661/598
f  672/748/672 598/661/598 681/764/681
f  681/764/681 670/746/670 672/748/672
f  681/764/681 598/661/598 597/660/597
f  597/660/597 603/666/603 681/764/681
f  681/764/681 236/255/236 235/254/235
f  235/254/235 670/746/670 681/764/681
f  681/764/681 603/666/603 682/765/682
f  682/765/682 236/255/236 681/764/681
f  608/671/608 682/765/682 603/666/603
f  603/666/603 602/665/602 608/671/608
f  682/765/682 218/237/218 217/236/217
f  217/236/217 236/255/236 682/765/682
f  218/237/218 682/765/682 608/671/608
f  608/671/608 683/766/683 218/237/218
f  683/766/683 608/671/608 607/670/607
f  607/670/607 613/676/613 683/766/683
f  218/237/218 683/766/683 684/767/684
f  684/767/684 215/234/215 218/237/218
f  683/766/683 613/676/613 685/768/685
f  685/768/685 684/767/684 683/766/683
f  618/681/618 685/768/685 613/676/613
f  613/676/613 612/675/612 618/681/618
f  684/769/684 685/770/685 686/771/686
f  686/771/686 687/772/687 684/769/684
f  685/770/685 618/773/618 688/774/688
f  688/774/688 686/771/686 685/770/685
f  623/775/623 688/774/688 618/773/618
f  618/773/618 617/776/617 623/775/623
f  686/771/686 688/774/688 187/204/187
f  187/204/187 189/208/189 686/771/686
f  688/774/688 623/775/623 177/205/177
f  177/205/177 187/204/187 688/774/688
f  687/772/687 686/771/686 189/208/189
f  189/208/189 214/233/214 687/772/687
f  687/772/687 689/777/689 215/778/215
f  215/778/215 684/769/684 687/772/687
f  689/777/689 687/772/687 214/233/214
f  214/233/214 212/231/212 689/777/689
f  689/777/689 690/779/690 216/780/216
f  216/780/216 215/778/215 689/777/689
f  689/777/689 212/231/212 211/230/211
f  211/230/211 690/779/690 689/777/689
f  216/780/216 690/779/690 208/227/208
f  208/227/208 221/745/221 216/780/216
f  690/779/690 211/230/211 206/225/206
f  206/225/206 208/227/208 690/779/690
f  637/706/637 661/730/661 634/703/634
f  634/703/634 633/702/633 637/706/637
f  640/709/640 657/726/657 637/706/637
f  637/706/637 636/705/636 640/709/640
f  653/722/653 652/721/652 153/167/153
f  153/167/153 156/172/156 653/722/653
f  153/167/153 652/721/652 165/181/165
f  165/181/165 151/165/151 153/167/153
f  622/687/622 174/190/174 177/193/177
f  177/193/177 623/688/623 622/687/622
f  252/271/252 586/649/586 584/647/584
f  584/647/584 255/274/255 252/271/252
f  582/781/582 581/646/581 241/260/241
f  241/260/241 257/277/257 582/781/582
f  582/644/582 691/782/691 692/783/692
f  692/783/692 580/641/580 582/644/582
f  691/782/691 582/644/582 257/281/257
f  257/281/257 259/280/259 691/782/691
f  691/782/691 693/784/693 694/785/694
f  694/785/694 692/783/692 691/782/691
f  693/784/693 691/782/691 259/280/259
f  259/280/259 695/786/695 693/784/693
f  695/786/695 696/787/696 697/788/697
f  697/788/697 693/784/693 695/786/695
f  695/786/695 698/789/698 699/790/699
f  699/790/699 696/787/696 695/786/695
f  698/789/698 695/786/695 259/280/259
f  259/280/259 258/279/258 698/789/698
f  698/789/698 700/791/700 701/792/701
f  701/792/701 699/790/699 698/789/698
f  700/791/700 698/789/698 258/279/258
f  258/279/258 260/283/260 700/791/700
f  700/791/700 702/793/702 703/794/703
f  703/794/703 701/792/701 700/791/700
f  702/793/702 700/791/700 260/283/260
f  260/283/260 704/795/704 702/793/702
f  260/283/260 201/282/201 705/796/705
f  705/796/705 704/795/704 260/283/260
f  706/797/706 705/798/705 201/220/201
f  201/220/201 183/199/183 706/797/706
f  182/198/182 707/799/707 706/797/706
f  706/797/706 183/199/183 182/198/182
f  707/799/707 182/198/182 185/201/185
f  185/201/185 708/800/708 707/799/707
f  141/152/141 708/800/708 185/201/185
f  185/201/185 142/153/142 141/152/141
f  703/794/703 709/801/709 710/802/710
f  710/802/710 701/792/701 703/794/703
f  709/801/709 711/803/711 712/804/712
f  712/804/712 710/802/710 709/801/709
f  711/803/711 713/805/713 714/806/714
f  714/806/714 712/804/712 711/803/711
f  713/805/713 345/373/345 342/368/342
f  342/368/342 714/806/714 713/805/713
f  712/804/712 714/806/714 715/807/715
f  715/807/715 716/808/716 712/804/712
f  715/807/715 714/806/714 342/368/342
f  342/368/342 341/367/341 715/807/715
f  716/808/716 715/807/715 717/809/717
f  717/809/717 718/810/718 716/808/716
f  717/809/717 715/807/715 341/367/341
f  341/367/341 329/811/329 717/809/717
f  718/810/718 717/809/717 719/812/719
f  719/812/719 720/813/720 718/810/718
f  719/812/719 717/809/717 329/811/329
f  329/811/329 308/814/308 719/812/719
f  720/813/720 719/812/719 721/815/721
f  721/815/721 722/816/722 720/813/720
f  721/815/721 719/812/719 308/814/308
f  308/814/308 306/817/306 721/815/721
f  722/816/722 721/815/721 723/818/723
f  723/818/723 724/819/724 722/816/722
f  721/815/721 306/817/306 305/820/305
f  305/820/305 723/818/723 721/815/721
f  724/819/724 723/818/723 725/821/725
f  725/821/725 726/822/726 724/819/724
f  723/818/723 305/820/305 336/823/336
f  336/823/336 725/821/725 723/818/723
f  726/822/726 725/821/725 727/824/727
f  727/824/727 728/825/728 726/822/726
f  727/824/727 725/821/725 336/823/336
f  336/823/336 729/826/729 727/824/727
f  727/824/727 729/826/729 327/353/327
f  327/353/327 730/827/730 727/824/727
f  327/828/327 729/829/729 731/830/731
f  731/830/731 325/383/325 327/828/327
f  729/829/729 336/362/336 338/364/338
f  338/364/338 731/830/731 729/829/729
f  325/383/325 731/830/731 732/831/732
f  732/831/732 351/384/351 325/383/325
f  731/830/731 338/364/338 733/832/733
f  733/832/733 732/831/732 731/830/731
f  732/831/732 733/832/733 734/833/734
f  734/833/734 363/397/363 732/831/732
f  733/832/733 735/834/735 736/835/736
f  736/835/736 734/833/734 733/832/733
f  735/834/735 733/832/733 338/364/338
f  338/364/338 337/363/337 735/834/735
f  736/835/736 735/834/735 737/836/737
f  737/836/737 738/837/738 736/835/736
f  737/836/737 735/834/735 337/363/337
f  337/363/337 354/387/354 737/836/737
f  738/837/738 737/836/737 739/838/739
f  739/838/739 740/839/740 738/837/738
f  737/836/737 354/387/354 352/385/352
f  352/385/352 739/838/739 737/836/737
f  739/838/739 741/840/741 742/841/742
f  742/841/742 740/839/740 739/838/739
f  741/840/741 739/838/739 352/385/352
f  352/385/352 353/386/353 741/840/741
f  741/840/741 743/842/743 744/843/744
f  744/843/744 742/841/742 741/840/741
f  743/842/743 741/840/741 353/386/353
f  353/386/353 745/844/745 743/842/743
f  745/844/745 353/386/353 333/359/333
f  333/359/333 746/845/746 745/844/745
f  745/844/745 747/846/747 748/847/748
f  748/847/748 743/842/743 745/844/745
f  747/846/747 745/844/745 746/845/746
f  746/845/746 749/848/749 747/846/747
f  749/848/749 746/845/746 750/849/750
f  750/849/750 751/850/751 749/848/749
f  749/848/749 752/851/752 753/852/753
f  753/852/753 747/846/747 749/848/749
f  749/848/749 751/850/751 754/853/754
f  754/853/754 752/851/752 749/848/749
f  755/854/755 754/853/754 751/850/751
f  751/850/751 756/855/756 755/854/755
f  752/851/752 754/853/754 757/856/757
f  757/856/757 758/857/758 752/851/752
f  754/853/754 755/854/755 759/858/759
f  759/858/759 757/856/757 754/853/754
f  760/859/760 759/858/759 755/854/755
f  755/854/755 761/860/761 760/859/760
f  757/856/757 759/858/759 762/861/762
f  762/861/762 763/862/763 757/856/757
f  759/858/759 760/859/760 315/863/315
f  315/863/315 762/861/762 759/858/759
f  763/864/763 762/865/762 764/866/764
f  764/866/764 765/867/765 763/864/763
f  762/865/762 315/341/315 313/339/313
f  313/339/313 764/866/764 762/865/762
f  765/867/765 764/866/764 285/308/285
f  285/308/285 279/302/279 765/867/765
f  285/308/285 764/866/764 313/339/313
f  313/339/313 312/338/312 285/308/285
f  765/867/765 766/868/766 767/869/767
f  767/869/767 763/864/763 765/867/765
f  765/867/765 279/302/279 282/305/282
f  282/305/282 766/868/766 765/867/765
f  766/870/766 768/871/768 769/872/769
f  769/872/769 767/873/767 766/870/766
f  768/871/768 766/870/766 282/315/282
f  282/315/282 289/312/289 768/871/768
f  768/871/768 770/874/770 771/875/771
f  771/875/771 769/872/769 768/871/768
f  770/874/770 768/871/768 289/312/289
f  289/312/289 288/311/288 770/874/770
f  770/874/770 320/346/320 772/876/772
f  772/876/772 771/875/771 770/874/770
f  320/346/320 770/874/770 288/311/288
f  288/311/288 321/347/321 320/346/320
f  772/877/772 773/878/773 774/879/774
f  774/879/774 771/880/771 772/877/772
f  772/877/772 775/881/775 776/882/776
f  776/882/776 773/878/773 772/877/772
f  775/883/775 772/876/772 320/346/320
f  320/346/320 319/345/319 775/883/775
f  776/882/776 775/881/775 777/884/777
f  777/884/777 778/885/778 776/882/776
f  775/883/775 319/345/319 322/348/322
f  322/348/322 777/886/777 775/883/775
f  778/885/778 777/884/777 779/887/779
f  779/887/779 780/888/780 778/885/778
f  779/889/779 777/886/777 322/348/322
f  322/348/322 781/890/781 779/889/779
f  781/890/781 782/891/782 783/892/783
f  783/892/783 779/889/779 781/890/781
f  781/890/781 784/893/784 785/894/785
f  785/894/785 782/891/782 781/890/781
f  781/890/781 322/348/322 321/347/321
f  321/347/321 784/893/784 781/890/781
f  784/893/784 287/310/287 284/314/284
f  284/314/284 785/894/785 784/893/784
f  784/893/784 321/347/321 288/311/288
f  288/311/288 287/310/287 784/893/784
f  782/891/782 785/895/785 786/896/786
f  786/896/786 787/897/787 782/891/782
f  785/895/785 284/307/284 283/306/283
f  283/306/283 786/896/786 785/895/785
f  787/897/787 786/896/786 312/338/312
f  312/338/312 311/337/311 787/897/787
f  786/896/786 283/306/283 285/308/285
f  285/308/285 312/338/312 786/896/786
f  787/897/787 788/898/788 783/892/783
f  783/892/783 782/891/782 787/897/787
f  788/898/788 787/897/787 311/337/311
f  311/337/311 316/342/316 788/898/788
f  783/899/783 788/900/788 789/901/789
f  789/901/789 790/902/790 783/899/783
f  788/900/788 316/903/316 791/904/791
f  791/904/791 789/901/789 788/900/788
f  789/901/789 791/904/791 792/905/792
f  792/905/792 793/906/793 789/901/789
f  791/904/791 794/907/794 795/908/795
f  795/908/795 792/905/792 791/904/791
f  794/907/794 791/904/791 316/903/316
f  316/903/316 314/909/314 794/907/794
f  794/910/794 760/859/760 761/860/761
f  761/860/761 795/911/795 794/910/794
f  760/859/760 794/910/794 314/912/314
f  314/912/314 315/863/315 760/859/760
f  792/905/792 795/908/795 796/913/796
f  796/913/796 797/914/797 792/905/792
f  795/911/795 761/860/761 798/915/798
f  798/915/798 796/916/796 795/911/795
f  796/916/796 798/915/798 799/917/799
f  799/917/799 800/918/800 796/916/796
f  798/915/798 756/855/756 801/919/801
f  801/919/801 799/917/799 798/915/798
f  756/855/756 798/915/798 761/860/761
f  761/860/761 755/854/755 756/855/756
f  799/917/799 801/919/801 332/358/332
f  332/358/332 344/372/344 799/917/799
f  801/919/801 750/849/750 330/356/330
f  330/356/330 332/358/332 801/919/801
f  750/849/750 801/919/801 756/855/756
f  756/855/756 751/850/751 750/849/750
f  800/918/800 799/917/799 344/372/344
f  344/372/344 343/371/343 800/918/800
f  802/920/802 800/921/800 343/922/343
f  343/922/343 803/923/803 802/920/802
f  800/921/800 802/920/802 797/914/797
f  797/914/797 796/913/796 800/921/800
f  804/924/804 802/920/802 803/923/803
f  803/923/803 805/925/805 804/924/804
f  802/920/802 804/924/804 806/926/806
f  806/926/806 797/914/797 802/920/802
f  807/927/807 806/926/806 804/924/804
f  804/924/804 808/928/808 807/927/807
f  797/914/797 806/926/806 793/906/793
f  793/906/793 792/905/792 797/914/797
f  793/906/793 806/926/806 807/927/807
f  807/927/807 809/929/809 793/906/793
f  809/929/809 807/927/807 810/930/810
f  810/930/810 811/931/811 809/929/809
f  793/906/793 809/929/809 790/902/790
f  790/902/790 789/901/789 793/906/793
f  809/929/809 811/931/811 780/888/780
f  780/888/780 790/902/790 809/929/809
f  810/930/810 812/932/812 813/933/813
f  813/933/813 814/934/814 810/930/810
f  810/930/810 807/927/807 808/928/808
f  808/928/808 812/932/812 810/930/810
f  810/930/810 814/934/814 815/935/815
f  815/935/815 811/931/811 810/930/810
f  816/936/816 815/935/815 814/934/814
f  814/934/814 817/937/817 816/936/816
f  811/931/811 815/935/815 778/885/778
f  778/885/778 780/888/780 811/931/811
f  815/935/815 816/936/816 776/882/776
f  776/882/776 778/885/778 815/935/815
f  817/937/817 818/938/818 744/843/744
f  744/843/744 819/939/819 817/937/817
f  818/938/818 817/937/817 814/934/814
f  814/934/814 813/933/813 818/938/818
f  817/937/817 819/939/819 820/940/820
f  820/940/820 816/936/816 817/937/817
f  820/940/820 819/939/819 748/847/748
f  748/847/748 821/941/821 820/940/820
f  820/940/820 773/878/773 776/882/776
f  776/882/776 816/936/816 820/940/820
f  820/940/820 821/941/821 774/879/774
f  774/879/774 773/878/773 820/940/820
f  821/941/821 748/847/748 747/846/747
f  747/846/747 753/852/753 821/941/821
f  821/941/821 753/852/753 822/942/822
f  822/942/822 774/879/774 821/941/821
f  758/857/758 822/942/822 753/852/753
f  753/852/753 752/851/752 758/857/758
f  822/942/822 769/943/769 771/880/771
f  771/880/771 774/879/774 822/942/822
f  822/942/822 758/857/758 767/944/767
f  767/944/767 769/943/769 822/942/822
f  818/938/818 823/945/823 742/841/742
f  742/841/742 744/843/744 818/938/818
f  823/945/823 818/938/818 813/933/813
f  813/933/813 824/946/824 823/945/823
f  824/946/824 825/947/825 826/948/826
f  826/948/826 823/945/823 824/946/824
f  825/947/825 824/946/824 827/949/827
f  827/949/827 828/950/828 825/947/825
f  824/946/824 813/933/813 812/932/812
f  812/932/812 827/949/827 824/946/824
f  828/950/828 827/949/827 829/951/829
f  829/951/829 830/952/830 828/950/828
f  827/949/827 812/932/812 808/928/808
f  808/928/808 829/951/829 827/949/827
f  830/952/830 829/951/829 805/925/805
f  805/925/805 831/953/831 830/952/830
f  805/925/805 829/951/829 808/928/808
f  808/928/808 804/924/804 805/925/805
f  830/952/830 371/408/371 376/414/376
f  376/414/376 828/950/828 830/952/830
f  371/408/371 830/952/830 831/953/831
f  831/953/831 367/405/367 371/408/371
f  825/947/825 828/950/828 376/414/376
f  376/414/376 832/954/832 825/947/825
f  833/955/833 832/954/832 834/956/834
f  834/956/834 835/957/835 833/955/833
f  832/954/832 376/414/376 374/411/374
f  374/411/374 834/956/834 832/954/832
f  832/954/832 833/955/833 826/948/826
f  826/948/826 825/947/825 832/954/832
f  834/956/834 836/958/836 837/959/837
f  837/959/837 835/957/835 834/956/834
f  834/956/834 374/411/374 373/410/373
f  373/410/373 836/958/836 834/956/834
f  836/958/836 364/398/364 362/396/362
f  362/396/362 837/959/837 836/958/836
f  364/398/364 836/958/836 373/410/373
f  373/410/373 421/960/421 364/398/364
f  837/959/837 362/396/362 363/397/363
f  363/397/363 734/833/734 837/959/837
f  835/957/835 837/959/837 734/833/734
f  734/833/734 736/835/736 835/957/835
f  835/957/835 736/835/736 738/837/738
f  738/837/738 833/955/833 835/957/835
f  833/955/833 738/837/738 740/839/740
f  740/839/740 826/948/826 833/955/833
f  823/945/823 826/948/826 740/839/740
f  740/839/740 742/841/742 823/945/823
f  819/939/819 744/843/744 743/842/743
f  743/842/743 748/847/748 819/939/819
f  790/902/790 780/888/780 779/887/779
f  779/887/779 783/899/783 790/902/790
f  763/862/763 767/944/767 758/857/758
f  758/857/758 757/856/757 763/862/763
f  330/356/330 750/849/750 746/845/746
f  746/845/746 333/359/333 330/356/330
f  351/384/351 732/831/732 363/397/363
f  363/397/363 359/392/359 351/384/351
f  838/961/838 730/827/730 293/319/293
f  293/319/293 839/962/839 838/961/838
f  730/827/730 327/353/327 291/317/291
f  291/317/291 293/319/293 730/827/730
f  730/827/730 838/961/838 728/825/728
f  728/825/728 727/824/727 730/827/730
f  840/963/840 839/962/839 277/300/277
f  277/300/277 841/964/841 840/963/840
f  839/962/839 293/319/293 278/301/278
f  278/301/278 277/300/277 839/962/839
f  839/962/839 840/963/840 842/965/842
f  842/965/842 838/961/838 839/962/839
f  843/966/843 842/965/842 840/963/840
f  840/963/840 844/967/844 843/966/843
f  838/961/838 842/965/842 845/968/845
f  845/968/845 728/825/728 838/961/838
f  842/965/842 843/966/843 846/969/846
f  846/969/846 845/968/845 842/965/842
f  846/969/846 843/966/843 847/970/847
f  847/970/847 848/971/848 846/969/846
f  845/968/845 846/969/846 849/972/849
f  849/972/849 850/973/850 845/968/845
f  849/972/849 846/969/846 848/971/848
f  848/971/848 851/974/851 849/972/849
f  851/974/851 848/971/848 852/975/852
f  852/975/852 853/976/853 851/974/851
f  851/974/851 854/977/854 855/978/855
f  855/978/855 849/972/849 851/974/851
f  851/974/851 853/976/853 856/979/856
f  856/979/856 854/977/854 851/974/851
f  578/638/578 856/979/856 853/976/853
f  853/976/853 576/635/576 578/638/578
f  854/977/854 856/979/856 692/783/692
f  692/783/692 694/785/694 854/977/854
f  856/979/856 578/638/578 580/641/580
f  580/641/580 692/783/692 856/979/856
f  855/978/855 854/977/854 694/785/694
f  694/785/694 857/980/857 855/978/855
f  857/980/857 858/981/858 859/982/859
f  859/982/859 855/978/855 857/980/857
f  858/981/858 857/980/857 697/788/697
f  697/788/697 860/983/860 858/981/858
f  857/980/857 694/785/694 693/784/693
f  693/784/693 697/788/697 857/980/857
f  860/983/860 720/813/720 722/816/722
f  722/816/722 858/981/858 860/983/860
f  720/813/720 860/983/860 861/984/861
f  861/984/861 718/810/718 720/813/720
f  860/983/860 697/788/697 696/787/696
f  696/787/696 861/984/861 860/983/860
f  718/810/718 861/984/861 862/985/862
f  862/985/862 716/808/716 718/810/718
f  861/984/861 696/787/696 699/790/699
f  699/790/699 862/985/862 861/984/861
f  716/808/716 862/985/862 710/802/710
f  710/802/710 712/804/712 716/808/716
f  862/985/862 699/790/699 701/792/701
f  701/792/701 710/802/710 862/985/862
f  858/981/858 722/816/722 724/819/724
f  724/819/724 859/982/859 858/981/858
f  855/978/855 859/982/859 850/973/850
f  850/973/850 849/972/849 855/978/855
f  859/982/859 724/819/724 726/822/726
f  726/822/726 850/973/850 859/982/859
f  852/975/852 863/986/863 572/627/572
f  572/627/572 574/632/574 852/975/852
f  863/986/863 852/975/852 848/971/848
f  848/971/848 847/970/847 863/986/863
f  853/976/853 852/975/852 574/632/574
f  574/632/574 576/635/576 853/976/853
f  863/986/863 569/624/569 568/623/568
f  568/623/568 572/627/572 863/986/863
f  863/986/863 847/970/847 864/987/864
f  864/987/864 569/624/569 863/986/863
f  569/624/569 864/987/864 566/621/566
f  566/621/566 565/620/565 569/624/569
f  864/987/864 844/967/844 865/988/865
f  865/988/865 566/621/566 864/987/864
f  844/967/844 864/987/864 847/970/847
f  847/970/847 843/966/843 844/967/844
f  566/621/566 865/988/865 866/989/866
f  866/989/866 564/619/564 566/621/566
f  865/988/865 841/964/841 867/990/867
f  867/990/867 866/989/866 865/988/865
f  841/964/841 865/988/865 844/967/844
f  844/967/844 840/963/840 841/964/841
f  866/989/866 867/990/867 868/991/868
f  868/991/868 869/992/869 866/989/866
f  867/990/867 273/296/273 276/299/276
f  276/299/276 868/991/868 867/990/867
f  273/296/273 867/990/867 841/964/841
f  841/964/841 277/300/277 273/296/273
f  869/992/869 868/991/868 298/324/298
f  298/324/298 870/993/870 869/992/869
f  868/991/868 276/299/276 300/326/300
f  300/326/300 298/324/298 868/991/868
f  870/993/870 871/994/871 560/615/560
f  560/615/560 559/614/559 870/993/870
f  870/993/870 298/324/298 299/325/299
f  299/325/299 871/994/871 870/993/870
f  870/993/870 559/614/559 562/617/562
f  562/617/562 869/992/869 870/993/870
f  869/992/869 562/617/562 564/619/564
f  564/619/564 866/989/866 869/992/869
f  850/973/850 726/822/726 728/825/728
f  728/825/728 845/968/845 850/973/850
f  553/608/553 872/995/872 169/185/169
f  169/185/169 172/188/172 553/608/553
f  872/995/872 873/996/873 170/186/170
f  170/186/170 169/185/169 872/995/872
f  873/996/873 874/997/874 875/998/875
f  875/998/875 170/186/170 873/996/873
f  874/997/874 876/999/876 877/1000/877
f  877/1000/877 875/998/875 874/997/874
f  876/999/876 878/1001/878 879/1002/879
f  879/1002/879 877/1000/877 876/999/876
f  878/1001/878 880/1003/880 881/1004/881
f  881/1004/881 879/1002/879 878/1001/878
f  880/1003/880 882/1005/882 883/1006/883
f  883/1006/883 881/1004/881 880/1003/880
f  882/1005/882 884/1007/884 522/575/522
f  522/575/522 883/1006/883 882/1005/882
f  522/575/522 884/1007/884 885/1008/885
f  885/1008/885 520/573/520 522/575/522
f  520/573/520 885/1008/885 886/1009/886
f  886/1009/886 518/570/518 520/573/520
f  518/569/518 886/1010/886 887/1011/887
f  887/1011/887 515/566/515 518/569/518
f  515/566/515 887/1011/887 888/1012/888
f  888/1012/888 516/567/516 515/566/515
f  516/567/516 888/1012/888 889/1013/889
f  889/1013/889 890/1014/890 516/567/516
f  890/1014/890 889/1013/889 891/1015/891
f  891/1015/891 892/1016/892 890/1014/890
f  892/1016/892 891/1015/891 893/1017/893
f  893/1017/893 894/1018/894 892/1016/892
f  894/1018/894 893/1017/893 895/1019/895
f  895/1019/895 896/1020/896 894/1018/894
f  896/1020/896 895/1019/895 897/1021/897
f  897/1021/897 898/1022/898 896/1020/896
f  898/1022/898 897/1021/897 899/1023/899
f  899/1023/899 900/1024/900 898/1022/898
f  900/1024/900 899/1023/899 901/1025/901
f  901/1025/901 902/1026/902 900/1024/900
f  902/1026/902 901/1025/901 903/1027/903
f  903/1027/903 904/1028/904 902/1026/902
f  902/1026/902 905/1029/905 906/1030/906
f  906/1030/906 900/1024/900 902/1026/902
f  905/1029/905 902/1026/902 904/1028/904
f  904/1028/904 907/1031/907 905/1029/905
f  907/1031/907 904/1028/904 908/1032/908
f  908/1032/908 909/1033/909 907/1031/907
f  907/1031/907 910/1034/910 911/1035/911
f  911/1035/911 905/1029/905 907/1031/907
f  910/1034/910 907/1031/907 909/1033/909
f  909/1033/909 912/1036/912 910/1034/910
f  912/1036/912 909/1033/909 913/1037/913
f  913/1037/913 914/1038/914 912/1036/912
f  912/1036/912 91/99/91 94/102/94
f  94/102/94 910/1034/910 912/1036/912
f  91/99/91 912/1036/912 914/1038/914
f  914/1038/914 96/104/96 91/99/91
f  913/1037/913 915/1039/915 916/1040/916
f  916/1040/916 917/1041/917 913/1037/913
f  915/1039/915 913/1037/913 909/1033/909
f  909/1033/909 908/1032/908 915/1039/915
f  914/1038/914 913/1037/913 917/1041/917
f  917/1041/917 918/1042/918 914/1038/914
f  918/1042/918 917/1041/917 919/1043/919
f  919/1043/919 920/1044/920 918/1042/918
f  918/1042/918 921/1045/921 96/104/96
f  96/104/96 914/1038/914 918/1042/918
f  921/1045/921 918/1042/918 920/1044/920
f  920/1044/920 922/1046/922 921/1045/921
f  922/1046/922 923/1047/923 924/1048/924
f  924/1048/924 921/1045/921 922/1046/922
f  923/1047/923 922/1046/922 925/1049/925
f  925/1049/925 926/1050/926 923/1047/923
f  922/1046/922 920/1044/920 927/1051/927
f  927/1051/927 925/1049/925 922/1046/922
f  927/1051/927 928/1052/928 929/1053/929
f  929/1053/929 930/1054/930 927/1051/927
f  928/1052/928 927/1051/927 920/1044/920
f  920/1044/920 919/1043/919 928/1052/928
f  925/1049/925 927/1051/927 930/1054/930
f  930/1054/930 931/1055/931 925/1049/925
f  931/1055/931 932/1056/932 926/1050/926
f  926/1050/926 925/1049/925 931/1055/931
f  932/1056/932 931/1055/931 933/1057/933
f  933/1057/933 934/1058/934 932/1056/932
f  931/1055/931 930/1054/930 935/1059/935
f  935/1059/935 933/1057/933 931/1055/931
f  936/1060/936 935/1059/935 937/1061/937
f  937/1061/937 938/1062/938 936/1060/936
f  937/1061/937 935/1059/935 930/1054/930
f  930/1054/930 929/1053/929 937/1061/937
f  936/1060/936 939/1063/939 933/1057/933
f  933/1057/933 935/1059/935 936/1060/936
f  939/1063/939 940/1064/940 934/1058/934
f  934/1058/934 933/1057/933 939/1063/939
f  940/1064/940 939/1063/939 86/94/86
f  86/94/86 90/98/90 940/1064/940
f  87/95/87 86/94/86 939/1063/939
f  939/1063/939 936/1060/936 87/95/87
f  940/1064/940 941/1065/941 942/1066/942
f  942/1066/942 934/1058/934 940/1064/940
f  941/1065/941 940/1064/940 90/98/90
f  90/98/90 943/1067/943 941/1065/941
f  943/1067/943 944/1068/944 945/1069/945
f  945/1069/945 941/1065/941 943/1067/943
f  944/1068/944 943/1067/943 946/1070/946
f  946/1070/946 947/1071/947 944/1068/944
f  943/1067/943 90/98/90 89/97/89
f  89/97/89 946/1070/946 943/1067/943
f  947/1071/947 946/1070/946 948/1072/948
f  948/1072/948 949/1073/949 947/1071/947
f  948/1072/948 946/1070/946 89/97/89
f  89/97/89 950/1074/950 948/1072/948
f  950/1074/950 951/1075/951 952/1076/952
f  952/1076/952 948/1072/948 950/1074/950
f  951/1075/951 950/1074/950 88/96/88
f  88/96/88 953/1077/953 951/1075/951
f  89/97/89 85/93/85 88/96/88
f  88/96/88 950/1074/950 89/97/89
f  953/1077/953 954/1078/954 955/1079/955
f  955/1079/955 951/1075/951 953/1077/953
f  954/1078/954 953/1077/953 956/1080/956
f  956/1080/956 957/1081/957 954/1078/954
f  953/1077/953 88/96/88 87/95/87
f  87/95/87 956/1080/956 953/1077/953
f  957/1081/957 956/1080/956 938/1062/938
f  938/1062/938 958/1082/958 957/1081/957
f  956/1080/956 87/95/87 936/1060/936
f  936/1060/936 938/1062/938 956/1080/956
f  958/1082/958 959/1083/959 960/1084/960
f  960/1084/960 957/1081/957 958/1082/958
f  959/1083/959 958/1082/958 961/1085/961
f  961/1085/961 962/1086/962 959/1083/959
f  958/1082/958 938/1062/938 937/1061/937
f  937/1061/937 961/1085/961 958/1082/958
f  962/1086/962 961/1085/961 963/1087/963
f  963/1087/963 964/1088/964 962/1086/962
f  961/1085/961 937/1061/937 929/1053/929
f  929/1053/929 963/1087/963 961/1085/961
f  964/1088/964 963/1087/963 965/1089/965
f  965/1089/965 966/1090/966 964/1088/964
f  963/1087/963 929/1053/929 928/1052/928
f  928/1052/928 965/1089/965 963/1087/963
f  966/1090/966 965/1089/965 967/1091/967
f  967/1091/967 968/1092/968 966/1090/966
f  965/1089/965 928/1052/928 919/1043/919
f  919/1043/919 967/1091/967 965/1089/965
f  968/1092/968 967/1091/967 916/1040/916
f  916/1040/916 969/1093/969 968/1092/968
f  967/1091/967 919/1043/919 917/1041/917
f  917/1041/917 916/1040/916 967/1091/967
f  969/1093/969 916/1040/916 915/1039/915
f  915/1039/915 970/1094/970 969/1093/969
f  970/1094/970 915/1039/915 908/1032/908
f  908/1032/908 971/1095/971 970/1094/970
f  971/1095/971 908/1032/908 904/1028/904
f  904/1028/904 903/1027/903 971/1095/971
f  957/1081/957 960/1084/960 972/1096/972
f  972/1096/972 954/1078/954 957/1081/957
f  954/1078/954 972/1096/972 973/1097/973
f  973/1097/973 955/1079/955 954/1078/954
f  955/1079/955 973/1097/973 974/1098/974
f  974/1098/974 975/1099/975 955/1079/955
f  974/1098/974 976/1100/976 977/1101/977
f  977/1101/977 975/1099/975 974/1098/974
f  976/1100/976 978/1102/978 979/1103/979
f  979/1103/979 977/1101/977 976/1100/976
f  978/1102/978 980/1104/980 981/1105/981
f  981/1105/981 979/1103/979 978/1102/978
f  980/1104/980 982/1106/982 983/1107/983
f  983/1107/983 981/1105/981 980/1104/980
f  982/1106/982 984/1108/984 985/1109/985
f  985/1109/985 983/1107/983 982/1106/982
f  984/1108/984 986/1110/986 987/1111/987
f  987/1111/987 985/1109/985 984/1108/984
f  986/1110/986 988/1112/988 989/1113/989
f  989/1113/989 987/1111/987 986/1110/986
f  988/1112/988 990/1114/990 991/1115/991
f  991/1115/991 989/1113/989 988/1112/988
f  990/1114/990 992/1116/992 993/1117/993
f  993/1117/993 991/1115/991 990/1114/990
f  992/1116/992 994/1118/994 995/1119/995
f  995/1119/995 993/1117/993 992/1116/992
f  994/1118/994 996/1120/996 997/1121/997
f  997/1121/997 995/1119/995 994/1118/994
f  996/1120/996 998/1122/998 999/1123/999
f  999/1123/999 997/1121/997 996/1120/996
f  998/1122/998 1000/1124/1000 1001/1125/1001
f  1001/1125/1001 999/1123/999 998/1122/998
f  1000/1124/1000 1002/1126/1002 1003/1127/1003
f  1003/1127/1003 1001/1125/1001 1000/1124/1000
f  1002/1126/1002 1004/1128/1004 1005/1129/1005
f  1005/1129/1005 1003/1127/1003 1002/1126/1002
f  1004/1128/1004 1006/1130/1006 1007/1131/1007
f  1007/1131/1007 1005/1129/1005 1004/1128/1004
f  1006/1130/1006 388/426/388 387/425/387
f  387/425/387 1007/1131/1007 1006/1130/1006
f  1007/1131/1007 387/425/387 19/19/19
f  19/19/19 18/18/18 1007/1131/1007
f  1005/1129/1005 1007/1131/1007 18/18/18
f  18/18/18 1008/1132/1008 1005/1129/1005
f  16/16/16 1008/1132/1008 18/18/18
f  18/18/18 17/17/17 16/16/16
f  1008/1132/1008 1009/1133/1009 1003/1127/1003
f  1003/1127/1003 1005/1129/1005 1008/1132/1008
f  1009/1133/1009 1008/1132/1008 16/16/16
f  16/16/16 1010/1134/1010 1009/1133/1009
f  1010/1134/1010 16/16/16 15/15/15
f  15/15/15 1011/1135/1011 1010/1134/1010
f  1010/1134/1010 1012/1136/1012 1013/1137/1013
f  1013/1137/1013 1009/1133/1009 1010/1134/1010
f  1012/1136/1012 1010/1134/1010 1011/1135/1011
f  1011/1135/1011 1014/1138/1014 1012/1136/1012
f  1014/1138/1014 1011/1135/1011 1015/1139/1015
f  1015/1139/1015 1016/1140/1016 1014/1138/1014
f  1014/1138/1014 1017/1141/1017 1018/1142/1018
f  1018/1142/1018 1012/1136/1012 1014/1138/1014
f  1017/1141/1017 1014/1138/1014 1016/1140/1016
f  1016/1140/1016 1019/1143/1019 1017/1141/1017
f  1019/1143/1019 1016/1140/1016 1020/1144/1020
f  1020/1144/1020 1021/1145/1021 1019/1143/1019
f  1019/1143/1019 1022/1146/1022 1023/1147/1023
f  1023/1147/1023 1017/1141/1017 1019/1143/1019
f  1022/1146/1022 1019/1143/1019 1021/1145/1021
f  1021/1145/1021 1024/1148/1024 1022/1146/1022
f  1024/1148/1024 1021/1145/1021 1025/1149/1025
f  1025/1149/1025 1026/1150/1026 1024/1148/1024
f  1024/1148/1024 1027/1151/1027 1028/1152/1028
f  1028/1152/1028 1022/1146/1022 1024/1148/1024
f  1027/1151/1027 1024/1148/1024 1026/1150/1026
f  1026/1150/1026 1029/1153/1029 1027/1151/1027
f  1029/1153/1029 1026/1150/1026 1030/1154/1030
f  1030/1154/1030 1031/1155/1031 1029/1153/1029
f  1029/1153/1029 1032/1156/1032 1033/1157/1033
f  1033/1157/1033 1027/1151/1027 1029/1153/1029
f  1032/1156/1032 1029/1153/1029 1031/1155/1031
f  1031/1155/1031 27/29/27 1032/1156/1032
f  1032/1156/1032 1034/1158/1034 1035/1159/1035
f  1035/1159/1035 1033/1157/1033 1032/1156/1032
f  1034/1158/1034 1032/1156/1032 27/29/27
f  27/29/27 25/27/25 1034/1158/1034
f  1034/1158/1034 1036/1160/1036 1037/1161/1037
f  1037/1161/1037 1035/1159/1035 1034/1158/1034
f  1036/1160/1036 1034/1158/1034 25/27/25
f  25/27/25 24/26/24 1036/1160/1036
f  1036/1160/1036 1038/1162/1038 1039/1163/1039
f  1039/1163/1039 1037/1161/1037 1036/1160/1036
f  1038/1162/1038 1036/1160/1036 24/26/24
f  24/26/24 1040/1164/1040 1038/1162/1038
f  1041/1165/1041 1040/1164/1040 24/26/24
f  24/26/24 23/25/23 1041/1165/1041
f  1040/1164/1040 1042/1166/1042 1043/1167/1043
f  1043/1167/1043 1038/1162/1038 1040/1164/1040
f  1040/1164/1040 1041/1165/1041 1044/1168/1044
f  1044/1168/1044 1042/1166/1042 1040/1164/1040
f  1045/1169/1045 1044/1170/1044 1041/1171/1041
f  1041/1171/1041 1046/1172/1046 1045/1169/1045
f  1044/1168/1044 1047/1173/1047 1048/1174/1048
f  1048/1174/1048 1042/1166/1042 1044/1168/1044
f  1044/1168/1044 1045/1175/1045 1049/1176/1049
f  1049/1176/1049 1047/1173/1047 1044/1168/1044
f  1050/1177/1050 1049/1176/1049 1045/1175/1045
f  1045/1175/1045 1051/1178/1051 1050/1177/1050
f  1049/1176/1049 1052/1179/1052 1053/1180/1053
f  1053/1180/1053 1047/1173/1047 1049/1176/1049
f  1052/1179/1052 1049/1176/1049 1050/1177/1050
f  1050/1177/1050 1054/1181/1054 1052/1179/1052
f  1054/1181/1054 1050/1177/1050 1055/1182/1055
f  1055/1182/1055 1056/1183/1056 1054/1181/1054
f  1054/1181/1054 1057/1184/1057 1058/1185/1058
f  1058/1185/1058 1052/1179/1052 1054/1181/1054
f  1057/1184/1057 1054/1181/1054 1056/1183/1056
f  1056/1183/1056 1059/1186/1059 1057/1184/1057
f  1059/1186/1059 1056/1183/1056 1060/1187/1060
f  1060/1187/1060 1061/1188/1061 1059/1186/1059
f  1059/1186/1059 1062/1189/1062 1063/1190/1063
f  1063/1190/1063 1057/1184/1057 1059/1186/1059
f  1062/1189/1062 1059/1186/1059 1061/1188/1061
f  1061/1188/1061 1064/1191/1064 1062/1189/1062
f  1064/1191/1064 1061/1188/1061 77/1192/77
f  77/1192/77 76/1193/76 1064/1191/1064
f  1064/1191/1064 1065/1194/1065 1066/1195/1066
f  1066/1195/1066 1062/1189/1062 1064/1191/1064
f  1065/1194/1065 1064/1191/1064 76/1193/76
f  76/1193/76 1067/1196/1067 1065/1194/1065
f  1067/1196/1067 98/106/98 95/103/95
f  95/103/95 1065/1194/1065 1067/1196/1067
f  98/1197/98 1067/1198/1067 1068/1199/1068
f  1068/1199/1068 1069/1200/1069 98/1197/98
f  1067/1198/1067 76/84/76 75/83/75
f  75/83/75 1068/1199/1068 1067/1198/1067
f  1068/1199/1068 1070/1201/1070 1071/1202/1071
f  1071/1202/1071 1069/1200/1069 1068/1199/1068
f  1070/1201/1070 1068/1199/1068 75/83/75
f  75/83/75 81/89/81 1070/1201/1070
f  1070/1201/1070 1072/1203/1072 1073/1204/1073
f  1073/1204/1073 1071/1202/1071 1070/1201/1070
f  1072/1203/1072 1070/1201/1070 81/89/81
f  81/89/81 1074/1205/1074 1072/1203/1072
f  1072/1203/1072 1074/1205/1074 1075/1206/1075
f  1075/1206/1075 1076/1207/1076 1072/1203/1072
f  1074/1205/1074 1077/1208/1077 1078/1209/1078
f  1078/1209/1078 1075/1206/1075 1074/1205/1074
f  1074/1205/1074 81/89/81 78/86/78
f  78/86/78 1077/1208/1077 1074/1205/1074
f  1077/1208/1077 1079/1210/1079 1080/1211/1080
f  1080/1211/1080 1078/1209/1078 1077/1208/1077
f  1077/1208/1077 78/86/78 80/88/80
f  80/88/80 1079/1210/1079 1077/1208/1077
f  1079/1210/1079 1081/1212/1081 1082/1213/1082
f  1082/1213/1082 1080/1211/1080 1079/1210/1079
f  1081/1212/1081 1079/1210/1079 80/88/80
f  80/88/80 432/474/432 1081/1212/1081
f  1081/1212/1081 1083/1214/1083 1084/1215/1084
f  1084/1215/1084 1082/1213/1082 1081/1212/1081
f  1083/1214/1083 1081/1212/1081 432/474/432
f  432/474/432 436/478/436 1083/1214/1083
f  1084/1215/1084 1083/1214/1083 1085/1216/1085
f  1085/1216/1085 1086/1217/1086 1084/1215/1084
f  1085/1216/1085 1083/1214/1083 436/478/436
f  436/478/436 1087/1218/1087 1085/1216/1085
f  1087/1218/1087 436/478/436 437/479/437
f  437/479/437 1088/1219/1088 1087/1218/1087
f  1087/1218/1087 1089/1220/1089 1090/1221/1090
f  1090/1221/1090 1085/1216/1085 1087/1218/1087
f  1089/1220/1089 1087/1218/1087 1088/1219/1088
f  1088/1219/1088 1091/1222/1091 1089/1220/1089
f  1091/1222/1091 1088/1219/1088 1092/1223/1092
f  1092/1223/1092 1093/1224/1093 1091/1222/1091
f  1091/1222/1091 1094/1225/1094 1095/1226/1095
f  1095/1226/1095 1089/1220/1089 1091/1222/1091
f  1094/1225/1094 1091/1222/1091 1093/1224/1093
f  1093/1224/1093 1096/1227/1096 1094/1225/1094
f  1096/1228/1096 1093/1229/1093 1097/1230/1097
f  1097/1230/1097 108/116/108 1096/1228/1096
f  1094/1225/1094 1096/1227/1096 1098/1231/1098
f  1098/1231/1098 1099/1232/1099 1094/1225/1094
f  1098/1233/1098 1096/1228/1096 108/116/108
f  108/116/108 107/115/107 1098/1233/1098
f  1099/1232/1099 1098/1231/1098 1100/1234/1100
f  1100/1234/1100 1101/1235/1101 1099/1232/1099
f  1098/1233/1098 107/115/107 110/118/110
f  110/118/110 1100/1236/1100 1098/1233/1098
f  1101/1235/1101 1100/1234/1100 1102/1237/1102
f  1102/1237/1102 1103/1238/1103 1101/1235/1101
f  1100/1236/1100 110/118/110 1104/1239/1104
f  1104/1239/1104 1102/1240/1102 1100/1236/1100
f  1105/1241/1105 1104/1239/1104 110/118/110
f  110/118/110 109/117/109 1105/1241/1105
f  1102/1240/1102 1104/1239/1104 1106/1242/1106
f  1106/1242/1106 1107/1243/1107 1102/1240/1102
f  1104/1239/1104 1105/1241/1105 1108/1244/1108
f  1108/1244/1108 1106/1242/1106 1104/1239/1104
f  1108/1244/1108 1109/1245/1109 906/1030/906
f  906/1030/906 1110/1246/1110 1108/1244/1108
f  1109/1245/1109 1108/1244/1108 1105/1241/1105
f  1105/1241/1105 1111/1247/1111 1109/1245/1109
f  1106/1242/1106 1108/1244/1108 1110/1246/1110
f  1110/1246/1110 1112/1248/1112 1106/1242/1106
f  1112/1248/1112 1113/1249/1113 1107/1243/1107
f  1107/1243/1107 1106/1242/1106 1112/1248/1112
f  1113/1249/1113 1112/1248/1112 1114/1250/1114
f  1114/1250/1114 1115/1251/1115 1113/1249/1113
f  1112/1248/1112 1110/1246/1110 911/1035/911
f  911/1035/911 1114/1250/1114 1112/1248/1112
f  1114/1250/1114 911/1035/911 910/1034/910
f  910/1034/910 94/102/94 1114/1250/1114
f  1115/1251/1115 1114/1250/1114 94/102/94
f  94/102/94 93/101/93 1115/1251/1115
f  1115/1252/1115 1116/1253/1116 1117/1254/1117
f  1117/1254/1117 1113/1255/1113 1115/1252/1115
f  1116/1253/1116 1115/1252/1115 93/1256/93
f  93/1256/93 1118/1257/1118 1116/1253/1116
f  1118/1257/1118 1119/1258/1119 1120/1259/1120
f  1120/1259/1120 1116/1253/1116 1118/1257/1118
f  1119/1260/1119 1118/1261/1118 1121/1262/1121
f  1121/1262/1121 1122/1263/1122 1119/1260/1119
f  1118/1261/1118 93/1264/93 92/1265/92
f  92/1265/92 1121/1262/1121 1118/1261/1118
f  1122/1263/1122 1121/1262/1121 1069/1200/1069
f  1069/1200/1069 1071/1202/1071 1122/1263/1122
f  1121/1262/1121 92/1265/92 98/1197/98
f  98/1197/98 1069/1200/1069 1121/1262/1121
f  1122/1263/1122 1123/1266/1123 1124/1267/1124
f  1124/1267/1124 1119/1260/1119 1122/1263/1122
f  1123/1266/1123 1122/1263/1122 1071/1202/1071
f  1071/1202/1071 1073/1204/1073 1123/1266/1123
f  1124/1267/1124 1123/1266/1123 1125/1268/1125
f  1125/1268/1125 1126/1269/1126 1124/1267/1124
f  1123/1266/1123 1073/1204/1073 1127/1270/1127
f  1127/1270/1127 1125/1268/1125 1123/1266/1123
f  1125/1268/1125 1127/1270/1127 1128/1271/1128
f  1128/1271/1128 1129/1272/1129 1125/1268/1125
f  1127/1270/1127 1076/1207/1076 1130/1273/1130
f  1130/1273/1130 1128/1271/1128 1127/1270/1127
f  1076/1207/1076 1127/1270/1127 1073/1204/1073
f  1073/1204/1073 1072/1203/1072 1076/1207/1076
f  1128/1271/1128 1130/1273/1130 1131/1274/1131
f  1131/1274/1131 1132/1275/1132 1128/1271/1128
f  1130/1273/1130 1133/1276/1133 1134/1277/1134
f  1134/1277/1134 1131/1274/1131 1130/1273/1130
f  1133/1276/1133 1130/1273/1130 1076/1207/1076
f  1076/1207/1076 1075/1206/1075 1133/1276/1133
f  1133/1276/1133 1135/1278/1135 1136/1279/1136
f  1136/1279/1136 1134/1277/1134 1133/1276/1133
f  1135/1278/1135 1133/1276/1133 1075/1206/1075
f  1075/1206/1075 1078/1209/1078 1135/1278/1135
f  1135/1278/1135 1137/1280/1137 1138/1281/1138
f  1138/1281/1138 1136/1279/1136 1135/1278/1135
f  1137/1280/1137 1135/1278/1135 1078/1209/1078
f  1078/1209/1078 1080/1211/1080 1137/1280/1137
f  1138/1281/1138 1137/1280/1137 1139/1282/1139
f  1139/1282/1139 1140/1283/1140 1138/1281/1138
f  1139/1282/1139 1137/1280/1137 1080/1211/1080
f  1080/1211/1080 1082/1213/1082 1139/1282/1139
f  1140/1283/1140 1139/1282/1139 1141/1284/1141
f  1141/1284/1141 1142/1285/1142 1140/1283/1140
f  1139/1282/1139 1082/1213/1082 1084/1215/1084
f  1084/1215/1084 1141/1284/1141 1139/1282/1139
f  1142/1285/1142 1141/1284/1141 1143/1286/1143
f  1143/1286/1143 1144/1287/1144 1142/1285/1142
f  1141/1284/1141 1084/1215/1084 1086/1217/1086
f  1086/1217/1086 1143/1286/1143 1141/1284/1141
f  1144/1287/1144 1143/1286/1143 1145/1288/1145
f  1145/1288/1145 1146/1289/1146 1144/1287/1144
f  1143/1286/1143 1086/1217/1086 1147/1290/1147
f  1147/1290/1147 1145/1288/1145 1143/1286/1143
f  1090/1221/1090 1147/1290/1147 1086/1217/1086
f  1086/1217/1086 1085/1216/1085 1090/1221/1090
f  1145/1288/1145 1147/1290/1147 1148/1291/1148
f  1148/1291/1148 1149/1292/1149 1145/1288/1145
f  1147/1290/1147 1090/1221/1090 1150/1293/1150
f  1150/1293/1150 1148/1291/1148 1147/1290/1147
f  1150/1293/1150 1090/1221/1090 1089/1220/1089
f  1089/1220/1089 1095/1226/1095 1150/1293/1150
f  1148/1291/1148 1150/1293/1150 1151/1294/1151
f  1151/1294/1151 1152/1295/1152 1148/1291/1148
f  1150/1293/1150 1095/1226/1095 1153/1296/1153
f  1153/1296/1153 1151/1294/1151 1150/1293/1150
f  1099/1232/1099 1153/1296/1153 1095/1226/1095
f  1095/1226/1095 1094/1225/1094 1099/1232/1099
f  1151/1294/1151 1153/1296/1153 1154/1297/1154
f  1154/1297/1154 1155/1298/1155 1151/1294/1151
f  1153/1296/1153 1099/1232/1099 1101/1235/1101
f  1101/1235/1101 1154/1297/1154 1153/1296/1153
f  1155/1298/1155 1154/1297/1154 1156/1299/1156
f  1156/1299/1156 1157/1300/1157 1155/1298/1155
f  1154/1297/1154 1101/1235/1101 1103/1238/1103
f  1103/1238/1103 1156/1299/1156 1154/1297/1154
f  1157/1300/1157 1156/1299/1156 1158/1301/1158
f  1158/1301/1158 1159/1302/1159 1157/1300/1157
f  1156/1299/1156 1103/1238/1103 1160/1303/1160
f  1160/1303/1160 1158/1301/1158 1156/1299/1156
f  1107/1304/1107 1160/1303/1160 1103/1238/1103
f  1103/1238/1103 1102/1237/1102 1107/1304/1107
f  1158/1301/1158 1160/1303/1160 1117/1254/1117
f  1117/1254/1117 1161/1305/1161 1158/1301/1158
f  1160/1303/1160 1107/1304/1107 1113/1255/1113
f  1113/1255/1113 1117/1254/1117 1160/1303/1160
f  1161/1305/1161 1162/1306/1162 1159/1302/1159
f  1159/1302/1159 1158/1301/1158 1161/1305/1161
f  1162/1306/1162 1161/1305/1161 1120/1259/1120
f  1120/1259/1120 1163/1307/1163 1162/1306/1162
f  1161/1305/1161 1117/1254/1117 1116/1253/1116
f  1116/1253/1116 1120/1259/1120 1161/1305/1161
f  1163/1307/1163 1164/1308/1164 1165/1309/1165
f  1165/1309/1165 1162/1306/1162 1163/1307/1163
f  1164/1308/1164 1163/1307/1163 1124/1310/1124
f  1124/1310/1124 1126/1311/1126 1164/1308/1164
f  1163/1307/1163 1120/1259/1120 1119/1258/1119
f  1119/1258/1119 1124/1310/1124 1163/1307/1163
f  1165/1309/1165 1164/1308/1164 1166/1312/1166
f  1166/1312/1166 1167/1313/1167 1165/1309/1165
f  1164/1308/1164 1126/1311/1126 1168/1314/1168
f  1168/1314/1168 1166/1312/1166 1164/1308/1164
f  1166/1312/1166 1168/1314/1168 1169/1315/1169
f  1169/1315/1169 1170/1316/1170 1166/1312/1166
f  1168/1317/1168 1129/1272/1129 1171/1318/1171
f  1171/1318/1171 1169/1319/1169 1168/1317/1168
f  1129/1272/1129 1168/1317/1168 1126/1269/1126
f  1126/1269/1126 1125/1268/1125 1129/1272/1129
f  1169/1319/1169 1171/1318/1171 1172/1320/1172
f  1172/1320/1172 1173/1321/1173 1169/1319/1169
f  1171/1318/1171 1132/1275/1132 1174/1322/1174
f  1174/1322/1174 1172/1320/1172 1171/1318/1171
f  1132/1275/1132 1171/1318/1171 1129/1272/1129
f  1129/1272/1129 1128/1271/1128 1132/1275/1132
f  1172/1320/1172 1174/1322/1174 1175/1323/1175
f  1175/1323/1175 1176/1324/1176 1172/1320/1172
f  1174/1322/1174 1177/1325/1177 1178/1326/1178
f  1178/1326/1178 1175/1323/1175 1174/1322/1174
f  1177/1325/1177 1174/1322/1174 1132/1275/1132
f  1132/1275/1132 1131/1274/1131 1177/1325/1177
f  1177/1325/1177 1179/1327/1179 1180/1328/1180
f  1180/1328/1180 1178/1326/1178 1177/1325/1177
f  1179/1327/1179 1177/1325/1177 1131/1274/1131
f  1131/1274/1131 1134/1277/1134 1179/1327/1179
f  1179/1327/1179 1181/1329/1181 1182/1330/1182
f  1182/1330/1182 1180/1328/1180 1179/1327/1179
f  1181/1329/1181 1179/1327/1179 1134/1277/1134
f  1134/1277/1134 1136/1279/1136 1181/1329/1181
f  1182/1330/1182 1181/1329/1181 1183/1331/1183
f  1183/1331/1183 1184/1332/1184 1182/1330/1182
f  1183/1331/1183 1181/1329/1181 1136/1279/1136
f  1136/1279/1136 1138/1281/1138 1183/1331/1183
f  1184/1332/1184 1183/1331/1183 1185/1333/1185
f  1185/1333/1185 1186/1334/1186 1184/1332/1184
f  1183/1331/1183 1138/1281/1138 1140/1283/1140
f  1140/1283/1140 1185/1333/1185 1183/1331/1183
f  1186/1334/1186 1185/1333/1185 1187/1335/1187
f  1187/1335/1187 1188/1336/1188 1186/1334/1186
f  1185/1333/1185 1140/1283/1140 1142/1285/1142
f  1142/1285/1142 1187/1335/1187 1185/1333/1185
f  1188/1336/1188 1187/1335/1187 1189/1337/1189
f  1189/1337/1189 1190/1338/1190 1188/1336/1188
f  1187/1335/1187 1142/1285/1142 1144/1287/1144
f  1144/1287/1144 1189/1337/1189 1187/1335/1187
f  1190/1338/1190 1189/1337/1189 1191/1339/1191
f  1191/1339/1191 1192/1340/1192 1190/1338/1190
f  1189/1337/1189 1144/1287/1144 1146/1289/1146
f  1146/1289/1146 1191/1339/1191 1189/1337/1189
f  1192/1340/1192 1191/1339/1191 1193/1341/1193
f  1193/1341/1193 1194/1342/1194 1192/1340/1192
f  1191/1339/1191 1146/1289/1146 1195/1343/1195
f  1195/1343/1195 1193/1341/1193 1191/1339/1191
f  1149/1292/1149 1195/1343/1195 1146/1289/1146
f  1146/1289/1146 1145/1288/1145 1149/1292/1149
f  1193/1341/1193 1195/1343/1195 1196/1344/1196
f  1196/1344/1196 1197/1345/1197 1193/1341/1193
f  1195/1343/1195 1149/1292/1149 1198/1346/1198
f  1198/1346/1198 1196/1344/1196 1195/1343/1195
f  1152/1295/1152 1198/1346/1198 1149/1292/1149
f  1149/1292/1149 1148/1291/1148 1152/1295/1152
f  1196/1344/1196 1198/1346/1198 1199/1347/1199
f  1199/1347/1199 1200/1348/1200 1196/1344/1196
f  1198/1346/1198 1152/1295/1152 1201/1349/1201
f  1201/1349/1201 1199/1347/1199 1198/1346/1198
f  1155/1298/1155 1201/1349/1201 1152/1295/1152
f  1152/1295/1152 1151/1294/1151 1155/1298/1155
f  1199/1347/1199 1201/1349/1201 1202/1350/1202
f  1202/1350/1202 1203/1351/1203 1199/1347/1199
f  1201/1349/1201 1155/1298/1155 1157/1300/1157
f  1157/1300/1157 1202/1350/1202 1201/1349/1201
f  1203/1351/1203 1202/1350/1202 1204/1352/1204
f  1204/1352/1204 1205/1353/1205 1203/1351/1203
f  1202/1350/1202 1157/1300/1157 1159/1302/1159
f  1159/1302/1159 1204/1352/1204 1202/1350/1202
f  1205/1353/1205 1204/1352/1204 1165/1309/1165
f  1165/1309/1165 1167/1313/1167 1205/1353/1205
f  1204/1352/1204 1159/1302/1159 1162/1306/1162
f  1162/1306/1162 1165/1309/1165 1204/1352/1204
f  1205/1353/1205 1206/1354/1206 1207/1355/1207
f  1207/1355/1207 1203/1351/1203 1205/1353/1205
f  1206/1354/1206 1205/1353/1205 1167/1313/1167
f  1167/1313/1167 1208/1356/1208 1206/1354/1206
f  1208/1356/1208 1209/1357/1209 1210/1358/1210
f  1210/1358/1210 1206/1354/1206 1208/1356/1208
f  1209/1357/1209 1208/1356/1208 1170/1316/1170
f  1170/1316/1170 1211/1359/1211 1209/1357/1209
f  1208/1356/1208 1167/1313/1167 1166/1312/1166
f  1166/1312/1166 1170/1316/1170 1208/1356/1208
f  1211/1359/1211 1212/1360/1212 1213/1361/1213
f  1213/1361/1213 1209/1357/1209 1211/1359/1211
f  1211/1359/1211 1173/1362/1173 1214/1363/1214
f  1214/1363/1214 1212/1360/1212 1211/1359/1211
f  1173/1362/1173 1211/1359/1211 1170/1316/1170
f  1170/1316/1170 1169/1315/1169 1173/1362/1173
f  1214/1363/1214 1215/1364/1215 1216/1365/1216
f  1216/1365/1216 1212/1360/1212 1214/1363/1214
f  1214/1366/1214 1176/1324/1176 1217/1367/1217
f  1217/1367/1217 1215/1368/1215 1214/1366/1214
f  1176/1324/1176 1214/1366/1214 1173/1321/1173
f  1173/1321/1173 1172/1320/1172 1176/1324/1176
f  1217/1367/1217 1218/1369/1218 1219/1370/1219
f  1219/1370/1219 1215/1368/1215 1217/1367/1217
f  1217/1367/1217 1220/1371/1220 1221/1372/1221
f  1221/1372/1221 1218/1369/1218 1217/1367/1217
f  1220/1371/1220 1217/1367/1217 1176/1324/1176
f  1176/1324/1176 1175/1323/1175 1220/1371/1220
f  1220/1371/1220 1222/1373/1222 1223/1374/1223
f  1223/1374/1223 1221/1372/1221 1220/1371/1220
f  1222/1373/1222 1220/1371/1220 1175/1323/1175
f  1175/1323/1175 1178/1326/1178 1222/1373/1222
f  1222/1373/1222 1224/1375/1224 1225/1376/1225
f  1225/1376/1225 1223/1374/1223 1222/1373/1222
f  1224/1375/1224 1222/1373/1222 1178/1326/1178
f  1178/1326/1178 1180/1328/1180 1224/1375/1224
f  1224/1375/1224 1226/1377/1226 1227/1378/1227
f  1227/1378/1227 1225/1376/1225 1224/1375/1224
f  1226/1377/1226 1224/1375/1224 1180/1328/1180
f  1180/1328/1180 1182/1330/1182 1226/1377/1226
f  1226/1377/1226 1228/1379/1228 1229/1380/1229
f  1229/1380/1229 1227/1378/1227 1226/1377/1226
f  1226/1377/1226 1182/1330/1182 1184/1332/1184
f  1184/1332/1184 1228/1379/1228 1226/1377/1226
f  1229/1380/1229 1228/1379/1228 1230/1381/1230
f  1230/1381/1230 1231/1382/1231 1229/1380/1229
f  1228/1379/1228 1184/1332/1184 1186/1334/1186
f  1186/1334/1186 1230/1381/1230 1228/1379/1228
f  1231/1382/1231 1230/1381/1230 1232/1383/1232
f  1232/1383/1232 1233/1384/1233 1231/1382/1231
f  1230/1381/1230 1186/1334/1186 1188/1336/1188
f  1188/1336/1188 1232/1383/1232 1230/1381/1230
f  1233/1384/1233 1232/1383/1232 1234/1385/1234
f  1234/1385/1234 1235/1386/1235 1233/1384/1233
f  1232/1383/1232 1188/1336/1188 1190/1338/1190
f  1190/1338/1190 1234/1385/1234 1232/1383/1232
f  1235/1386/1235 1234/1385/1234 1236/1387/1236
f  1236/1387/1236 1237/1388/1237 1235/1386/1235
f  1234/1385/1234 1190/1338/1190 1192/1340/1192
f  1192/1340/1192 1236/1387/1236 1234/1385/1234
f  1237/1388/1237 1236/1387/1236 1238/1389/1238
f  1238/1389/1238 1239/1390/1239 1237/1388/1237
f  1236/1387/1236 1192/1340/1192 1194/1342/1194
f  1194/1342/1194 1238/1389/1238 1236/1387/1236
f  1239/1390/1239 1238/1389/1238 1240/1391/1240
f  1240/1391/1240 1241/1392/1241 1239/1390/1239
f  1238/1389/1238 1194/1342/1194 1242/1393/1242
f  1242/1393/1242 1240/1391/1240 1238/1389/1238
f  1197/1345/1197 1242/1393/1242 1194/1342/1194
f  1194/1342/1194 1193/1341/1193 1197/1345/1197
f  1240/1391/1240 1242/1393/1242 1243/1394/1243
f  1243/1394/1243 1244/1395/1244 1240/1391/1240
f  1242/1393/1242 1197/1345/1197 1245/1396/1245
f  1245/1396/1245 1243/1394/1243 1242/1393/1242
f  1200/1348/1200 1245/1396/1245 1197/1345/1197
f  1197/1345/1197 1196/1344/1196 1200/1348/1200
f  1243/1394/1243 1245/1396/1245 1246/1397/1246
f  1246/1397/1246 1247/1398/1247 1243/1394/1243
f  1245/1396/1245 1200/1348/1200 1207/1355/1207
f  1207/1355/1207 1246/1397/1246 1245/1396/1245
f  1247/1398/1247 1246/1397/1246 1210/1358/1210
f  1210/1358/1210 1248/1399/1248 1247/1398/1247
f  1246/1397/1246 1207/1355/1207 1206/1354/1206
f  1206/1354/1206 1210/1358/1210 1246/1397/1246
f  1248/1399/1248 1249/1400/1249 1250/1401/1250
f  1250/1401/1250 1247/1398/1247 1248/1399/1248
f  1249/1400/1249 1248/1399/1248 1213/1361/1213
f  1213/1361/1213 1251/1402/1251 1249/1400/1249
f  1248/1399/1248 1210/1358/1210 1209/1357/1209
f  1209/1357/1209 1213/1361/1213 1248/1399/1248
f  1251/1402/1251 1252/1403/1252 1253/1404/1253
f  1253/1404/1253 1249/1400/1249 1251/1402/1251
f  1252/1403/1252 1251/1402/1251 1216/1365/1216
f  1216/1365/1216 1254/1405/1254 1252/1403/1252
f  1251/1402/1251 1213/1361/1213 1212/1360/1212
f  1212/1360/1212 1216/1365/1216 1251/1402/1251
f  1254/1405/1254 1255/1406/1255 1256/1407/1256
f  1256/1407/1256 1252/1403/1252 1254/1405/1254
f  1255/1406/1255 1254/1405/1254 1219/1408/1219
f  1219/1408/1219 1257/1409/1257 1255/1406/1255
f  1254/1405/1254 1216/1365/1216 1215/1364/1215
f  1215/1364/1215 1219/1408/1219 1254/1405/1254
f  1257/1409/1257 1258/1410/1258 1259/1411/1259
f  1259/1411/1259 1255/1406/1255 1257/1409/1257
f  1258/1412/1258 1257/1413/1257 1260/1414/1260
f  1260/1414/1260 1261/1415/1261 1258/1412/1258
f  1257/1413/1257 1219/1370/1219 1218/1369/1218
f  1218/1369/1218 1260/1414/1260 1257/1413/1257
f  1261/1415/1261 1260/1414/1260 1262/1416/1262
f  1262/1416/1262 1263/1417/1263 1261/1415/1261
f  1260/1414/1260 1218/1369/1218 1221/1372/1221
f  1221/1372/1221 1262/1416/1262 1260/1414/1260
f  1263/1417/1263 1262/1416/1262 1264/1418/1264
f  1264/1418/1264 1265/1419/1265 1263/1417/1263
f  1262/1416/1262 1221/1372/1221 1223/1374/1223
f  1223/1374/1223 1264/1418/1264 1262/1416/1262
f  1265/1419/1265 1264/1418/1264 1266/1420/1266
f  1266/1420/1266 1267/1421/1267 1265/1419/1265
f  1264/1418/1264 1223/1374/1223 1225/1376/1225
f  1225/1376/1225 1266/1420/1266 1264/1418/1264
f  1267/1421/1267 1266/1420/1266 1268/1422/1268
f  1268/1422/1268 1269/1423/1269 1267/1421/1267
f  1268/1422/1268 1266/1420/1266 1225/1376/1225
f  1225/1376/1225 1227/1378/1227 1268/1422/1268
f  1269/1423/1269 1268/1422/1268 1270/1424/1270
f  1270/1424/1270 1271/1425/1271 1269/1423/1269
f  1268/1422/1268 1227/1378/1227 1229/1380/1229
f  1229/1380/1229 1270/1424/1270 1268/1422/1268
f  1271/1425/1271 1270/1424/1270 1272/1426/1272
f  1272/1426/1272 1273/1427/1273 1271/1425/1271
f  1270/1424/1270 1229/1380/1229 1231/1382/1231
f  1231/1382/1231 1272/1426/1272 1270/1424/1270
f  1273/1427/1273 1272/1426/1272 1274/1428/1274
f  1274/1428/1274 1275/1429/1275 1273/1427/1273
f  1272/1426/1272 1231/1382/1231 1233/1384/1233
f  1233/1384/1233 1274/1428/1274 1272/1426/1272
f  1275/1429/1275 1274/1428/1274 1276/1430/1276
f  1276/1430/1276 1277/1431/1277 1275/1429/1275
f  1274/1428/1274 1233/1384/1233 1235/1386/1235
f  1235/1386/1235 1276/1430/1276 1274/1428/1274
f  1277/1431/1277 1276/1430/1276 1278/1432/1278
f  1278/1432/1278 1279/1433/1279 1277/1431/1277
f  1276/1430/1276 1235/1386/1235 1237/1388/1237
f  1237/1388/1237 1278/1432/1278 1276/1430/1276
f  1278/1432/1278 1280/1434/1280 1281/1435/1281
f  1281/1435/1281 1279/1433/1279 1278/1432/1278
f  1278/1432/1278 1237/1388/1237 1239/1390/1239
f  1239/1390/1239 1280/1434/1280 1278/1432/1278
f  1280/1434/1280 1282/1436/1282 1283/1437/1283
f  1283/1437/1283 1281/1435/1281 1280/1434/1280
f  1280/1434/1280 1239/1390/1239 1241/1392/1241
f  1241/1392/1241 1282/1436/1282 1280/1434/1280
f  1282/1436/1282 1284/1438/1284 1285/1439/1285
f  1285/1439/1285 1283/1437/1283 1282/1436/1282
f  1282/1436/1282 1241/1392/1241 1286/1440/1286
f  1286/1440/1286 1284/1438/1284 1282/1436/1282
f  1244/1395/1244 1286/1440/1286 1241/1392/1241
f  1241/1392/1241 1240/1391/1240 1244/1395/1244
f  1284/1438/1284 1286/1440/1286 1287/1441/1287
f  1287/1441/1287 1288/1442/1288 1284/1438/1284
f  1286/1440/1286 1244/1395/1244 1250/1401/1250
f  1250/1401/1250 1287/1441/1287 1286/1440/1286
f  1288/1442/1288 1287/1441/1287 1253/1404/1253
f  1253/1404/1253 1289/1443/1289 1288/1442/1288
f  1287/1441/1287 1250/1401/1250 1249/1400/1249
f  1249/1400/1249 1253/1404/1253 1287/1441/1287
f  1288/1442/1288 1289/1443/1289 1290/1444/1290
f  1290/1444/1290 1291/1445/1291 1288/1442/1288
f  1290/1444/1290 1289/1443/1289 1256/1407/1256
f  1256/1407/1256 1292/1446/1292 1290/1444/1290
f  1289/1443/1289 1253/1404/1253 1252/1403/1252
f  1252/1403/1252 1256/1407/1256 1289/1443/1289
f  1290/1444/1290 1292/1446/1292 1293/1447/1293
f  1293/1447/1293 1294/1448/1294 1290/1444/1290
f  1293/1447/1293 1292/1446/1292 1259/1411/1259
f  1259/1411/1259 1295/1449/1295 1293/1447/1293
f  1292/1446/1292 1256/1407/1256 1255/1406/1255
f  1255/1406/1255 1259/1411/1259 1292/1446/1292
f  1293/1447/1293 1295/1449/1295 1296/1450/1296
f  1296/1450/1296 1297/1451/1297 1293/1447/1293
f  1296/1450/1296 1295/1449/1295 1298/1452/1298
f  1298/1452/1298 1299/1453/1299 1296/1450/1296
f  1295/1449/1295 1259/1411/1259 1258/1410/1258
f  1258/1410/1258 1298/1452/1298 1295/1449/1295
f  1299/1454/1299 1298/1455/1298 1300/1456/1300
f  1300/1456/1300 1301/1457/1301 1299/1454/1299
f  1298/1455/1298 1258/1412/1258 1261/1415/1261
f  1261/1415/1261 1300/1456/1300 1298/1455/1298
f  1301/1457/1301 1300/1456/1300 1302/1458/1302
f  1302/1458/1302 1303/1459/1303 1301/1457/1301
f  1300/1456/1300 1261/1415/1261 1263/1417/1263
f  1263/1417/1263 1302/1458/1302 1300/1456/1300
f  1303/1459/1303 1302/1458/1302 1304/1460/1304
f  1304/1460/1304 1305/1461/1305 1303/1459/1303
f  1302/1458/1302 1263/1417/1263 1265/1419/1265
f  1265/1419/1265 1304/1460/1304 1302/1458/1302
f  1305/1461/1305 1304/1460/1304 1306/1462/1306
f  1306/1462/1306 1307/1463/1307 1305/1461/1305
f  1304/1460/1304 1265/1419/1265 1267/1421/1267
f  1267/1421/1267 1306/1462/1306 1304/1460/1304
f  1307/1463/1307 1306/1462/1306 1308/1464/1308
f  1308/1464/1308 1309/1465/1309 1307/1463/1307
f  1306/1462/1306 1267/1421/1267 1269/1423/1269
f  1269/1423/1269 1308/1464/1308 1306/1462/1306
f  1309/1465/1309 1308/1464/1308 1310/1466/1310
f  1310/1466/1310 1311/1467/1311 1309/1465/1309
f  1308/1464/1308 1269/1423/1269 1271/1425/1271
f  1271/1425/1271 1310/1466/1310 1308/1464/1308
f  1311/1467/1311 1310/1466/1310 1312/1468/1312
f  1312/1468/1312 1313/1469/1313 1311/1467/1311
f  1310/1466/1310 1271/1425/1271 1273/1427/1273
f  1273/1427/1273 1312/1468/1312 1310/1466/1310
f  1313/1469/1313 1312/1468/1312 1314/1470/1314
f  1314/1470/1314 1315/1471/1315 1313/1469/1313
f  1312/1468/1312 1273/1427/1273 1275/1429/1275
f  1275/1429/1275 1314/1470/1314 1312/1468/1312
f  1315/1471/1315 1314/1470/1314 1316/1472/1316
f  1316/1472/1316 1317/1473/1317 1315/1471/1315
f  1314/1470/1314 1275/1429/1275 1277/1431/1277
f  1277/1431/1277 1316/1472/1316 1314/1470/1314
f  1316/1472/1316 1318/1474/1318 1319/1475/1319
f  1319/1475/1319 1317/1473/1317 1316/1472/1316
f  1316/1472/1316 1277/1431/1277 1279/1433/1279
f  1279/1433/1279 1318/1474/1318 1316/1472/1316
f  1318/1474/1318 1320/1476/1320 1321/1477/1321
f  1321/1477/1321 1319/1475/1319 1318/1474/1318
f  1320/1476/1320 1318/1474/1318 1279/1433/1279
f  1279/1433/1279 1281/1435/1281 1320/1476/1320
f  1320/1476/1320 1322/1478/1322 1323/1479/1323
f  1323/1479/1323 1321/1477/1321 1320/1476/1320
f  1322/1478/1322 1320/1476/1320 1281/1435/1281
f  1281/1435/1281 1283/1437/1283 1322/1478/1322
f  1322/1478/1322 1324/1480/1324 1325/1481/1325
f  1325/1481/1325 1323/1479/1323 1322/1478/1322
f  1324/1480/1324 1322/1478/1322 1283/1437/1283
f  1283/1437/1283 1285/1439/1285 1324/1480/1324
f  1324/1480/1324 1326/1482/1326 1327/1483/1327
f  1327/1483/1327 1325/1481/1325 1324/1480/1324
f  1326/1482/1326 1324/1480/1324 1285/1439/1285
f  1285/1439/1285 1291/1445/1291 1326/1482/1326
f  1326/1482/1326 1294/1448/1294 1328/1484/1328
f  1328/1484/1328 1327/1483/1327 1326/1482/1326
f  1294/1448/1294 1326/1482/1326 1291/1445/1291
f  1291/1445/1291 1290/1444/1290 1294/1448/1294
f  1327/1483/1327 1328/1484/1328 1329/1485/1329
f  1329/1485/1329 1330/1486/1330 1327/1483/1327
f  1328/1484/1328 1297/1451/1297 1331/1487/1331
f  1331/1487/1331 1329/1485/1329 1328/1484/1328
f  1297/1451/1297 1328/1484/1328 1294/1448/1294
f  1294/1448/1294 1293/1447/1293 1297/1451/1297
f  1329/1485/1329 1331/1487/1331 1332/1488/1332
f  1332/1488/1332 1333/1489/1333 1329/1485/1329
f  1331/1487/1331 1334/1490/1334 1335/1491/1335
f  1335/1491/1335 1332/1488/1332 1331/1487/1331
f  1334/1490/1334 1331/1487/1331 1297/1451/1297
f  1297/1451/1297 1296/1450/1296 1334/1490/1334
f  1335/1491/1335 1334/1490/1334 1336/1492/1336
f  1336/1492/1336 1337/1493/1337 1335/1491/1335
f  1334/1490/1334 1296/1450/1296 1299/1453/1299
f  1299/1453/1299 1336/1492/1336 1334/1490/1334
f  1337/1494/1337 1336/1495/1336 1338/1496/1338
f  1338/1496/1338 1339/1497/1339 1337/1494/1337
f  1336/1495/1336 1299/1454/1299 1301/1457/1301
f  1301/1457/1301 1338/1496/1338 1336/1495/1336
f  1339/1497/1339 1338/1496/1338 1340/1498/1340
f  1340/1498/1340 1341/1499/1341 1339/1497/1339
f  1338/1496/1338 1301/1457/1301 1303/1459/1303
f  1303/1459/1303 1340/1498/1340 1338/1496/1338
f  1341/1499/1341 1340/1498/1340 1342/1500/1342
f  1342/1500/1342 1343/1501/1343 1341/1499/1341
f  1340/1498/1340 1303/1459/1303 1305/1461/1305
f  1305/1461/1305 1342/1500/1342 1340/1498/1340
f  1343/1501/1343 1342/1500/1342 1344/1502/1344
f  1344/1502/1344 1345/1503/1345 1343/1501/1343
f  1342/1500/1342 1305/1461/1305 1307/1463/1307
f  1307/1463/1307 1344/1502/1344 1342/1500/1342
f  1345/1503/1345 1344/1502/1344 1346/1504/1346
f  1346/1504/1346 1347/1505/1347 1345/1503/1345
f  1344/1502/1344 1307/1463/1307 1309/1465/1309
f  1309/1465/1309 1346/1504/1346 1344/1502/1344
f  1347/1505/1347 1346/1504/1346 1348/1506/1348
f  1348/1506/1348 1349/1507/1349 1347/1505/1347
f  1346/1504/1346 1309/1465/1309 1311/1467/1311
f  1311/1467/1311 1348/1506/1348 1346/1504/1346
f  1349/1507/1349 1348/1506/1348 1350/1508/1350
f  1350/1508/1350 1351/1509/1351 1349/1507/1349
f  1348/1506/1348 1311/1467/1311 1313/1469/1313
f  1313/1469/1313 1350/1508/1350 1348/1506/1348
f  1351/1509/1351 1350/1508/1350 1352/1510/1352
f  1352/1510/1352 1353/1511/1353 1351/1509/1351
f  1350/1508/1350 1313/1469/1313 1315/1471/1315
f  1315/1471/1315 1352/1510/1352 1350/1508/1350
f  1352/1510/1352 1354/1512/1354 1355/1513/1355
f  1355/1513/1355 1353/1511/1353 1352/1510/1352
f  1352/1510/1352 1315/1471/1315 1317/1473/1317
f  1317/1473/1317 1354/1512/1354 1352/1510/1352
f  1354/1512/1354 1356/1514/1356 1357/1515/1357
f  1357/1515/1357 1355/1513/1355 1354/1512/1354
f  1356/1514/1356 1354/1512/1354 1317/1473/1317
f  1317/1473/1317 1319/1475/1319 1356/1514/1356
f  1356/1514/1356 1358/1516/1358 1359/1517/1359
f  1359/1517/1359 1357/1515/1357 1356/1514/1356
f  1358/1516/1358 1356/1514/1356 1319/1475/1319
f  1319/1475/1319 1321/1477/1321 1358/1516/1358
f  1358/1516/1358 1360/1518/1360 1361/1519/1361
f  1361/1519/1361 1359/1517/1359 1358/1516/1358
f  1360/1518/1360 1358/1516/1358 1321/1477/1321
f  1321/1477/1321 1323/1479/1323 1360/1518/1360
f  1360/1518/1360 1362/1520/1362 1363/1521/1363
f  1363/1521/1363 1361/1519/1361 1360/1518/1360
f  1362/1520/1362 1360/1518/1360 1323/1479/1323
f  1323/1479/1323 1325/1481/1325 1362/1520/1362
f  1362/1520/1362 1330/1486/1330 1364/1522/1364
f  1364/1522/1364 1363/1521/1363 1362/1520/1362
f  1330/1486/1330 1362/1520/1362 1325/1481/1325
f  1325/1481/1325 1327/1483/1327 1330/1486/1330
f  1363/1521/1363 1364/1522/1364 1365/1523/1365
f  1365/1523/1365 1366/1524/1366 1363/1521/1363
f  1364/1522/1364 1333/1489/1333 1367/1525/1367
f  1367/1525/1367 1365/1523/1365 1364/1522/1364
f  1333/1489/1333 1364/1522/1364 1330/1486/1330
f  1330/1486/1330 1329/1485/1329 1333/1489/1333
f  1365/1523/1365 1367/1525/1367 1368/1526/1368
f  1368/1526/1368 1369/1527/1369 1365/1523/1365
f  1367/1525/1367 1370/1528/1370 1371/1529/1371
f  1371/1529/1371 1368/1526/1368 1367/1525/1367
f  1370/1528/1370 1367/1525/1367 1333/1489/1333
f  1333/1489/1333 1332/1488/1332 1370/1528/1370
f  1370/1528/1370 1372/1530/1372 1373/1531/1373
f  1373/1531/1373 1371/1529/1371 1370/1528/1370
f  1372/1530/1372 1370/1528/1370 1332/1488/1332
f  1332/1488/1332 1335/1491/1335 1372/1530/1372
f  1373/1531/1373 1372/1530/1372 1374/1532/1374
f  1374/1532/1374 1375/1533/1375 1373/1531/1373
f  1372/1530/1372 1335/1491/1335 1337/1493/1337
f  1337/1493/1337 1374/1532/1374 1372/1530/1372
f  1375/1534/1375 1374/1535/1374 1376/1536/1376
f  1376/1536/1376 1377/1537/1377 1375/1534/1375
f  1374/1535/1374 1337/1494/1337 1339/1497/1339
f  1339/1497/1339 1376/1536/1376 1374/1535/1374
f  1377/1537/1377 1376/1536/1376 1378/1538/1378
f  1378/1538/1378 1379/1539/1379 1377/1537/1377
f  1376/1536/1376 1339/1497/1339 1341/1499/1341
f  1341/1499/1341 1378/1538/1378 1376/1536/1376
f  1379/1539/1379 1378/1538/1378 1380/1540/1380
f  1380/1540/1380 1381/1541/1381 1379/1539/1379
f  1378/1538/1378 1341/1499/1341 1343/1501/1343
f  1343/1501/1343 1380/1540/1380 1378/1538/1378
f  1380/1540/1380 1382/1542/1382 1383/1543/1383
f  1383/1543/1383 1381/1541/1381 1380/1540/1380
f  1380/1540/1380 1343/1501/1343 1345/1503/1345
f  1345/1503/1345 1382/1542/1382 1380/1540/1380
f  1383/1543/1383 1382/1542/1382 1384/1544/1384
f  1384/1544/1384 1385/1545/1385 1383/1543/1383
f  1382/1542/1382 1345/1503/1345 1347/1505/1347
f  1347/1505/1347 1384/1544/1384 1382/1542/1382
f  1385/1545/1385 1384/1544/1384 1386/1546/1386
f  1386/1546/1386 1387/1547/1387 1385/1545/1385
f  1384/1544/1384 1347/1505/1347 1349/1507/1349
f  1349/1507/1349 1386/1546/1386 1384/1544/1384
f  1387/1547/1387 1386/1546/1386 1388/1548/1388
f  1388/1548/1388 1389/1549/1389 1387/1547/1387
f  1386/1546/1386 1349/1507/1349 1351/1509/1351
f  1351/1509/1351 1388/1548/1388 1386/1546/1386
f  1389/1549/1389 1388/1548/1388 1390/1550/1390
f  1390/1550/1390 1391/1551/1391 1389/1549/1389
f  1388/1548/1388 1351/1509/1351 1353/1511/1353
f  1353/1511/1353 1390/1550/1390 1388/1548/1388
f  1391/1551/1391 1390/1550/1390 1392/1552/1392
f  1392/1552/1392 1393/1553/1393 1391/1551/1391
f  1390/1550/1390 1353/1511/1353 1355/1513/1355
f  1355/1513/1355 1392/1552/1392 1390/1550/1390
f  1393/1553/1393 1392/1552/1392 1394/1554/1394
f  1394/1554/1394 1395/1555/1395 1393/1553/1393
f  1394/1554/1394 1392/1552/1392 1355/1513/1355
f  1355/1513/1355 1357/1515/1357 1394/1554/1394
f  1395/1555/1395 1394/1554/1394 1396/1556/1396
f  1396/1556/1396 1397/1557/1397 1395/1555/1395
f  1396/1556/1396 1394/1554/1394 1357/1515/1357
f  1357/1515/1357 1359/1517/1359 1396/1556/1396
f  1396/1556/1396 1398/1558/1398 1399/1559/1399
f  1399/1559/1399 1397/1557/1397 1396/1556/1396
f  1398/1558/1398 1396/1556/1396 1359/1517/1359
f  1359/1517/1359 1361/1519/1361 1398/1558/1398
f  1398/1558/1398 1366/1524/1366 1400/1560/1400
f  1400/1560/1400 1399/1559/1399 1398/1558/1398
f  1366/1524/1366 1398/1558/1398 1361/1519/1361
f  1361/1519/1361 1363/1521/1363 1366/1524/1366
f  1399/1559/1399 1400/1560/1400 1401/1561/1401
f  1401/1561/1401 1402/1562/1402 1399/1559/1399
f  1400/1560/1400 1369/1527/1369 1403/1563/1403
f  1403/1563/1403 1401/1561/1401 1400/1560/1400
f  1369/1527/1369 1400/1560/1400 1366/1524/1366
f  1366/1524/1366 1365/1523/1365 1369/1527/1369
f  1401/1561/1401 1403/1563/1403 1404/1564/1404
f  1404/1564/1404 1405/1565/1405 1401/1561/1401
f  1404/1564/1404 1403/1563/1403 1406/1566/1406
f  1406/1566/1406 1407/1567/1407 1404/1564/1404
f  1406/1566/1406 1403/1563/1403 1369/1527/1369
f  1369/1527/1369 1368/1526/1368 1406/1566/1406
f  1407/1567/1407 1406/1566/1406 1408/1568/1408
f  1408/1568/1408 1409/1569/1409 1407/1567/1407
f  1408/1568/1408 1406/1566/1406 1368/1526/1368
f  1368/1526/1368 1371/1529/1371 1408/1568/1408
f  1409/1569/1409 1408/1568/1408 1410/1570/1410
f  1410/1570/1410 1411/1571/1411 1409/1569/1409
f  1408/1568/1408 1371/1529/1371 1373/1531/1373
f  1373/1531/1373 1410/1570/1410 1408/1568/1408
f  1410/1570/1410 1412/1572/1412 1413/1573/1413
f  1413/1573/1413 1411/1571/1411 1410/1570/1410
f  1410/1570/1410 1373/1531/1373 1375/1533/1375
f  1375/1533/1375 1412/1572/1412 1410/1570/1410
f  1412/1574/1412 1414/1575/1414 1415/1576/1415
f  1415/1576/1415 1413/1577/1413 1412/1574/1412
f  1412/1574/1412 1375/1534/1375 1377/1537/1377
f  1377/1537/1377 1414/1575/1414 1412/1574/1412
f  1414/1575/1414 1416/1578/1416 1417/1579/1417
f  1417/1579/1417 1415/1576/1415 1414/1575/1414
f  1414/1575/1414 1377/1537/1377 1379/1539/1379
f  1379/1539/1379 1416/1578/1416 1414/1575/1414
f  1416/1578/1416 1418/1580/1418 1419/1581/1419
f  1419/1581/1419 1417/1579/1417 1416/1578/1416
f  1418/1580/1418 1416/1578/1416 1379/1539/1379
f  1379/1539/1379 1381/1541/1381 1418/1580/1418
f  1418/1580/1418 1420/1582/1420 1421/1583/1421
f  1421/1583/1421 1419/1581/1419 1418/1580/1418
f  1420/1582/1420 1418/1580/1418 1381/1541/1381
f  1381/1541/1381 1383/1543/1383 1420/1582/1420
f  1421/1583/1421 1420/1582/1420 1422/1584/1422
f  1422/1584/1422 1423/1585/1423 1421/1583/1421
f  1422/1584/1422 1420/1582/1420 1383/1543/1383
f  1383/1543/1383 1385/1545/1385 1422/1584/1422
f  1423/1585/1423 1422/1584/1422 1424/1586/1424
f  1424/1586/1424 1425/1587/1425 1423/1585/1423
f  1422/1584/1422 1385/1545/1385 1387/1547/1387
f  1387/1547/1387 1424/1586/1424 1422/1584/1422
f  1425/1587/1425 1424/1586/1424 1426/1588/1426
f  1426/1588/1426 1427/1589/1427 1425/1587/1425
f  1424/1586/1424 1387/1547/1387 1389/1549/1389
f  1389/1549/1389 1426/1588/1426 1424/1586/1424
f  1427/1589/1427 1426/1588/1426 1428/1590/1428
f  1428/1590/1428 1429/1591/1429 1427/1589/1427
f  1426/1588/1426 1389/1549/1389 1391/1551/1391
f  1391/1551/1391 1428/1590/1428 1426/1588/1426
f  1429/1591/1429 1428/1590/1428 1430/1592/1430
f  1430/1592/1430 1431/1593/1431 1429/1591/1429
f  1428/1590/1428 1391/1551/1391 1393/1553/1393
f  1393/1553/1393 1430/1592/1430 1428/1590/1428
f  1431/1593/1431 1430/1592/1430 1432/1594/1432
f  1432/1594/1432 1433/1595/1433 1431/1593/1431
f  1430/1592/1430 1393/1553/1393 1395/1555/1395
f  1395/1555/1395 1432/1594/1432 1430/1592/1430
f  1433/1595/1433 1432/1594/1432 1434/1596/1434
f  1434/1596/1434 1435/1597/1435 1433/1595/1433
f  1432/1594/1432 1395/1555/1395 1397/1557/1397
f  1397/1557/1397 1434/1596/1434 1432/1594/1432
f  1434/1596/1434 1402/1562/1402 1436/1598/1436
f  1436/1598/1436 1435/1597/1435 1434/1596/1434
f  1434/1596/1434 1397/1557/1397 1399/1559/1399
f  1399/1559/1399 1402/1562/1402 1434/1596/1434
f  1435/1597/1435 1436/1598/1436 1437/1599/1437
f  1437/1599/1437 1438/1600/1438 1435/1597/1435
f  1436/1598/1436 1405/1565/1405 1439/1601/1439
f  1439/1601/1439 1437/1599/1437 1436/1598/1436
f  1405/1565/1405 1436/1598/1436 1402/1562/1402
f  1402/1562/1402 1401/1561/1401 1405/1565/1405
f  1437/1599/1437 1439/1601/1439 1440/1602/1440
f  1440/1602/1440 1441/1603/1441 1437/1599/1437
f  1439/1601/1439 1442/1604/1442 1443/1605/1443
f  1443/1605/1443 1440/1602/1440 1439/1601/1439
f  1442/1604/1442 1439/1601/1439 1405/1565/1405
f  1405/1565/1405 1404/1564/1404 1442/1604/1442
f  1442/1604/1442 1444/1606/1444 1445/1607/1445
f  1445/1607/1445 1443/1605/1443 1442/1604/1442
f  1442/1604/1442 1404/1564/1404 1407/1567/1407
f  1407/1567/1407 1444/1606/1444 1442/1604/1442
f  1444/1606/1444 1446/1608/1446 1447/1609/1447
f  1447/1609/1447 1445/1607/1445 1444/1606/1444
f  1444/1606/1444 1407/1567/1407 1409/1569/1409
f  1409/1569/1409 1446/1608/1446 1444/1606/1444
f  1446/1608/1446 1448/1610/1448 1449/1611/1449
f  1449/1611/1449 1447/1609/1447 1446/1608/1446
f  1446/1608/1446 1409/1569/1409 1411/1571/1411
f  1411/1571/1411 1448/1610/1448 1446/1608/1446
f  1449/1611/1449 1448/1610/1448 1450/1612/1450
f  1450/1612/1450 1451/1613/1451 1449/1611/1449
f  1448/1610/1448 1411/1571/1411 1413/1573/1413
f  1413/1573/1413 1450/1612/1450 1448/1610/1448
f  1451/1614/1451 1450/1615/1450 1452/1616/1452
f  1452/1616/1452 1453/1617/1453 1451/1614/1451
f  1452/1616/1452 1450/1615/1450 1413/1577/1413
f  1413/1577/1413 1415/1576/1415 1452/1616/1452
f  1452/1616/1452 1454/1618/1454 1455/1619/1455
f  1455/1619/1455 1453/1617/1453 1452/1616/1452
f  1454/1618/1454 1452/1616/1452 1415/1576/1415
f  1415/1576/1415 1417/1579/1417 1454/1618/1454
f  1454/1618/1454 1456/1620/1456 1457/1621/1457
f  1457/1621/1457 1455/1619/1455 1454/1618/1454
f  1456/1620/1456 1454/1618/1454 1417/1579/1417
f  1417/1579/1417 1419/1581/1419 1456/1620/1456
f  1456/1620/1456 1458/1622/1458 1459/1623/1459
f  1459/1623/1459 1457/1621/1457 1456/1620/1456
f  1456/1620/1456 1419/1581/1419 1421/1583/1421
f  1421/1583/1421 1458/1622/1458 1456/1620/1456
f  1458/1622/1458 1460/1624/1460 1461/1625/1461
f  1461/1625/1461 1459/1623/1459 1458/1622/1458
f  1458/1622/1458 1421/1583/1421 1423/1585/1423
f  1423/1585/1423 1460/1624/1460 1458/1622/1458
f  1461/1625/1461 1460/1624/1460 1462/1626/1462
f  1462/1626/1462 1463/1627/1463 1461/1625/1461
f  1460/1624/1460 1423/1585/1423 1425/1587/1425
f  1425/1587/1425 1462/1626/1462 1460/1624/1460
f  1463/1627/1463 1462/1626/1462 1464/1628/1464
f  1464/1628/1464 1465/1629/1465 1463/1627/1463
f  1462/1626/1462 1425/1587/1425 1427/1589/1427
f  1427/1589/1427 1464/1628/1464 1462/1626/1462
f  1465/1629/1465 1464/1628/1464 1466/1630/1466
f  1466/1630/1466 1467/1631/1467 1465/1629/1465
f  1464/1628/1464 1427/1589/1427 1429/1591/1429
f  1429/1591/1429 1466/1630/1466 1464/1628/1464
f  1467/1631/1467 1466/1630/1466 1468/1632/1468
f  1468/1632/1468 1469/1633/1469 1467/1631/1467
f  1466/1630/1466 1429/1591/1429 1431/1593/1431
f  1431/1593/1431 1468/1632/1468 1466/1630/1466
f  1469/1633/1469 1468/1632/1468 1470/1634/1470
f  1470/1634/1470 1471/1635/1471 1469/1633/1469
f  1468/1632/1468 1431/1593/1431 1433/1595/1433
f  1433/1595/1433 1470/1634/1470 1468/1632/1468
f  1470/1634/1470 1438/1600/1438 1472/1636/1472
f  1472/1636/1472 1471/1635/1471 1470/1634/1470
f  1470/1634/1470 1433/1595/1433 1435/1597/1435
f  1435/1597/1435 1438/1600/1438 1470/1634/1470
f  1472/1636/1472 1473/1637/1473 1474/1638/1474
f  1474/1638/1474 1471/1635/1471 1472/1636/1472
f  1472/1636/1472 1441/1603/1441 1475/1639/1475
f  1475/1639/1475 1473/1637/1473 1472/1636/1472
f  1441/1603/1441 1472/1636/1472 1438/1600/1438
f  1438/1600/1438 1437/1599/1437 1441/1603/1441
f  1475/1639/1475 1476/1640/1476 1477/1641/1477
f  1477/1641/1477 1473/1637/1473 1475/1639/1475
f  1476/1640/1476 1475/1639/1475 1478/1642/1478
f  1478/1642/1478 1479/1643/1479 1476/1640/1476
f  1478/1642/1478 1475/1639/1475 1441/1603/1441
f  1441/1603/1441 1440/1602/1440 1478/1642/1478
f  1478/1642/1478 1480/1644/1480 1481/1645/1481
f  1481/1645/1481 1479/1643/1479 1478/1642/1478
f  1480/1644/1480 1478/1642/1478 1440/1602/1440
f  1440/1602/1440 1443/1605/1443 1480/1644/1480
f  1480/1644/1480 1482/1646/1482 1483/1647/1483
f  1483/1647/1483 1481/1645/1481 1480/1644/1480
f  1480/1644/1480 1443/1605/1443 1445/1607/1445
f  1445/1607/1445 1482/1646/1482 1480/1644/1480
f  1482/1646/1482 1484/1648/1484 1485/1649/1485
f  1485/1649/1485 1483/1647/1483 1482/1646/1482
f  1482/1646/1482 1445/1607/1445 1447/1609/1447
f  1447/1609/1447 1484/1648/1484 1482/1646/1482
f  1485/1649/1485 1484/1648/1484 1486/1650/1486
f  1486/1650/1486 1487/1651/1487 1485/1649/1485
f  1484/1648/1484 1447/1609/1447 1449/1611/1449
f  1449/1611/1449 1486/1650/1486 1484/1648/1484
f  1486/1650/1486 1488/1652/1488 1489/1653/1489
f  1489/1653/1489 1487/1651/1487 1486/1650/1486
f  1486/1650/1486 1449/1611/1449 1451/1613/1451
f  1451/1613/1451 1488/1652/1488 1486/1650/1486
f  1488/1654/1488 1490/1655/1490 1491/1656/1491
f  1491/1656/1491 1489/1657/1489 1488/1654/1488
f  1488/1654/1488 1451/1614/1451 1453/1617/1453
f  1453/1617/1453 1490/1655/1490 1488/1654/1488
f  1490/1655/1490 1492/1658/1492 1493/1659/1493
f  1493/1659/1493 1491/1656/1491 1490/1655/1490
f  1490/1655/1490 1453/1617/1453 1455/1619/1455
f  1455/1619/1455 1492/1658/1492 1490/1655/1490
f  1492/1658/1492 1494/1660/1494 1495/1661/1495
f  1495/1661/1495 1493/1659/1493 1492/1658/1492
f  1494/1660/1494 1492/1658/1492 1455/1619/1455
f  1455/1619/1455 1457/1621/1457 1494/1660/1494
f  1494/1660/1494 1496/1662/1496 1497/1663/1497
f  1497/1663/1497 1495/1661/1495 1494/1660/1494
f  1496/1662/1496 1494/1660/1494 1457/1621/1457
f  1457/1621/1457 1459/1623/1459 1496/1662/1496
f  1496/1662/1496 1498/1664/1498 1499/1665/1499
f  1499/1665/1499 1497/1663/1497 1496/1662/1496
f  1498/1664/1498 1496/1662/1496 1459/1623/1459
f  1459/1623/1459 1461/1625/1461 1498/1664/1498
f  1498/1664/1498 1500/1666/1500 1501/1667/1501
f  1501/1667/1501 1499/1665/1499 1498/1664/1498
f  1498/1664/1498 1461/1625/1461 1463/1627/1463
f  1463/1627/1463 1500/1666/1500 1498/1664/1498
f  1500/1666/1500 1502/1668/1502 1503/1669/1503
f  1503/1669/1503 1501/1667/1501 1500/1666/1500
f  1500/1666/1500 1463/1627/1463 1465/1629/1465
f  1465/1629/1465 1502/1668/1502 1500/1666/1500
f  1502/1668/1502 1504/1670/1504 1505/1671/1505
f  1505/1671/1505 1503/1669/1503 1502/1668/1502
f  1502/1668/1502 1465/1629/1465 1467/1631/1467
f  1467/1631/1467 1504/1670/1504 1502/1668/1502
f  1505/1671/1505 1504/1670/1504 1506/1672/1506
f  1506/1672/1506 1507/1673/1507 1505/1671/1505
f  1504/1670/1504 1467/1631/1467 1469/1633/1469
f  1469/1633/1469 1506/1672/1506 1504/1670/1504
f  1507/1673/1507 1506/1672/1506 1474/1638/1474
f  1474/1638/1474 1508/1674/1508 1507/1673/1507
f  1506/1672/1506 1469/1633/1469 1471/1635/1471
f  1471/1635/1471 1474/1638/1474 1506/1672/1506
f  1508/1674/1508 1509/1675/1509 1510/1676/1510
f  1510/1676/1510 1507/1673/1507 1508/1674/1508
f  1509/1675/1509 1508/1674/1508 1477/1641/1477
f  1477/1641/1477 1511/1677/1511 1509/1675/1509
f  1508/1674/1508 1474/1638/1474 1473/1637/1473
f  1473/1637/1473 1477/1641/1477 1508/1674/1508
f  1512/1678/1512 1513/1679/1513 1509/1675/1509
f  1509/1675/1509 1511/1677/1511 1512/1678/1512
f  1514/1680/1514 1515/1681/1515 1512/1678/1512
f  1512/1678/1512 1511/1677/1511 1514/1680/1514
f  1511/1677/1511 1477/1641/1477 1476/1640/1476
f  1476/1640/1476 1514/1680/1514 1511/1677/1511
f  1516/1682/1516 1517/1683/1517 1515/1681/1515
f  1515/1681/1515 1514/1680/1514 1516/1682/1516
f  1514/1680/1514 1476/1640/1476 1479/1643/1479
f  1479/1643/1479 1516/1682/1516 1514/1680/1514
f  1518/1684/1518 1519/1685/1519 1517/1683/1517
f  1517/1683/1517 1516/1682/1516 1518/1684/1518
f  1516/1682/1516 1479/1643/1479 1481/1645/1481
f  1481/1645/1481 1518/1684/1518 1516/1682/1516
f  1520/1686/1520 1521/1687/1521 1519/1685/1519
f  1519/1685/1519 1518/1684/1518 1520/1686/1520
f  1518/1684/1518 1481/1645/1481 1483/1647/1483
f  1483/1647/1483 1520/1686/1520 1518/1684/1518
f  1522/1688/1522 1523/1689/1523 1521/1687/1521
f  1521/1687/1521 1520/1686/1520 1522/1688/1522
f  1520/1686/1520 1483/1647/1483 1485/1649/1485
f  1485/1649/1485 1522/1688/1522 1520/1686/1520
f  1524/1690/1524 1525/1691/1525 1523/1689/1523
f  1523/1689/1523 1522/1688/1522 1524/1690/1524
f  1522/1688/1522 1485/1649/1485 1487/1651/1487
f  1487/1651/1487 1524/1690/1524 1522/1688/1522
f  1526/1692/1526 1525/1691/1525 1524/1690/1524
f  1524/1690/1524 1527/1693/1527 1526/1692/1526
f  1524/1690/1524 1487/1651/1487 1489/1653/1489
f  1489/1653/1489 1527/1693/1527 1524/1690/1524
f  1528/1694/1528 1529/1695/1529 1526/1696/1526
f  1526/1696/1526 1527/1697/1527 1528/1694/1528
f  1528/1694/1528 1527/1697/1527 1489/1657/1489
f  1489/1657/1489 1491/1656/1491 1528/1694/1528
f  1530/1698/1530 1529/1695/1529 1528/1694/1528
f  1528/1694/1528 1531/1699/1531 1530/1698/1530
f  1531/1699/1531 1528/1694/1528 1491/1656/1491
f  1491/1656/1491 1493/1659/1493 1531/1699/1531
f  1532/1700/1532 1530/1698/1530 1531/1699/1531
f  1531/1699/1531 1533/1701/1533 1532/1700/1532
f  1533/1701/1533 1531/1699/1531 1493/1659/1493
f  1493/1659/1493 1495/1661/1495 1533/1701/1533
f  1534/1702/1534 1532/1700/1532 1533/1701/1533
f  1533/1701/1533 1535/1703/1535 1534/1702/1534
f  1535/1703/1535 1533/1701/1533 1495/1661/1495
f  1495/1661/1495 1497/1663/1497 1535/1703/1535
f  1536/1704/1536 1537/1705/1537 1534/1702/1534
f  1534/1702/1534 1535/1703/1535 1536/1704/1536
f  1536/1704/1536 1535/1703/1535 1497/1663/1497
f  1497/1663/1497 1499/1665/1499 1536/1704/1536
f  1538/1706/1538 1539/1707/1539 1537/1705/1537
f  1537/1705/1537 1536/1704/1536 1538/1706/1538
f  1538/1706/1538 1536/1704/1536 1499/1665/1499
f  1499/1665/1499 1501/1667/1501 1538/1706/1538
f  1540/1708/1540 1541/1709/1541 1539/1707/1539
f  1539/1707/1539 1538/1706/1538 1540/1708/1540
f  1540/1708/1540 1538/1706/1538 1501/1667/1501
f  1501/1667/1501 1503/1669/1503 1540/1708/1540
f  1542/1710/1542 1543/1711/1543 1541/1709/1541
f  1541/1709/1541 1540/1708/1540 1542/1710/1542
f  1540/1708/1540 1503/1669/1503 1505/1671/1505
f  1505/1671/1505 1542/1710/1542 1540/1708/1540
f  1510/1676/1510 1544/1712/1544 1543/1711/1543
f  1543/1711/1543 1542/1710/1542 1510/1676/1510
f  1542/1710/1542 1505/1671/1505 1507/1673/1507
f  1507/1673/1507 1510/1676/1510 1542/1710/1542
f  1545/1713/1545 1546/1714/1546 1543/1711/1543
f  1543/1711/1543 1544/1712/1544 1545/1713/1545
f  1513/1679/1513 1547/1715/1547 1545/1713/1545
f  1545/1713/1545 1544/1712/1544 1513/1679/1513
f  1510/1676/1510 1509/1675/1509 1513/1679/1513
f  1513/1679/1513 1544/1712/1544 1510/1676/1510
f  1548/1716/1548 1549/1717/1549 1545/1713/1545
f  1545/1713/1545 1547/1715/1547 1548/1716/1548
f  100/108/100 99/107/99 1548/1716/1548
f  1548/1716/1548 1547/1715/1547 100/108/100
f  1513/1679/1513 1512/1678/1512 100/108/100
f  100/108/100 1547/1715/1547 1513/1679/1513
f  405/446/405 404/445/404 1549/1717/1549
f  1549/1717/1549 1548/1716/1548 405/446/405
f  99/107/99 1550/1718/1550 405/446/405
f  405/446/405 1548/1716/1548 99/107/99
f  99/107/99 102/110/102 1551/1719/1551
f  1551/1719/1551 1550/1718/1550 99/107/99
f  1552/1720/1552 399/440/399 405/446/405
f  405/446/405 1550/1718/1550 1552/1720/1552
f  1551/1719/1551 1553/1721/1553 1552/1720/1552
f  1552/1720/1552 1550/1718/1550 1551/1719/1551
f  1551/1719/1551 1519/1685/1519 1521/1687/1521
f  1521/1687/1521 1553/1721/1553 1551/1719/1551
f  1554/1722/1554 1555/1723/1555 1552/1720/1552
f  1552/1720/1552 1553/1721/1553 1554/1722/1554
f  1521/1687/1521 1523/1689/1523 1554/1722/1554
f  1554/1722/1554 1553/1721/1553 1521/1687/1521
f  1556/1724/1556 1557/1725/1557 1555/1723/1555
f  1555/1723/1555 1554/1722/1554 1556/1724/1556
f  1523/1689/1523 1525/1691/1525 1556/1724/1556
f  1556/1724/1556 1554/1722/1554 1523/1689/1523
f  1558/1726/1558 1559/1727/1559 1557/1725/1557
f  1557/1725/1557 1556/1724/1556 1558/1726/1558
f  1525/1691/1525 1526/1692/1526 1558/1726/1558
f  1558/1726/1558 1556/1724/1556 1525/1691/1525
f  1560/1728/1560 1561/1729/1561 1559/1730/1559
f  1559/1730/1559 1558/1731/1558 1560/1728/1560
f  1526/1696/1526 1529/1695/1529 1560/1728/1560
f  1560/1728/1560 1558/1731/1558 1526/1696/1526
f  1562/1732/1562 1563/1733/1563 1561/1729/1561
f  1561/1729/1561 1560/1728/1560 1562/1732/1562
f  1529/1695/1529 1530/1698/1530 1562/1732/1562
f  1562/1732/1562 1560/1728/1560 1529/1695/1529
f  1564/1734/1564 1565/1735/1565 1563/1733/1563
f  1563/1733/1563 1562/1732/1562 1564/1734/1564
f  1530/1698/1530 1532/1700/1532 1564/1734/1564
f  1564/1734/1564 1562/1732/1562 1530/1698/1530
f  1566/1736/1566 1567/1737/1567 1565/1735/1565
f  1565/1735/1565 1564/1734/1564 1566/1736/1566
f  1532/1700/1532 1534/1702/1534 1566/1736/1566
f  1566/1736/1566 1564/1734/1564 1532/1700/1532
f  1568/1738/1568 1569/1739/1569 1567/1737/1567
f  1567/1737/1567 1566/1736/1566 1568/1738/1568
f  1534/1702/1534 1537/1705/1537 1568/1738/1568
f  1568/1738/1568 1566/1736/1566 1534/1702/1534
f  1570/1740/1570 1571/1741/1571 1569/1739/1569
f  1569/1739/1569 1568/1738/1568 1570/1740/1570
f  1537/1705/1537 1539/1707/1539 1570/1740/1570
f  1570/1740/1570 1568/1738/1568 1537/1705/1537
f  1572/1742/1572 1573/1743/1573 1571/1741/1571
f  1571/1741/1571 1570/1740/1570 1572/1742/1572
f  1539/1707/1539 1541/1709/1541 1572/1742/1572
f  1572/1742/1572 1570/1740/1570 1539/1707/1539
f  1546/1714/1546 1574/1744/1574 1573/1743/1573
f  1573/1743/1573 1572/1742/1572 1546/1714/1546
f  1541/1709/1541 1543/1711/1543 1546/1714/1546
f  1546/1714/1546 1572/1742/1572 1541/1709/1541
f  403/444/403 1575/1745/1575 1573/1743/1573
f  1573/1743/1573 1574/1744/1574 403/444/403
f  1549/1717/1549 404/445/404 403/444/403
f  403/444/403 1574/1744/1574 1549/1717/1549
f  1546/1714/1546 1545/1713/1545 1549/1717/1549
f  1549/1717/1549 1574/1744/1574 1546/1714/1546
f  1576/1746/1576 1571/1741/1571 1573/1743/1573
f  1573/1743/1573 1575/1745/1575 1576/1746/1576
f  1577/1747/1577 1578/1748/1578 1576/1746/1576
f  1576/1746/1576 1575/1745/1575 1577/1747/1577
f  403/444/403 401/442/401 1577/1747/1577
f  1577/1747/1577 1575/1745/1575 403/444/403
f  1579/1749/1579 1580/1750/1580 1578/1748/1578
f  1578/1748/1578 1577/1747/1577 1579/1749/1579
f  401/442/401 400/441/400 1579/1749/1579
f  1579/1749/1579 1577/1747/1577 401/442/401
f  400/441/400 1555/1723/1555 1557/1725/1557
f  1557/1725/1557 1579/1749/1579 400/441/400
f  1557/1725/1557 1559/1727/1559 1580/1750/1580
f  1580/1750/1580 1579/1749/1579 1557/1725/1557
f  1581/1751/1581 1582/1752/1582 1578/1753/1578
f  1578/1753/1578 1580/1754/1580 1581/1751/1581
f  1559/1730/1559 1561/1729/1561 1581/1751/1581
f  1581/1751/1581 1580/1754/1580 1559/1730/1559
f  1583/1755/1583 1582/1752/1582 1581/1751/1581
f  1583/1755/1583 1581/1751/1581 1584/1756/1584
f  1561/1729/1561 1563/1733/1563 1584/1756/1584
f  1584/1756/1584 1581/1751/1581 1561/1729/1561
f  1583/1755/1583 1585/1757/1585 1586/1758/1586
f  1586/1758/1586 1582/1752/1582 1583/1755/1583
f  1586/1758/1586 1576/1746/1576 1578/1753/1578
f  1578/1753/1578 1582/1752/1582 1586/1758/1586
f  1585/1757/1585 1567/1737/1567 1569/1739/1569
f  1569/1739/1569 1586/1758/1586 1585/1757/1585
f  1569/1739/1569 1571/1741/1571 1576/1746/1576
f  1576/1746/1576 1586/1758/1586 1569/1739/1569
f  1585/1757/1585 1587/1759/1587 1565/1735/1565
f  1565/1735/1565 1567/1737/1567 1585/1757/1585
f  1587/1759/1587 1584/1756/1584 1563/1733/1563
f  1563/1733/1563 1565/1735/1565 1587/1759/1587
f  400/441/400 399/440/399 1552/1720/1552
f  1552/1720/1552 1555/1723/1555 400/441/400
f  102/110/102 1517/1683/1517 1519/1685/1519
f  1519/1685/1519 1551/1719/1551 102/110/102
f  102/110/102 101/109/101 1515/1681/1515
f  1515/1681/1515 1517/1683/1517 102/110/102
f  101/109/101 100/108/100 1512/1678/1512
f  1512/1678/1512 1515/1681/1515 101/109/101
f  1291/1445/1291 1285/1439/1285 1284/1438/1284
f  1284/1438/1284 1288/1442/1288 1291/1445/1291
f  1247/1398/1247 1250/1401/1250 1244/1395/1244
f  1244/1395/1244 1243/1394/1243 1247/1398/1247
f  1203/1351/1203 1207/1355/1207 1200/1348/1200
f  1200/1348/1200 1199/1347/1199 1203/1351/1203
f  1111/1247/1111 896/1020/896 898/1022/898
f  898/1022/898 1109/1245/1109 1111/1247/1111
f  896/1020/896 1111/1247/1111 1588/1760/1588
f  1588/1760/1588 894/1018/894 896/1020/896
f  1111/1247/1111 1105/1241/1105 109/117/109
f  109/117/109 1588/1760/1588 1111/1247/1111
f  894/1018/894 1588/1760/1588 1589/1761/1589
f  1589/1761/1589 892/1016/892 894/1018/894
f  1588/1760/1588 109/117/109 103/111/103
f  103/111/103 1589/1761/1589 1588/1760/1588
f  892/1016/892 1589/1761/1589 513/564/513
f  513/564/513 890/1014/890 892/1016/892
f  1589/1761/1589 103/111/103 106/114/106
f  106/114/106 513/564/513 1589/1761/1589
f  1109/1245/1109 898/1022/898 900/1024/900
f  900/1024/900 906/1030/906 1109/1245/1109
f  1110/1246/1110 906/1030/906 905/1029/905
f  905/1029/905 911/1035/911 1110/1246/1110
f  1097/1230/1097 1590/1762/1590 1591/1763/1591
f  1591/1763/1591 1592/1764/1592 1097/1230/1097
f  1590/1762/1590 1097/1230/1097 1093/1229/1093
f  1093/1229/1093 1092/1765/1092 1590/1762/1590
f  108/116/108 1097/1230/1097 1592/1764/1592
f  1592/1764/1592 104/112/104 108/116/108
f  1590/1762/1590 1593/1766/1593 1594/1767/1594
f  1594/1767/1594 1591/1763/1591 1590/1762/1590
f  1593/1766/1593 1590/1762/1590 1092/1765/1092
f  1092/1765/1092 1595/1768/1595 1593/1766/1593
f  1595/1768/1595 1596/1769/1596 1597/1770/1597
f  1597/1770/1597 1593/1766/1593 1595/1768/1595
f  1596/1771/1596 1595/1772/1595 437/479/437
f  437/479/437 434/476/434 1596/1771/1596
f  1595/1772/1595 1092/1223/1092 1088/1219/1088
f  1088/1219/1088 437/479/437 1595/1772/1595
f  1596/1769/1596 1598/1773/1598 1599/1774/1599
f  1599/1774/1599 1597/1770/1597 1596/1769/1596
f  1598/1775/1598 1596/1771/1596 434/476/434
f  434/476/434 435/477/435 1598/1775/1598
f  1598/1773/1598 1600/1776/1600 1601/1777/1601
f  1601/1777/1601 1599/1774/1599 1598/1773/1598
f  1600/1776/1600 1598/1773/1598 435/1778/435
f  435/1778/435 1602/1779/1602 1600/1776/1600
f  1602/1779/1602 1603/1780/1603 1604/1781/1604
f  1604/1781/1604 1600/1776/1600 1602/1779/1602
f  1603/1780/1603 1602/1779/1602 1605/1782/1605
f  1605/1782/1605 1606/1783/1606 1603/1780/1603
f  1602/1784/1602 435/477/435 433/475/433
f  433/475/433 1605/1785/1605 1602/1784/1602
f  1606/1783/1606 1605/1782/1605 83/1786/83
f  83/1786/83 65/72/65 1606/1783/1606
f  1605/1785/1605 433/475/433 79/87/79
f  79/87/79 83/91/83 1605/1785/1605
f  1606/1783/1606 1607/1787/1607 1608/1788/1608
f  1608/1788/1608 1603/1780/1603 1606/1783/1606
f  1607/1787/1607 1606/1783/1606 65/72/65
f  65/72/65 64/71/64 1607/1787/1607
f  1607/1787/1607 1609/1789/1609 1610/1790/1610
f  1610/1790/1610 1608/1788/1608 1607/1787/1607
f  1609/1789/1609 1607/1787/1607 64/71/64
f  64/71/64 66/74/66 1609/1789/1609
f  1609/1789/1609 1611/1791/1611 1612/1792/1612
f  1612/1792/1612 1610/1790/1610 1609/1789/1609
f  1611/1791/1611 1609/1789/1609 66/74/66
f  66/74/66 1613/1793/1613 1611/1791/1611
f  1613/1793/1613 1614/1794/1614 1615/1795/1615
f  1615/1795/1615 1611/1791/1611 1613/1793/1613
f  1613/1793/1613 1616/1796/1616 1617/1797/1617
f  1617/1797/1617 1614/1794/1614 1613/1793/1613
f  1616/1796/1616 1613/1793/1613 66/74/66
f  66/74/66 63/73/63 1616/1796/1616
f  1616/1798/1616 54/59/54 50/55/50
f  50/55/50 1617/1799/1617 1616/1798/1616
f  54/59/54 1616/1798/1616 63/70/63
f  63/70/63 51/56/51 54/59/54
f  1614/1794/1614 1617/1797/1617 33/42/33
f  33/42/33 37/41/37 1614/1794/1614
f  1617/1799/1617 50/55/50 34/37/34
f  34/37/34 33/36/33 1617/1799/1617
f  1615/1795/1615 1614/1794/1614 37/41/37
f  37/41/37 1618/1800/1618 1615/1795/1615
f  1618/1800/1618 1619/1801/1619 1620/1802/1620
f  1620/1802/1620 1621/1803/1621 1618/1800/1618
f  1618/1800/1618 37/41/37 36/40/36
f  36/40/36 1619/1801/1619 1618/1800/1618
f  1618/1800/1618 1621/1803/1621 1622/1804/1622
f  1622/1804/1622 1615/1795/1615 1618/1800/1618
f  1622/1804/1622 1621/1803/1621 1623/1805/1623
f  1623/1805/1623 1624/1806/1624 1622/1804/1622
f  1622/1804/1622 1612/1792/1612 1611/1791/1611
f  1611/1791/1611 1615/1795/1615 1622/1804/1622
f  1612/1792/1612 1622/1804/1622 1624/1806/1624
f  1624/1806/1624 1625/1807/1625 1612/1792/1612
f  1625/1807/1625 1624/1806/1624 1626/1808/1626
f  1626/1808/1626 1627/1809/1627 1625/1807/1625
f  1625/1807/1625 1628/1810/1628 1610/1790/1610
f  1610/1790/1610 1612/1792/1612 1625/1807/1625
f  1628/1810/1628 1625/1807/1625 1627/1809/1627
f  1627/1809/1627 1629/1811/1629 1628/1810/1628
f  1629/1811/1629 1627/1809/1627 1630/1812/1630
f  1630/1812/1630 1631/1813/1631 1629/1811/1629
f  1629/1811/1629 1632/1814/1632 1633/1815/1633
f  1633/1815/1633 1628/1810/1628 1629/1811/1629
f  1632/1814/1632 1629/1811/1629 1631/1813/1631
f  1631/1813/1631 1634/1816/1634 1632/1814/1632
f  1634/1816/1634 1631/1813/1631 1635/1817/1635
f  1635/1817/1635 1636/1818/1636 1634/1816/1634
f  1634/1816/1634 1637/1819/1637 1638/1820/1638
f  1638/1820/1638 1632/1814/1632 1634/1816/1634
f  1637/1819/1637 1634/1816/1634 1636/1818/1636
f  1636/1818/1636 1639/1821/1639 1637/1819/1637
f  1639/1821/1639 1636/1818/1636 1640/1822/1640
f  1640/1822/1640 1641/1823/1641 1639/1821/1639
f  1639/1821/1639 1642/1824/1642 1643/1825/1643
f  1643/1825/1643 1637/1819/1637 1639/1821/1639
f  1642/1824/1642 1639/1821/1639 1641/1823/1641
f  1641/1823/1641 1644/1826/1644 1642/1824/1642
f  1644/1826/1644 1641/1823/1641 1645/1827/1645
f  1645/1827/1645 1646/1828/1646 1644/1826/1644
f  1644/1826/1644 1647/1829/1647 1648/1830/1648
f  1648/1830/1648 1642/1824/1642 1644/1826/1644
f  1647/1829/1647 1644/1826/1644 1646/1828/1646
f  1646/1828/1646 1649/1831/1649 1647/1829/1647
f  1649/1831/1649 1646/1828/1646 1650/1832/1650
f  1650/1832/1650 1651/1833/1651 1649/1831/1649
f  1649/1831/1649 1652/1834/1652 1653/1835/1653
f  1653/1835/1653 1647/1829/1647 1649/1831/1649
f  1652/1834/1652 1649/1831/1649 1651/1833/1651
f  1651/1833/1651 1654/1836/1654 1652/1834/1652
f  1654/1837/1654 1651/1838/1651 492/541/492
f  492/541/492 491/540/491 1654/1837/1654
f  1654/1836/1654 502/552/502 504/555/504
f  504/555/504 1652/1834/1652 1654/1836/1654
f  502/551/502 1654/1837/1654 491/540/491
f  491/540/491 494/543/494 502/551/502
f  1652/1834/1652 504/555/504 506/557/506
f  506/557/506 1653/1835/1653 1652/1834/1652
f  1647/1829/1647 1653/1835/1653 1655/1839/1655
f  1655/1839/1655 1648/1830/1648 1647/1829/1647
f  1653/1835/1653 506/557/506 1656/1840/1656
f  1656/1840/1656 1655/1839/1655 1653/1835/1653
f  1655/1839/1655 1656/1840/1656 1594/1767/1594
f  1594/1767/1594 1657/1841/1657 1655/1839/1655
f  1656/1840/1656 509/560/509 1591/1763/1591
f  1591/1763/1591 1594/1767/1594 1656/1840/1656
f  509/560/509 1656/1840/1656 506/557/506
f  506/557/506 505/556/505 509/560/509
f  1657/1841/1657 1658/1842/1658 1648/1830/1648
f  1648/1830/1648 1655/1839/1655 1657/1841/1657
f  1658/1842/1658 1657/1841/1657 1597/1770/1597
f  1597/1770/1597 1599/1774/1599 1658/1842/1658
f  1657/1841/1657 1594/1767/1594 1593/1766/1593
f  1593/1766/1593 1597/1770/1597 1657/1841/1657
f  1658/1842/1658 1643/1825/1643 1642/1824/1642
f  1642/1824/1642 1648/1830/1648 1658/1842/1658
f  1643/1825/1643 1658/1842/1658 1599/1774/1599
f  1599/1774/1599 1601/1777/1601 1643/1825/1643
f  1650/1843/1650 1659/1844/1659 1660/1845/1660
f  1660/1845/1660 1661/1846/1661 1650/1843/1650
f  1659/1847/1659 1650/1832/1650 1646/1828/1646
f  1646/1828/1646 1645/1827/1645 1659/1847/1659
f  1651/1838/1651 1650/1848/1650 1661/1849/1661
f  1661/1849/1661 492/541/492 1651/1838/1651
f  1659/1844/1659 1662/1850/1662 1663/1851/1663
f  1663/1851/1663 1660/1845/1660 1659/1844/1659
f  1662/1852/1662 1659/1847/1659 1645/1827/1645
f  1645/1827/1645 1664/1853/1664 1662/1852/1662
f  1664/1853/1664 1665/1854/1665 1666/1855/1666
f  1666/1855/1666 1662/1852/1662 1664/1853/1664
f  1665/1854/1665 1664/1853/1664 1640/1822/1640
f  1640/1822/1640 1667/1856/1667 1665/1854/1665
f  1664/1853/1664 1645/1827/1645 1641/1823/1641
f  1641/1823/1641 1640/1822/1640 1664/1853/1664
f  1667/1856/1667 1668/1857/1668 1669/1858/1669
f  1669/1858/1669 1665/1854/1665 1667/1856/1667
f  1668/1857/1668 1667/1856/1667 1635/1817/1635
f  1635/1817/1635 1670/1859/1670 1668/1857/1668
f  1667/1856/1667 1640/1822/1640 1636/1818/1636
f  1636/1818/1636 1635/1817/1635 1667/1856/1667
f  1670/1859/1670 1671/1860/1671 1672/1861/1672
f  1672/1861/1672 1668/1857/1668 1670/1859/1670
f  1671/1860/1671 1670/1859/1670 1630/1812/1630
f  1630/1812/1630 1673/1862/1673 1671/1860/1671
f  1670/1859/1670 1635/1817/1635 1631/1813/1631
f  1631/1813/1631 1630/1812/1630 1670/1859/1670
f  1673/1862/1673 1674/1863/1674 71/79/71
f  71/79/71 1671/1860/1671 1673/1862/1673
f  1674/1863/1674 1673/1862/1673 1626/1808/1626
f  1626/1808/1626 1675/1864/1675 1674/1863/1674
f  1673/1862/1673 1630/1812/1630 1627/1809/1627
f  1627/1809/1627 1626/1808/1626 1673/1862/1673
f  1675/1864/1675 1676/1865/1676 1677/1866/1677
f  1677/1866/1677 1674/1863/1674 1675/1864/1675
f  1676/1865/1676 1675/1864/1675 1623/1805/1623
f  1623/1805/1623 1678/1867/1678 1676/1865/1676
f  1675/1864/1675 1626/1808/1626 1624/1806/1624
f  1624/1806/1624 1623/1805/1623 1675/1864/1675
f  1678/1867/1678 1679/1868/1679 1680/1869/1680
f  1680/1869/1680 1676/1865/1676 1678/1867/1678
f  1679/1868/1679 1678/1867/1678 1620/1802/1620
f  1620/1802/1620 1681/1870/1681 1679/1868/1679
f  1678/1867/1678 1623/1805/1623 1621/1803/1621
f  1621/1803/1621 1620/1802/1620 1678/1867/1678
f  1681/1870/1681 1682/1871/1682 1683/1872/1683
f  1683/1872/1683 1679/1868/1679 1681/1870/1681
f  1682/1871/1682 1681/1870/1681 1684/1873/1684
f  1684/1873/1684 1685/1874/1685 1682/1871/1682
f  1681/1870/1681 1620/1802/1620 1619/1801/1619
f  1619/1801/1619 1684/1873/1684 1681/1870/1681
f  1685/1874/1685 1684/1873/1684 38/43/38
f  38/43/38 1686/1875/1686 1685/1874/1685
f  1684/1873/1684 1619/1801/1619 36/40/36
f  36/40/36 38/43/38 1684/1873/1684
f  1686/1875/1686 1687/1876/1687 1688/1877/1688
f  1688/1877/1688 1685/1874/1685 1686/1875/1686
f  1687/1876/1687 1686/1875/1686 1689/1878/1689
f  1689/1878/1689 1690/1879/1690 1687/1876/1687
f  1686/1875/1686 38/43/38 35/38/35
f  35/38/35 1689/1878/1689 1686/1875/1686
f  1690/1879/1690 1689/1878/1689 1691/1880/1691
f  1691/1880/1691 1692/1881/1692 1690/1879/1690
f  1689/1878/1689 35/38/35 28/30/28
f  28/30/28 1691/1880/1691 1689/1878/1689
f  1692/1881/1692 1691/1880/1691 1693/1882/1693
f  1693/1882/1693 1694/1883/1694 1692/1881/1692
f  1691/1880/1691 28/30/28 26/28/26
f  26/28/26 1693/1882/1693 1691/1880/1691
f  1694/1883/1694 1693/1882/1693 1031/1155/1031
f  1031/1155/1031 1030/1154/1030 1694/1883/1694
f  1693/1882/1693 26/28/26 27/29/27
f  27/29/27 1031/1155/1031 1693/1882/1693
f  1694/1883/1694 1695/1884/1695 1696/1885/1696
f  1696/1885/1696 1692/1881/1692 1694/1883/1694
f  1695/1884/1695 1694/1883/1694 1030/1154/1030
f  1030/1154/1030 1697/1886/1697 1695/1884/1695
f  1697/1886/1697 1698/1887/1698 1699/1888/1699
f  1699/1888/1699 1695/1884/1695 1697/1886/1697
f  1698/1887/1698 1697/1886/1697 1025/1149/1025
f  1025/1149/1025 1700/1889/1700 1698/1887/1698
f  1697/1886/1697 1030/1154/1030 1026/1150/1026
f  1026/1150/1026 1025/1149/1025 1697/1886/1697
f  1700/1889/1700 1701/1890/1701 1702/1891/1702
f  1702/1891/1702 1698/1887/1698 1700/1889/1700
f  1701/1890/1701 1700/1889/1700 1020/1144/1020
f  1020/1144/1020 1703/1892/1703 1701/1890/1701
f  1700/1889/1700 1025/1149/1025 1021/1145/1021
f  1021/1145/1021 1020/1144/1020 1700/1889/1700
f  1703/1892/1703 1704/1893/1704 1705/1894/1705
f  1705/1894/1705 1701/1890/1701 1703/1892/1703
f  1704/1893/1704 1703/1892/1703 1015/1139/1015
f  1015/1139/1015 1706/1895/1706 1704/1893/1704
f  1703/1892/1703 1020/1144/1020 1016/1140/1016
f  1016/1140/1016 1015/1139/1015 1703/1892/1703
f  1706/1895/1706 1707/1896/1707 1708/1897/1708
f  1708/1897/1708 1704/1893/1704 1706/1895/1706
f  1706/1895/1706 15/15/15 14/14/14
f  14/14/14 1707/1896/1707 1706/1895/1706
f  1706/1895/1706 1015/1139/1015 1011/1135/1011
f  1011/1135/1011 15/15/15 1706/1895/1706
f  1707/1896/1707 389/427/389 1709/1898/1709
f  1709/1898/1709 1708/1897/1708 1707/1896/1707
f  1707/1896/1707 14/14/14 19/19/19
f  19/19/19 389/427/389 1707/1896/1707
f  1709/1898/1709 1710/1899/1710 1711/1900/1711
f  1711/1900/1711 1712/1901/1712 1709/1898/1709
f  1710/1899/1710 1709/1898/1709 389/427/389
f  389/427/389 383/421/383 1710/1899/1710
f  1709/1898/1709 1712/1901/1712 1713/1902/1713
f  1713/1902/1713 1708/1897/1708 1709/1898/1709
f  1714/1903/1714 1713/1902/1713 1712/1901/1712
f  1712/1901/1712 1715/1904/1715 1714/1903/1714
f  1708/1897/1708 1713/1902/1713 1705/1894/1705
f  1705/1894/1705 1704/1893/1704 1708/1897/1708
f  1713/1902/1713 1714/1903/1714 1716/1905/1716
f  1716/1905/1716 1705/1894/1705 1713/1902/1713
f  1717/1906/1717 1716/1905/1716 1714/1903/1714
f  1714/1903/1714 1718/1907/1718 1717/1906/1717
f  1716/1905/1716 1702/1891/1702 1701/1890/1701
f  1701/1890/1701 1705/1894/1705 1716/1905/1716
f  1702/1891/1702 1716/1905/1716 1717/1906/1717
f  1717/1906/1717 1719/1908/1719 1702/1891/1702
f  1720/1909/1720 1719/1908/1719 1717/1906/1717
f  1717/1906/1717 1721/1910/1721 1720/1909/1720
f  1719/1908/1719 1699/1888/1699 1698/1887/1698
f  1698/1887/1698 1702/1891/1702 1719/1908/1719
f  1719/1908/1719 1720/1909/1720 1722/1911/1722
f  1722/1911/1722 1699/1888/1699 1719/1908/1719
f  1723/1912/1723 1722/1911/1722 1720/1909/1720
f  1720/1909/1720 1724/1913/1724 1723/1912/1723
f  1699/1888/1699 1722/1911/1722 1696/1885/1696
f  1696/1885/1696 1695/1884/1695 1699/1888/1699
f  1722/1911/1722 1723/1912/1723 1725/1914/1725
f  1725/1914/1725 1696/1885/1696 1722/1911/1722
f  1726/1915/1726 1725/1914/1725 1723/1912/1723
f  1723/1912/1723 1727/1916/1727 1726/1915/1726
f  1725/1914/1725 1690/1879/1690 1692/1881/1692
f  1692/1881/1692 1696/1885/1696 1725/1914/1725
f  1725/1914/1725 1726/1915/1726 1687/1876/1687
f  1687/1876/1687 1690/1879/1690 1725/1914/1725
f  1728/1917/1728 1727/1916/1727 1729/1918/1729
f  1729/1918/1729 1730/1919/1730 1728/1917/1728
f  1727/1916/1727 1723/1912/1723 1724/1913/1724
f  1724/1913/1724 1729/1918/1729 1727/1916/1727
f  1727/1916/1727 1728/1917/1728 1731/1920/1731
f  1731/1920/1731 1726/1915/1726 1727/1916/1727
f  1732/1921/1732 1731/1920/1731 1728/1917/1728
f  1728/1917/1728 1733/1922/1733 1732/1921/1732
f  1726/1915/1726 1731/1920/1731 1688/1877/1688
f  1688/1877/1688 1687/1876/1687 1726/1915/1726
f  1688/1877/1688 1731/1920/1731 1732/1921/1732
f  1732/1921/1732 1734/1923/1734 1688/1877/1688
f  1734/1923/1734 1732/1921/1732 1735/1924/1735
f  1735/1924/1735 1736/1925/1736 1734/1923/1734
f  1734/1923/1734 1682/1871/1682 1685/1874/1685
f  1685/1874/1685 1688/1877/1688 1734/1923/1734
f  1682/1871/1682 1734/1923/1734 1736/1925/1736
f  1736/1925/1736 1683/1872/1683 1682/1871/1682
f  1735/1924/1735 1737/1926/1737 426/1927/426
f  426/1927/426 1738/1928/1738 1735/1924/1735
f  1737/1926/1737 1735/1924/1735 1732/1921/1732
f  1732/1921/1732 1733/1922/1733 1737/1926/1737
f  1736/1925/1736 1735/1924/1735 1738/1928/1738
f  1738/1928/1738 1739/1929/1739 1736/1925/1736
f  1739/1929/1739 1738/1928/1738 1740/1930/1740
f  1740/1930/1740 397/437/397 1739/1929/1739
f  1739/1929/1739 1741/1931/1741 1683/1872/1683
f  1683/1872/1683 1736/1925/1736 1739/1929/1739
f  1741/1931/1741 1739/1929/1739 397/437/397
f  397/437/397 396/436/396 1741/1931/1741
f  1741/1931/1741 1680/1869/1680 1679/1868/1679
f  1679/1868/1679 1683/1872/1683 1741/1931/1741
f  1680/1869/1680 1741/1931/1741 396/436/396
f  396/436/396 398/439/398 1680/1869/1680
f  1737/1932/1737 1742/1933/1742 427/469/427
f  427/469/427 426/468/426 1737/1932/1737
f  1737/1926/1737 1733/1922/1733 1743/1934/1743
f  1743/1934/1743 1742/1935/1742 1737/1926/1737
f  1742/1935/1742 1743/1934/1743 1744/1936/1744
f  1744/1936/1744 1745/1937/1745 1742/1935/1742
f  1743/1934/1743 1730/1919/1730 1746/1938/1746
f  1746/1938/1746 1744/1936/1744 1743/1934/1743
f  1730/1919/1730 1743/1934/1743 1733/1922/1733
f  1733/1922/1733 1728/1917/1728 1730/1919/1730
f  1744/1936/1744 1746/1938/1746 1747/1939/1747
f  1747/1939/1747 1748/1940/1748 1744/1936/1744
f  1746/1938/1746 1749/1941/1749 1750/1942/1750
f  1750/1942/1750 1747/1939/1747 1746/1938/1746
f  1749/1941/1749 1746/1938/1746 1730/1919/1730
f  1730/1919/1730 1729/1918/1729 1749/1941/1749
f  1749/1941/1749 1751/1943/1751 1752/1944/1752
f  1752/1944/1752 1750/1942/1750 1749/1941/1749
f  1751/1943/1751 1749/1941/1749 1729/1918/1729
f  1729/1918/1729 1724/1913/1724 1751/1943/1751
f  1751/1943/1751 1721/1910/1721 1753/1945/1753
f  1753/1945/1753 1752/1944/1752 1751/1943/1751
f  1721/1910/1721 1751/1943/1751 1724/1913/1724
f  1724/1913/1724 1720/1909/1720 1721/1910/1721
f  1752/1944/1752 1753/1945/1753 1754/1946/1754
f  1754/1946/1754 1755/1947/1755 1752/1944/1752
f  1753/1945/1753 1718/1907/1718 1756/1948/1756
f  1756/1948/1756 1754/1946/1754 1753/1945/1753
f  1718/1907/1718 1753/1945/1753 1721/1910/1721
f  1721/1910/1721 1717/1906/1717 1718/1907/1718
f  1754/1946/1754 1756/1948/1756 1757/1949/1757
f  1757/1949/1757 1758/1950/1758 1754/1946/1754
f  1756/1948/1756 1715/1904/1715 1759/1951/1759
f  1759/1951/1759 1757/1949/1757 1756/1948/1756
f  1715/1904/1715 1756/1948/1756 1718/1907/1718
f  1718/1907/1718 1714/1903/1714 1715/1904/1715
f  1757/1949/1757 1759/1951/1759 12/12/12
f  12/12/12 11/11/11 1757/1949/1757
f  1759/1951/1759 1711/1900/1711 1760/1952/1760
f  1760/1952/1760 12/12/12 1759/1951/1759
f  1759/1951/1759 1715/1904/1715 1712/1901/1712
f  1712/1901/1712 1711/1900/1711 1759/1951/1759
f  12/12/12 1760/1952/1760 1761/1953/1761
f  1761/1953/1761 7/7/7 12/12/12
f  1760/1952/1760 1762/1954/1762 1763/1955/1763
f  1763/1955/1763 1761/1953/1761 1760/1952/1760
f  1762/1954/1762 1760/1952/1760 1711/1900/1711
f  1711/1900/1711 1710/1899/1710 1762/1954/1762
f  1762/1954/1762 386/424/386 1764/1956/1764
f  1764/1956/1764 1763/1955/1763 1762/1954/1762
f  1762/1954/1762 1710/1899/1710 383/421/383
f  383/421/383 386/424/386 1762/1954/1762
f  1763/1955/1763 1764/1956/1764 1765/1957/1765
f  1765/1957/1765 1766/1958/1766 1763/1955/1763
f  1764/1956/1764 1767/1959/1767 1768/1960/1768
f  1768/1960/1768 1765/1957/1765 1764/1956/1764
f  1767/1959/1767 1764/1956/1764 386/424/386
f  386/424/386 385/423/385 1767/1959/1767
f  1765/1957/1765 1768/1960/1768 1769/1961/1769
f  1769/1961/1769 1770/1962/1770 1765/1957/1765
f  1770/1962/1770 1769/1961/1769 1771/1963/1771
f  1771/1963/1771 1772/1964/1772 1770/1962/1770
f  1772/1964/1772 1771/1963/1771 1773/1965/1773
f  1773/1965/1773 1774/1966/1774 1772/1964/1772
f  1774/1966/1774 1773/1965/1773 1775/1967/1775
f  1775/1967/1775 1776/1968/1776 1774/1966/1774
f  1776/1969/1776 1775/1970/1775 1777/1971/1777
f  1777/1971/1777 1778/1972/1778 1776/1969/1776
f  1778/1972/1778 1777/1971/1777 1779/1973/1779
f  1779/1973/1779 1780/1974/1780 1778/1972/1778
f  1780/1974/1780 1779/1973/1779 1781/1975/1781
f  1781/1975/1781 1782/1976/1782 1780/1974/1780
f  1782/1976/1782 1781/1975/1781 1783/1977/1783
f  1783/1977/1783 1784/1978/1784 1782/1976/1782
f  1784/1978/1784 1783/1977/1783 1785/1979/1785
f  1785/1979/1785 1786/1980/1786 1784/1978/1784
f  1786/1980/1786 1785/1979/1785 1787/1981/1787
f  1787/1981/1787 1788/1982/1788 1786/1980/1786
f  1788/1982/1788 1787/1981/1787 1789/1983/1789
f  1789/1983/1789 1790/1984/1790 1788/1982/1788
f  1790/1984/1790 1789/1983/1789 1791/1985/1791
f  1791/1985/1791 1792/1986/1792 1790/1984/1790
f  1791/1985/1791 1793/1987/1793 1794/1988/1794
f  1794/1988/1794 1792/1986/1792 1791/1985/1791
f  1793/1987/1793 1795/1989/1795 467/509/467
f  467/509/467 1794/1988/1794 1793/1987/1793
f  467/509/467 1795/1989/1795 472/514/472
f  472/514/472 466/508/466 467/509/467
f  1794/1988/1794 462/504/462 1796/1990/1796
f  1796/1990/1796 1792/1986/1792 1794/1988/1794
f  462/504/462 1794/1988/1794 467/509/467
f  467/509/467 461/503/461 462/504/462
f  1792/1986/1792 1796/1990/1796 1797/1991/1797
f  1797/1991/1797 1790/1984/1790 1792/1986/1792
f  1796/1990/1796 457/499/457 1798/1992/1798
f  1798/1992/1798 1797/1991/1797 1796/1990/1796
f  457/499/457 1796/1990/1796 462/504/462
f  462/504/462 456/498/456 457/499/457
f  1797/1991/1797 1798/1992/1798 1799/1993/1799
f  1799/1993/1799 1800/1994/1800 1797/1991/1797
f  1798/1992/1798 452/494/452 1801/1995/1801
f  1801/1995/1801 1799/1993/1799 1798/1992/1798
f  452/494/452 1798/1992/1798 457/499/457
f  457/499/457 451/493/451 452/494/452
f  1799/1993/1799 1801/1995/1801 1802/1996/1802
f  1802/1996/1802 1803/1997/1803 1799/1993/1799
f  1801/1995/1801 448/490/448 1804/1998/1804
f  1804/1998/1804 1802/1996/1802 1801/1995/1801
f  448/490/448 1801/1995/1801 452/494/452
f  452/494/452 446/488/446 448/490/448
f  1802/1996/1802 1804/1998/1804 440/482/440
f  440/482/440 1805/1999/1805 1802/1996/1802
f  1804/1998/1804 1806/2000/1806 441/483/441
f  441/483/441 440/482/440 1804/1998/1804
f  1806/2000/1806 1804/1998/1804 448/490/448
f  448/490/448 447/489/447 1806/2000/1806
f  1806/2000/1806 430/472/430 429/471/429
f  429/471/429 441/483/441 1806/2000/1806
f  430/472/430 1806/2000/1806 447/489/447
f  447/489/447 449/491/449 430/472/430
f  1807/2001/1807 1805/1999/1805 1808/2002/1808
f  1808/2002/1808 1809/2003/1809 1807/2001/1807
f  1805/1999/1805 440/482/440 439/481/439
f  439/481/439 1808/2002/1808 1805/1999/1805
f  1805/1999/1805 1807/2001/1807 1803/1997/1803
f  1803/1997/1803 1802/1996/1802 1805/1999/1805
f  1809/2003/1809 1808/2002/1808 1810/2004/1810
f  1810/2004/1810 1811/2005/1811 1809/2003/1809
f  1808/2002/1808 439/481/439 3/3/3
f  3/3/3 1810/2004/1810 1808/2002/1808
f  1811/2005/1811 1810/2004/1810 5/5/5
f  5/5/5 1812/2006/1812 1811/2005/1811
f  1810/2004/1810 3/3/3 2/2/2
f  2/2/2 5/5/5 1810/2004/1810
f  1813/2007/1813 1812/2006/1812 1814/2008/1814
f  1814/2008/1814 1815/2009/1815 1813/2007/1813
f  1812/2006/1812 5/5/5 6/6/6
f  6/6/6 1814/2008/1814 1812/2006/1812
f  1812/2006/1812 1813/2007/1813 1816/2010/1816
f  1816/2010/1816 1811/2005/1811 1812/2006/1812
f  1780/1974/1780 1816/2010/1816 1813/2007/1813
f  1813/2007/1813 1778/1972/1778 1780/1974/1780
f  1811/2005/1811 1816/2010/1816 1817/2011/1817
f  1817/2011/1817 1809/2003/1809 1811/2005/1811
f  1816/2010/1816 1780/1974/1780 1782/1976/1782
f  1782/1976/1782 1817/2011/1817 1816/2010/1816
f  1809/2003/1809 1817/2011/1817 1818/2012/1818
f  1818/2012/1818 1807/2001/1807 1809/2003/1809
f  1817/2011/1817 1782/1976/1782 1784/1978/1784
f  1784/1978/1784 1818/2012/1818 1817/2011/1817
f  1807/2001/1807 1818/2012/1818 1819/2013/1819
f  1819/2013/1819 1803/1997/1803 1807/2001/1807
f  1818/2012/1818 1784/1978/1784 1786/1980/1786
f  1786/1980/1786 1819/2013/1819 1818/2012/1818
f  1803/1997/1803 1819/2013/1819 1800/1994/1800
f  1800/1994/1800 1799/1993/1799 1803/1997/1803
f  1819/2013/1819 1786/1980/1786 1788/1982/1788
f  1788/1982/1788 1800/1994/1800 1819/2013/1819
f  1815/2014/1815 1814/2015/1814 1820/2016/1820
f  1820/2016/1820 1821/2017/1821 1815/2014/1815
f  1814/2015/1814 6/2018/6 1822/2019/1822
f  1822/2019/1822 1820/2016/1820 1814/2015/1814
f  1820/2016/1820 1822/2019/1822 1823/2020/1823
f  1823/2020/1823 1824/2021/1824 1820/2016/1820
f  1822/2019/1822 1825/2022/1825 1826/2023/1826
f  1826/2023/1826 1823/2020/1823 1822/2019/1822
f  1825/2022/1825 1822/2019/1822 6/2018/6
f  6/2018/6 1/2024/1 1825/2022/1825
f  1826/2023/1826 1825/2022/1825 1827/2025/1827
f  1827/2025/1827 1828/2026/1828 1826/2023/1826
f  1825/2022/1825 1/2024/1 4/2027/4
f  4/2027/4 1827/2025/1827 1825/2022/1825
f  1828/2026/1828 1827/2025/1827 1829/2028/1829
f  1829/2028/1829 1830/2029/1830 1828/2026/1828
f  1827/2025/1827 4/2027/4 443/2030/443
f  443/2030/443 1829/2028/1829 1827/2025/1827
f  1830/2029/1830 1829/2028/1829 1831/2031/1831
f  1831/2031/1831 1832/2032/1832 1830/2029/1830
f  1829/2028/1829 443/2030/443 442/2033/442
f  442/2033/442 1831/2031/1831 1829/2028/1829
f  1832/2032/1832 1831/2031/1831 1747/1939/1747
f  1747/1939/1747 1750/1942/1750 1832/2032/1832
f  1831/2031/1831 442/2033/442 1748/1940/1748
f  1748/1940/1748 1747/1939/1747 1831/2031/1831
f  1832/2032/1832 1755/1947/1755 1833/2034/1833
f  1833/2034/1833 1830/2029/1830 1832/2032/1832
f  1755/1947/1755 1832/2032/1832 1750/1942/1750
f  1750/1942/1750 1752/1944/1752 1755/1947/1755
f  1830/2029/1830 1833/2034/1833 1834/2035/1834
f  1834/2035/1834 1828/2026/1828 1830/2029/1830
f  1834/2035/1834 1833/2034/1833 1758/1950/1758
f  1758/1950/1758 13/13/13 1834/2035/1834
f  1758/1950/1758 1833/2034/1833 1755/1947/1755
f  1755/1947/1755 1754/1946/1754 1758/1950/1758
f  1834/2035/1834 1835/2036/1835 1826/2023/1826
f  1826/2023/1826 1828/2026/1828 1834/2035/1834
f  1835/2036/1835 1834/2035/1834 13/13/13
f  13/13/13 9/9/9 1835/2036/1835
f  1835/2036/1835 1836/2037/1836 1823/2020/1823
f  1823/2020/1823 1826/2023/1826 1835/2036/1835
f  1836/2037/1836 1835/2036/1835 9/9/9
f  9/9/9 8/8/8 1836/2037/1836
f  1836/2037/1836 1837/2038/1837 1824/2021/1824
f  1824/2021/1824 1823/2020/1823 1836/2037/1836
f  1837/2038/1837 1836/2037/1836 8/8/8
f  8/8/8 1838/2039/1838 1837/2038/1837
f  1838/2039/1838 1766/1958/1766 1839/2040/1839
f  1839/2040/1839 1837/2038/1837 1838/2039/1838
f  1766/1958/1766 1838/2039/1838 1761/1953/1761
f  1761/1953/1761 1763/1955/1763 1766/1958/1766
f  1838/2039/1838 8/8/8 7/7/7
f  7/7/7 1761/1953/1761 1838/2039/1838
f  1839/2040/1839 1770/1962/1770 1772/1964/1772
f  1772/1964/1772 1840/2041/1840 1839/2040/1839
f  1770/1962/1770 1839/2040/1839 1766/1958/1766
f  1766/1958/1766 1765/1957/1765 1770/1962/1770
f  1837/2038/1837 1839/2040/1839 1840/2041/1840
f  1840/2041/1840 1824/2021/1824 1837/2038/1837
f  1840/2041/1840 1772/1964/1772 1774/1966/1774
f  1774/1966/1774 1821/2017/1821 1840/2041/1840
f  1824/2021/1824 1840/2041/1840 1821/2017/1821
f  1821/2017/1821 1820/2016/1820 1824/2021/1824
f  1821/2017/1821 1774/1966/1774 1776/1968/1776
f  1776/1968/1776 1815/2014/1815 1821/2017/1821
f  1815/2009/1815 1776/1969/1776 1778/1972/1778
f  1778/1972/1778 1813/2007/1813 1815/2009/1815
f  1800/1994/1800 1788/1982/1788 1790/1984/1790
f  1790/1984/1790 1797/1991/1797 1800/1994/1800
f  1758/1950/1758 1757/1949/1757 11/11/11
f  11/11/11 13/13/13 1758/1950/1758
f  1748/1940/1748 442/2033/442 429/2042/429
f  429/2042/429 428/2043/428 1748/1940/1748
f  1748/1940/1748 428/2043/428 1745/1937/1745
f  1745/1937/1745 1744/1936/1744 1748/1940/1748
f  1841/2044/1841 1745/2045/1745 428/470/428
f  428/470/428 431/473/431 1841/2044/1841
f  1742/1933/1742 1745/2045/1745 1841/2044/1841
f  1841/2044/1841 427/469/427 1742/1933/1742
f  449/491/449 1841/2044/1841 431/473/431
f  431/473/431 430/472/430 449/491/449
f  1841/2044/1841 449/491/449 424/466/424
f  424/466/424 427/469/427 1841/2044/1841
f  1676/1865/1676 1680/1869/1680 398/439/398
f  398/439/398 1677/1866/1677 1676/1865/1676
f  1677/1866/1677 398/439/398 73/81/73
f  73/81/73 72/80/72 1677/1866/1677
f  1674/1863/1674 1677/1866/1677 72/80/72
f  72/80/72 71/79/71 1674/1863/1674
f  1671/1860/1671 71/79/71 67/75/67
f  67/75/67 1672/1861/1672 1671/1860/1671
f  1672/1861/1672 67/75/67 70/78/70
f  70/78/70 1842/2046/1842 1672/1861/1672
f  1668/1857/1668 1672/1861/1672 1842/2046/1842
f  1842/2046/1842 1669/1858/1669 1668/1857/1668
f  1843/2047/1843 1842/2046/1842 70/78/70
f  70/78/70 1844/2048/1844 1843/2047/1843
f  1669/1858/1669 1842/2046/1842 1843/2047/1843
f  1843/2047/1843 1845/2049/1845 1669/1858/1669
f  1846/2050/1846 1845/2051/1845 1843/2052/1843
f  1843/2052/1843 1847/2053/1847 1846/2050/1846
f  1845/2049/1845 1666/1855/1666 1665/1854/1665
f  1665/1854/1665 1669/1858/1669 1845/2049/1845
f  1666/2054/1666 1845/2051/1845 1846/2050/1846
f  1846/2050/1846 1848/2055/1848 1666/2054/1666
f  1848/2055/1848 1846/2050/1846 1849/2056/1849
f  1849/2056/1849 1850/2057/1850 1848/2055/1848
f  1848/2055/1848 1663/1851/1663 1662/1850/1662
f  1662/1850/1662 1666/2054/1666 1848/2055/1848
f  1663/1851/1663 1848/2055/1848 1850/2057/1850
f  1850/2057/1850 411/452/411 1663/1851/1663
f  1851/2058/1851 1849/2056/1849 1852/2059/1852
f  1852/2059/1852 1853/2060/1853 1851/2058/1851
f  1849/2056/1849 1846/2050/1846 1847/2053/1847
f  1847/2053/1847 1852/2059/1852 1849/2056/1849
f  1850/2057/1850 1849/2056/1849 1851/2058/1851
f  1851/2058/1851 1854/2061/1854 1850/2057/1850
f  1854/2061/1854 1851/2058/1851 1855/2062/1855
f  1855/2062/1855 487/532/487 1854/2061/1854
f  1854/2061/1854 410/451/410 411/452/411
f  411/452/411 1850/2057/1850 1854/2061/1854
f  410/451/410 1854/2061/1854 487/532/487
f  487/532/487 412/453/412 410/451/410
f  1855/2062/1855 1856/2063/1856 1857/2064/1857
f  1857/2064/1857 485/530/485 1855/2062/1855
f  1855/2062/1855 1851/2058/1851 1853/2060/1853
f  1853/2060/1853 1856/2063/1856 1855/2062/1855
f  487/532/487 1855/2062/1855 485/530/485
f  485/530/485 484/529/484 487/532/487
f  1857/2064/1857 1856/2063/1856 1858/2065/1858
f  1858/2065/1858 1859/2066/1859 1857/2064/1857
f  1856/2063/1856 1853/2060/1853 1860/2067/1860
f  1860/2067/1860 1858/2065/1858 1856/2063/1856
f  1858/2065/1858 1860/2067/1860 1861/2068/1861
f  1861/2068/1861 1862/2069/1862 1858/2065/1858
f  1860/2067/1860 1863/2070/1863 1864/2071/1864
f  1864/2071/1864 1861/2068/1861 1860/2067/1860
f  1863/2070/1863 1860/2067/1860 1853/2060/1853
f  1853/2060/1853 1852/2059/1852 1863/2070/1863
f  1863/2070/1863 1865/2072/1865 392/430/392
f  392/430/392 1864/2071/1864 1863/2070/1863
f  1865/2072/1865 1863/2070/1863 1852/2059/1852
f  1852/2059/1852 1847/2053/1847 1865/2072/1865
f  1865/2072/1865 1844/2073/1844 393/431/393
f  393/431/393 392/430/392 1865/2072/1865
f  1844/2073/1844 1865/2072/1865 1847/2053/1847
f  1847/2053/1847 1843/2052/1843 1844/2073/1844
f  1861/2068/1861 1864/2071/1864 1866/2074/1866
f  1866/2074/1866 1867/2075/1867 1861/2068/1861
f  1864/2071/1864 392/430/392 391/429/391
f  391/429/391 1866/2074/1866 1864/2071/1864
f  1867/2075/1867 1866/2074/1866 1868/2076/1868
f  1868/2076/1868 459/501/459 1867/2075/1867
f  1866/2074/1866 391/429/391 395/433/395
f  395/433/395 1868/2076/1868 1866/2074/1866
f  459/501/459 1868/2076/1868 454/496/454
f  454/496/454 453/495/453 459/501/459
f  1868/2076/1868 395/433/395 1869/2077/1869
f  1869/2077/1869 454/496/454 1868/2076/1868
f  464/506/464 1867/2075/1867 459/501/459
f  459/501/459 458/500/458 464/506/464
f  1867/2075/1867 464/506/464 1862/2069/1862
f  1862/2069/1862 1861/2068/1861 1867/2075/1867
f  1862/2069/1862 464/506/464 463/505/463
f  463/505/463 469/511/469 1862/2069/1862
f  1858/2065/1858 1862/2069/1862 469/511/469
f  469/511/469 1859/2066/1859 1858/2065/1858
f  1859/2066/1859 469/511/469 468/510/468
f  468/510/468 474/516/474 1859/2066/1859
f  1857/2064/1857 1859/2066/1859 474/516/474
f  474/516/474 1870/2078/1870 1857/2064/1857
f  1870/2078/1870 474/516/474 473/515/473
f  473/515/473 477/519/477 1870/2078/1870
f  1870/2078/1870 483/527/483 485/530/485
f  485/530/485 1857/2064/1857 1870/2078/1870
f  483/527/483 1870/2078/1870 477/519/477
f  477/519/477 479/521/479 483/527/483
f  393/438/393 1844/2048/1844 70/78/70
f  70/78/70 69/77/69 393/438/393
f  1660/1845/1660 1663/1851/1663 411/452/411
f  411/452/411 409/450/409 1660/1845/1660
f  1661/1846/1661 1660/1845/1660 409/450/409
f  409/450/409 408/449/408 1661/1846/1661
f  492/541/492 1661/1849/1661 408/538/408
f  408/538/408 489/537/489 492/541/492
f  1637/1819/1637 1643/1825/1643 1601/1777/1601
f  1601/1777/1601 1638/1820/1638 1637/1819/1637
f  1632/1814/1632 1638/1820/1638 1604/1781/1604
f  1604/1781/1604 1633/1815/1633 1632/1814/1632
f  1638/1820/1638 1601/1777/1601 1600/1776/1600
f  1600/1776/1600 1604/1781/1604 1638/1820/1638
f  1628/1810/1628 1633/1815/1633 1608/1788/1608
f  1608/1788/1608 1610/1790/1610 1628/1810/1628
f  1633/1815/1633 1604/1781/1604 1603/1780/1603
f  1603/1780/1603 1608/1788/1608 1633/1815/1633
f  1592/1764/1592 1591/1763/1591 509/560/509
f  509/560/509 508/559/508 1592/1764/1592
f  104/112/104 1592/1764/1592 508/559/508
f  508/559/508 105/113/105 104/112/104
f  1065/1194/1065 95/103/95 97/105/97
f  97/105/97 1066/1195/1066 1065/1194/1065
f  1062/1189/1062 1066/1195/1066 1871/2079/1871
f  1871/2079/1871 1063/1190/1063 1062/1189/1062
f  1066/1195/1066 97/105/97 924/1048/924
f  924/1048/924 1871/2079/1871 1066/1195/1066
f  1063/1190/1063 1871/2079/1871 1872/2080/1872
f  1872/2080/1872 1873/2081/1873 1063/1190/1063
f  1871/2079/1871 924/1048/924 923/1047/923
f  923/1047/923 1872/2080/1872 1871/2079/1871
f  1873/2081/1873 1872/2080/1872 1874/2082/1874
f  1874/2082/1874 1875/2083/1875 1873/2081/1873
f  1872/2080/1872 923/1047/923 926/1050/926
f  926/1050/926 1874/2082/1874 1872/2080/1872
f  1875/2083/1875 1874/2082/1874 1876/2084/1876
f  1876/2084/1876 1877/2085/1877 1875/2083/1875
f  1874/2082/1874 926/1050/926 932/1056/932
f  932/1056/932 1876/2084/1876 1874/2082/1874
f  1877/2085/1877 1876/2084/1876 942/1066/942
f  942/1066/942 1878/2086/1878 1877/2085/1877
f  1876/2084/1876 932/1056/932 934/1058/934
f  934/1058/934 942/1066/942 1876/2084/1876
f  1878/2086/1878 1879/2087/1879 1880/2088/1880
f  1880/2088/1880 1877/2085/1877 1878/2086/1878
f  1879/2087/1879 1878/2086/1878 945/1069/945
f  945/1069/945 1881/2089/1881 1879/2087/1879
f  1878/2086/1878 942/1066/942 941/1065/941
f  941/1065/941 945/1069/945 1878/2086/1878
f  1881/2089/1881 1882/2090/1882 1883/2091/1883
f  1883/2091/1883 1879/2087/1879 1881/2089/1881
f  1882/2090/1882 1881/2089/1881 1884/2092/1884
f  1884/2092/1884 1885/2093/1885 1882/2090/1882
f  1881/2089/1881 945/1069/945 944/1068/944
f  944/1068/944 1884/2092/1884 1881/2089/1881
f  1885/2093/1885 1884/2092/1884 1886/2094/1886
f  1886/2094/1886 1887/2095/1887 1885/2093/1885
f  1884/2092/1884 944/1068/944 947/1071/947
f  947/1071/947 1886/2094/1886 1884/2092/1884
f  1887/2095/1887 1886/2094/1886 1888/2096/1888
f  1888/2096/1888 1889/2097/1889 1887/2095/1887
f  1886/2094/1886 947/1071/947 949/1073/949
f  949/1073/949 1888/2096/1888 1886/2094/1886
f  1889/2097/1889 1888/2096/1888 1890/2098/1890
f  1890/2098/1890 1891/2099/1891 1889/2097/1889
f  1888/2096/1888 949/1073/949 1892/2100/1892
f  1892/2100/1892 1890/2098/1890 1888/2096/1888
f  1890/2098/1890 1892/2100/1892 977/1101/977
f  977/1101/977 979/1103/979 1890/2098/1890
f  1892/2100/1892 952/1076/952 975/1099/975
f  975/1099/975 977/1101/977 1892/2100/1892
f  952/1076/952 1892/2100/1892 949/1073/949
f  949/1073/949 948/1072/948 952/1076/952
f  1891/2099/1891 1890/2098/1890 979/1103/979
f  979/1103/979 981/1105/981 1891/2099/1891
f  1891/2099/1891 1893/2101/1893 1894/2102/1894
f  1894/2102/1894 1889/2097/1889 1891/2099/1891
f  1893/2101/1893 1891/2099/1891 981/1105/981
f  981/1105/981 983/1107/983 1893/2101/1893
f  1893/2101/1893 1895/2103/1895 1896/2104/1896
f  1896/2104/1896 1894/2102/1894 1893/2101/1893
f  1895/2103/1895 1893/2101/1893 983/1107/983
f  983/1107/983 985/1109/985 1895/2103/1895
f  1895/2103/1895 1897/2105/1897 1898/2106/1898
f  1898/2106/1898 1896/2104/1896 1895/2103/1895
f  1897/2105/1897 1895/2103/1895 985/1109/985
f  985/1109/985 987/1111/987 1897/2105/1897
f  1897/2105/1897 1899/2107/1899 1900/2108/1900
f  1900/2108/1900 1898/2106/1898 1897/2105/1897
f  1899/2107/1899 1897/2105/1897 987/1111/987
f  987/1111/987 989/1113/989 1899/2107/1899
f  1899/2107/1899 1901/2109/1901 1902/2110/1902
f  1902/2110/1902 1900/2108/1900 1899/2107/1899
f  1901/2109/1901 1899/2107/1899 989/1113/989
f  989/1113/989 991/1115/991 1901/2109/1901
f  1902/2110/1902 1901/2109/1901 1903/2111/1903
f  1903/2111/1903 1904/2112/1904 1902/2110/1902
f  1901/2109/1901 991/1115/991 993/1117/993
f  993/1117/993 1903/2111/1903 1901/2109/1901
f  1903/2111/1903 1905/2113/1905 1906/2114/1906
f  1906/2114/1906 1904/2112/1904 1903/2111/1903
f  1905/2113/1905 1903/2111/1903 993/1117/993
f  993/1117/993 995/1119/995 1905/2113/1905
f  1905/2113/1905 1907/2115/1907 1908/2116/1908
f  1908/2116/1908 1906/2114/1906 1905/2113/1905
f  1907/2115/1907 1905/2113/1905 995/1119/995
f  995/1119/995 997/1121/997 1907/2115/1907
f  1907/2115/1907 1909/2117/1909 1018/1142/1018
f  1018/1142/1018 1908/2116/1908 1907/2115/1907
f  1909/2117/1909 1907/2115/1907 997/1121/997
f  997/1121/997 999/1123/999 1909/2117/1909
f  1909/2117/1909 1013/1137/1013 1012/1136/1012
f  1012/1136/1012 1018/1142/1018 1909/2117/1909
f  1013/1137/1013 1909/2117/1909 999/1123/999
f  999/1123/999 1001/1125/1001 1013/1137/1013
f  1908/2116/1908 1018/1142/1018 1017/1141/1017
f  1017/1141/1017 1023/1147/1023 1908/2116/1908
f  1906/2114/1906 1908/2116/1908 1023/1147/1023
f  1023/1147/1023 1910/2118/1910 1906/2114/1906
f  1910/2118/1910 1023/1147/1023 1022/1146/1022
f  1022/1146/1022 1028/1152/1028 1910/2118/1910
f  1910/2118/1910 1911/2119/1911 1904/2112/1904
f  1904/2112/1904 1906/2114/1906 1910/2118/1910
f  1911/2119/1911 1910/2118/1910 1028/1152/1028
f  1028/1152/1028 1912/2120/1912 1911/2119/1911
f  1912/2120/1912 1028/1152/1028 1027/1151/1027
f  1027/1151/1027 1033/1157/1033 1912/2120/1912
f  1911/2119/1911 1912/2120/1912 1913/2121/1913
f  1913/2121/1913 1914/2122/1914 1911/2119/1911
f  1913/2121/1913 1912/2120/1912 1033/1157/1033
f  1033/1157/1033 1035/1159/1035 1913/2121/1913
f  1914/2122/1914 1913/2121/1913 1915/2123/1915
f  1915/2123/1915 1916/2124/1916 1914/2122/1914
f  1915/2123/1915 1913/2121/1913 1035/1159/1035
f  1035/1159/1035 1037/1161/1037 1915/2123/1915
f  1915/2123/1915 1917/2125/1917 1918/2126/1918
f  1918/2126/1918 1916/2124/1916 1915/2123/1915
f  1917/2125/1917 1915/2123/1915 1037/1161/1037
f  1037/1161/1037 1039/1163/1039 1917/2125/1917
f  1917/2125/1917 1919/2127/1919 1920/2128/1920
f  1920/2128/1920 1918/2126/1918 1917/2125/1917
f  1919/2127/1919 1917/2125/1917 1039/1163/1039
f  1039/1163/1039 1921/2129/1921 1919/2127/1919
f  1921/2129/1921 1039/1163/1039 1038/1162/1038
f  1038/1162/1038 1043/1167/1043 1921/2129/1921
f  1921/2129/1921 1922/2130/1922 1923/2131/1923
f  1923/2131/1923 1919/2127/1919 1921/2129/1921
f  1922/2130/1922 1921/2129/1921 1043/1167/1043
f  1043/1167/1043 1924/2132/1924 1922/2130/1922
f  1924/2132/1924 1043/1167/1043 1042/1166/1042
f  1042/1166/1042 1048/1174/1048 1924/2132/1924
f  1924/2132/1924 1883/2091/1883 1882/2090/1882
f  1882/2090/1882 1922/2130/1922 1924/2132/1924
f  1883/2091/1883 1924/2132/1924 1048/1174/1048
f  1048/1174/1048 1925/2133/1925 1883/2091/1883
f  1925/2133/1925 1048/1174/1048 1047/1173/1047
f  1047/1173/1047 1053/1180/1053 1925/2133/1925
f  1925/2133/1925 1880/2088/1880 1879/2087/1879
f  1879/2087/1879 1883/2091/1883 1925/2133/1925
f  1880/2088/1880 1925/2133/1925 1053/1180/1053
f  1053/1180/1053 1926/2134/1926 1880/2088/1880
f  1926/2134/1926 1053/1180/1053 1052/1179/1052
f  1052/1179/1052 1058/1185/1058 1926/2134/1926
f  1926/2134/1926 1875/2083/1875 1877/2085/1877
f  1877/2085/1877 1880/2088/1880 1926/2134/1926
f  1875/2083/1875 1926/2134/1926 1058/1185/1058
f  1058/1185/1058 1873/2081/1873 1875/2083/1875
f  1922/2130/1922 1882/2090/1882 1885/2093/1885
f  1885/2093/1885 1923/2131/1923 1922/2130/1922
f  1919/2127/1919 1923/2131/1923 1927/2135/1927
f  1927/2135/1927 1920/2128/1920 1919/2127/1919
f  1923/2131/1923 1885/2093/1885 1887/2095/1887
f  1887/2095/1887 1927/2135/1927 1923/2131/1923
f  1920/2128/1920 1927/2135/1927 1894/2102/1894
f  1894/2102/1894 1896/2104/1896 1920/2128/1920
f  1927/2135/1927 1887/2095/1887 1889/2097/1889
f  1889/2097/1889 1894/2102/1894 1927/2135/1927
f  1918/2126/1918 1920/2128/1920 1896/2104/1896
f  1896/2104/1896 1898/2106/1898 1918/2126/1918
f  1918/2126/1918 1898/2106/1898 1900/2108/1900
f  1900/2108/1900 1916/2124/1916 1918/2126/1918
f  1916/2124/1916 1900/2108/1900 1902/2110/1902
f  1902/2110/1902 1914/2122/1914 1916/2124/1916
f  1914/2122/1914 1902/2110/1902 1904/2112/1904
f  1904/2112/1904 1911/2119/1911 1914/2122/1914
f  1873/2081/1873 1058/1185/1058 1057/1184/1057
f  1057/1184/1057 1063/1190/1063 1873/2081/1873
f  1060/1187/1060 1928/2136/1928 60/65/60
f  60/65/60 84/2137/84 1060/1187/1060
f  1928/2136/1928 1060/1187/1060 1056/1183/1056
f  1056/1183/1056 1055/1182/1055 1928/2136/1928
f  1061/1188/1061 1060/1187/1060 84/2137/84
f  84/2137/84 77/1192/77 1061/1188/1061
f  1928/2136/1928 1929/2138/1929 61/66/61
f  61/66/61 60/65/60 1928/2136/1928
f  1928/2136/1928 1055/1182/1055 1930/2139/1930
f  1930/2139/1930 1929/2138/1929 1928/2136/1928
f  1929/2140/1929 1930/2141/1930 1931/2142/1931
f  1931/2142/1931 1932/2143/1932 1929/2140/1929
f  1930/2141/1930 1051/2144/1051 1933/2145/1933
f  1933/2145/1933 1931/2142/1931 1930/2141/1930
f  1051/1178/1051 1930/2139/1930 1055/1182/1055
f  1055/1182/1055 1050/1177/1050 1051/1178/1051
f  1931/2142/1931 1933/2145/1933 1934/2146/1934
f  1934/2146/1934 42/47/42 1931/2142/1931
f  1933/2145/1933 1046/1172/1046 22/22/22
f  22/22/22 1934/2146/1934 1933/2145/1933
f  1046/1172/1046 1933/2145/1933 1051/2144/1051
f  1051/2144/1051 1045/1169/1045 1046/1172/1046
f  42/47/42 1934/2146/1934 1935/2147/1935
f  1935/2147/1935 39/44/39 42/47/42
f  1934/2146/1934 22/22/22 21/21/21
f  21/21/21 1935/2147/1935 1934/2146/1934
f  1935/2147/1935 1936/2148/1936 45/50/45
f  45/50/45 39/44/39 1935/2147/1935
f  1935/2147/1935 21/21/21 30/33/30
f  30/33/30 1936/2148/1936 1935/2147/1935
f  1936/2148/1936 49/54/49 48/53/48
f  48/53/48 45/50/45 1936/2148/1936
f  1936/2148/1936 30/33/30 31/34/31
f  31/34/31 49/54/49 1936/2148/1936
f  1932/2143/1932 1931/2142/1931 42/47/42
f  42/47/42 41/46/41 1932/2143/1932
f  62/69/62 1932/2143/1932 41/46/41
f  41/46/41 44/49/44 62/69/62
f  1932/2143/1932 62/69/62 61/68/61
f  61/68/61 1929/2140/1929 1932/2143/1932
f  1046/1172/1046 1041/1171/1041 23/23/23
f  23/23/23 22/22/22 1046/1172/1046
f  1009/1133/1009 1013/1137/1013 1001/1125/1001
f  1001/1125/1001 1003/1127/1003 1009/1133/1009
f  975/1099/975 952/1076/952 951/1075/951
f  951/1075/951 955/1079/955 975/1099/975
f  921/1045/921 924/1048/924 97/105/97
f  97/105/97 96/104/96 921/1045/921
f  890/1014/890 513/564/513 512/563/512
f  512/563/512 516/567/516 890/1014/890
f  883/1006/883 525/578/525 1937/2149/1937
f  1937/2149/1937 881/1004/881 883/1006/883
f  883/1006/883 522/575/522 521/574/521
f  521/574/521 525/578/525 883/1006/883
f  881/1004/881 1937/2149/1937 1938/2150/1938
f  1938/2150/1938 879/1002/879 881/1004/881
f  1937/2149/1937 1939/2151/1939 546/601/546
f  546/601/546 1938/2150/1938 1937/2149/1937
f  1939/2151/1939 1937/2149/1937 525/578/525
f  525/578/525 524/577/524 1939/2151/1939
f  1939/2151/1939 532/585/532 543/598/543
f  543/598/543 546/601/546 1939/2151/1939
f  532/585/532 1939/2151/1939 524/577/524
f  524/577/524 527/580/527 532/585/532
f  1938/2150/1938 1940/2152/1940 877/1000/877
f  877/1000/877 879/1002/879 1938/2150/1938
f  1938/2150/1938 546/601/546 545/600/545
f  545/600/545 1940/2152/1940 1938/2150/1938
f  1940/2152/1940 1941/2153/1941 875/998/875
f  875/998/875 877/1000/877 1940/2152/1940
f  1941/2153/1941 1940/2152/1940 545/600/545
f  545/600/545 548/603/548 1941/2153/1941
f  1941/2153/1941 167/183/167 170/186/170
f  170/186/170 875/998/875 1941/2153/1941
f  1941/2153/1941 548/603/548 173/189/173
f  173/189/173 167/183/167 1941/2153/1941
f  439/481/439 443/485/443 4/4/4
f  4/4/4 3/3/3 439/481/439
f  1942/2154/1942 375/412/375 369/403/369
f  369/403/369 1943/2155/1943 1942/2154/1942
f  1944/2156/1944 1943/2155/1943 369/403/369
f  369/403/369 365/399/365 1944/2156/1944
f  1944/2156/1944 365/399/365 368/402/368
f  368/402/368 1945/2157/1945 1944/2156/1944
f  347/377/347 1945/2157/1945 368/402/368
f  368/402/368 348/378/348 347/377/347
f  1942/2158/1942 1946/2159/1946 1947/2160/1947
f  1947/2160/1947 375/412/375 1942/2158/1942
f  1946/2159/1946 1948/2161/1948 1949/2162/1949
f  1949/2162/1949 1947/2160/1947 1946/2159/1946
f  1949/2162/1949 1948/2161/1948 1950/2163/1950
f  1950/2163/1950 1951/2164/1951 1949/2162/1949
f  1950/2163/1950 381/419/381 377/415/377
f  377/415/377 1951/2164/1951 1950/2163/1950
f  1951/2164/1951 1952/2165/1952 1953/2166/1953
f  1953/2166/1953 1949/2162/1949 1951/2164/1951
f  1951/2164/1951 377/415/377 380/418/380
f  380/418/380 1952/2165/1952 1951/2164/1951
f  1952/2165/1952 1954/2167/1954 1955/2168/1955
f  1955/2168/1955 1953/2166/1953 1952/2165/1952
f  1952/2165/1952 380/418/380 1956/2169/1956
f  1956/2169/1956 1954/2167/1954 1952/2165/1952
f  1956/2169/1956 380/418/380 379/417/379
f  379/417/379 1957/2170/1957 1956/2169/1956
f  1955/2168/1955 1958/2171/1958 1959/2172/1959
f  1959/2172/1959 1953/2166/1953 1955/2168/1955
f  1958/2171/1958 1960/2173/1960 422/464/422
f  422/464/422 1959/2172/1959 1958/2171/1958
f  1960/2173/1960 1961/2174/1961 423/465/423
f  423/465/423 422/464/422 1960/2173/1960
f  1961/2174/1961 1962/2175/1962 1963/2176/1963
f  1963/2176/1963 423/465/423 1961/2174/1961
f  1962/2175/1962 1964/2177/1964 356/389/356
f  356/389/356 1963/2176/1963 1962/2175/1962
f  1964/2177/1964 1965/2178/1965 357/390/357
f  357/390/357 356/389/356 1964/2177/1964
f  1965/2178/1965 1966/2179/1966 317/343/317
f  317/343/317 357/390/357 1965/2178/1965
f  317/343/317 1966/2179/1966 1967/2180/1967
f  1967/2180/1967 318/344/318 317/343/317
f  1967/2180/1967 296/322/296 295/321/295
f  295/321/295 318/344/318 1967/2180/1967
f  1963/2176/1963 356/389/356 355/388/355
f  355/388/355 1968/2181/1968 1963/2176/1963
f  423/465/423 1963/2176/1963 1968/2181/1968
f  1968/2181/1968 421/462/421 423/465/423
f  1968/2182/1968 355/2183/355 358/395/358
f  358/395/358 361/394/361 1968/2182/1968
f  421/960/421 1968/2182/1968 361/394/361
f  361/394/361 364/398/364 421/960/421
f  1947/2160/1947 1959/2172/1959 422/464/422
f  422/464/422 375/412/375 1947/2160/1947
f  1953/2166/1953 1959/2172/1959 1947/2160/1947
f  1947/2160/1947 1949/2162/1949 1953/2166/1953
f  397/2184/397 1740/2185/1740 1969/2186/1969
f  1969/2186/1969 394/432/394 397/2184/397
f  394/432/394 1969/2186/1969 1869/2077/1869
f  1869/2077/1869 395/433/395 394/432/394
f  1740/2185/1740 1970/2187/1970 1869/2077/1869
f  1869/2077/1869 1969/2186/1969 1740/2185/1740
f  382/420/382 1957/2170/1957 379/417/379
f  379/417/379 378/416/378 382/420/382
f  367/405/367 831/953/831 348/2188/348
f  348/2188/348 368/2189/368 367/405/367
f  359/392/359 358/395/358 349/381/349
f  349/381/349 351/384/351 359/392/359
f  357/390/357 317/343/317 302/328/302
f  302/328/302 350/380/350 357/390/357
f  331/357/331 354/387/354 337/363/337
f  337/363/337 309/335/309 331/357/331
f  350/380/350 302/328/302 292/318/292
f  292/318/292 323/349/323 350/380/350
f  803/923/803 348/2188/348 831/953/831
f  831/953/831 805/925/805 803/923/803
f  348/2188/348 803/923/803 343/922/343
f  343/922/343 339/2190/339 348/2188/348
f  344/372/344 332/358/332 328/354/328
f  328/354/328 340/369/340 344/372/344
f  340/366/340 328/2191/328 329/811/329
f  329/811/329 341/367/341 340/366/340
f  254/273/254 249/268/249 193/212/193
f  193/212/193 192/211/192 254/273/254
f  249/268/249 248/267/248 541/596/541
f  541/596/541 193/212/193 249/268/249
f  247/266/247 233/630/233 230/2192/230
f  230/2192/230 244/263/244 247/266/247
f  251/270/251 244/263/244 230/2192/230
f  230/2192/230 229/2193/229 251/270/251
f  214/233/214 189/208/189 188/207/188
f  188/207/188 213/232/213 214/233/214
f  211/230/211 210/229/210 207/226/207
f  207/226/207 206/225/206 211/230/211
f  197/216/197 159/175/159 158/174/158
f  158/174/158 184/200/184 197/216/197
f  142/153/142 185/201/185 160/176/160
f  160/176/160 143/154/143 142/153/142
f  145/156/145 150/163/150 132/143/132
f  132/143/132 131/142/131 145/156/145
f  128/139/128 137/148/137 133/144/133
f  133/144/133 125/136/125 128/139/128
f  125/136/125 133/144/133 129/140/129
f  129/140/129 126/137/126 125/136/125
f  123/134/123 121/132/121 117/128/117
f  117/128/117 115/127/115 123/134/123
f  84/2137/84 60/65/60 59/64/59
f  59/64/59 82/2194/82 84/2137/84
f  82/2194/82 59/64/59 65/72/65
f  65/72/65 83/1786/83 82/2194/82
f  62/69/62 44/49/44 55/60/55
f  55/60/55 56/61/56 62/69/62
f  53/58/53 57/62/57 48/53/48
f  48/53/48 47/52/47 53/58/53
f  57/62/57 43/48/43 45/50/45
f  45/50/45 48/53/48 57/62/57
f  43/48/43 57/62/57 55/60/55
f  55/60/55 44/49/44 43/48/43
f  54/59/54 53/58/53 47/52/47
f  47/52/47 50/55/50 54/59/54
f  1584/1756/1584 1587/1759/1587 1585/1757/1585
f  1585/1757/1585 1583/1755/1583 1584/1756/1584
f  144/155/144 135/146/135 138/149/138
f  138/149/138 152/168/152 144/155/144
f  1869/2077/1869 1970/2187/1970 444/486/444
f  444/486/444 454/496/454 1869/2077/1869
f  1970/2187/1970 425/467/425 444/486/444
f  425/467/425 1970/2187/1970 1738/2195/1738
f  1738/2195/1738 426/468/426 425/467/425
f  1970/2187/1970 1740/2185/1740 1738/2195/1738
f  539/594/539 251/270/251 229/2193/229
f  229/2193/229 537/591/537 539/594/539
f  251/270/251 539/594/539 541/596/541
f  541/596/541 248/267/248 251/270/251
f  1971/3/1971 1972/2/1972 1973/1/1973
f  1973/1/1973 1974/4/1974 1971/3/1971
f  1973/1/1973 1972/2/1972 1975/5/1975
f  1975/5/1975 1976/6/1976 1973/1/1973
f  1977/9/1977 1978/8/1978 1979/7/1979
f  1979/7/1979 1980/10/1980 1977/9/1977
f  1981/11/1981 1980/10/1980 1979/7/1979
f  1979/7/1979 1982/12/1982 1981/11/1981
f  1977/9/1977 1980/10/1980 1981/11/1981
f  1981/11/1981 1983/13/1983 1977/9/1977
f  1984/16/1984 1985/15/1985 1986/14/1986
f  1986/14/1986 1987/17/1987 1984/16/1984
f  1988/19/1988 1989/18/1989 1987/17/1987
f  1987/17/1987 1986/14/1986 1988/19/1988
f  1990/22/1990 1991/21/1991 1992/20/1992
f  1992/20/1992 1993/23/1993 1990/22/1990
f  1994/26/1994 1993/25/1993 1992/24/1992
f  1992/24/1992 1995/27/1995 1994/26/1994
f  1995/27/1995 1992/24/1992 1996/28/1996
f  1996/28/1996 1997/29/1997 1995/27/1995
f  1998/30/1998 1996/28/1996 1992/24/1992
f  1992/24/1992 1999/31/1999 1998/30/1998
f  1999/32/1999 1992/20/1992 1991/21/1991
f  1991/21/1991 2000/33/2000 1999/32/1999
f  2001/36/2001 2002/35/2002 2003/34/2003
f  2003/34/2003 2004/37/2004 2001/36/2001
f  2000/33/2000 2003/34/2003 2002/35/2002
f  2002/35/2002 1999/32/1999 2000/33/2000
f  1999/31/1999 2002/39/2002 2005/38/2005
f  2005/38/2005 1998/30/1998 1999/31/1999
f  2006/41/2006 2007/40/2007 2002/39/2002
f  2002/39/2002 2001/42/2001 2006/41/2006
f  2008/43/2008 2005/38/2005 2002/39/2002
f  2002/39/2002 2007/40/2007 2008/43/2008
f  2009/46/2009 2010/45/2010 2011/44/2011
f  2011/44/2011 2012/47/2012 2009/46/2009
f  2013/48/2013 2010/45/2010 2009/46/2009
f  2009/46/2009 2014/49/2014 2013/48/2013
f  2015/50/2015 2011/44/2011 2010/45/2010
f  2010/45/2010 2013/48/2013 2015/50/2015
f  2016/53/2016 2017/52/2017 2018/51/2018
f  2018/51/2018 2019/54/2019 2016/53/2016
f  2019/54/2019 2018/51/2018 2004/37/2004
f  2004/37/2004 2003/34/2003 2019/54/2019
f  2004/37/2004 2018/51/2018 2017/52/2017
f  2017/52/2017 2020/55/2020 2004/37/2004
f  2021/58/2021 2022/57/2022 2023/56/2023
f  2023/56/2023 2024/59/2024 2021/58/2021
f  2023/56/2023 2022/57/2022 2025/60/2025
f  2025/60/2025 2026/61/2026 2023/56/2023
f  2027/62/2027 2025/60/2025 2022/57/2022
f  2022/57/2022 2021/58/2021 2027/62/2027
f  2028/65/2028 2029/64/2029 2030/63/2030
f  2030/63/2030 2031/66/2031 2028/65/2028
f  2032/69/2032 2031/68/2031 2030/67/2030
f  2030/67/2030 2026/61/2026 2032/69/2032
f  2023/56/2023 2026/61/2026 2030/67/2030
f  2030/67/2030 2033/70/2033 2023/56/2023
f  2034/72/2034 2035/71/2035 2030/63/2030
f  2030/63/2030 2029/64/2029 2034/72/2034
f  2036/74/2036 2033/73/2033 2030/63/2030
f  2030/63/2030 2035/71/2035 2036/74/2036
f  2037/77/2037 2038/76/2038 2039/75/2039
f  2039/75/2039 2040/78/2040 2037/77/2037
f  2041/79/2041 2039/75/2039 2038/76/2038
f  2038/76/2038 2042/80/2042 2041/79/2041
f  2042/80/2042 2038/76/2038 2037/77/2037
f  2037/77/2037 2043/81/2043 2042/80/2042
f  2044/84/2044 2045/83/2045 2046/82/2046
f  2046/82/2046 2047/85/2047 2044/84/2044
f  2048/87/2048 2046/82/2046 2049/86/2049
f  2049/86/2049 2050/88/2050 2048/87/2048
f  2051/89/2051 2049/86/2049 2046/82/2046
f  2046/82/2046 2045/83/2045 2051/89/2051
f  2052/91/2052 2053/90/2053 2046/82/2046
f  2046/82/2046 2048/87/2048 2052/91/2052
f  2047/85/2047 2046/82/2046 2053/90/2053
f  2053/90/2053 2054/92/2054 2047/85/2047
f  2055/95/2055 2056/94/2056 2057/93/2057
f  2057/93/2057 2058/96/2058 2055/95/2055
f  2059/97/2059 2057/93/2057 2056/94/2056
f  2056/94/2056 2060/98/2060 2059/97/2059
f  2061/101/2061 2062/100/2062 2063/99/2063
f  2063/99/2063 2064/102/2064 2061/101/2061
f  2065/104/2065 2063/99/2063 2066/103/2066
f  2066/103/2066 2067/105/2067 2065/104/2065
f  2068/106/2068 2066/103/2066 2063/99/2063
f  2063/99/2063 2062/100/2062 2068/106/2068
f  2069/107/2069 2070/110/2070 2071/109/2071
f  2069/107/2069 2071/109/2071 2072/108/2072
f  2073/113/2073 2074/112/2074 2075/111/2075
f  2075/111/2075 2076/114/2076 2073/113/2073
f  2074/112/2074 2077/116/2077 2078/115/2078
f  2078/115/2078 2075/111/2075 2074/112/2074
f  2079/117/2079 2075/111/2075 2078/115/2078
f  2078/115/2078 2080/118/2080 2079/117/2079
f  2081/121/2081 2082/120/2082 2083/119/2083
f  2083/119/2083 2084/122/2084 2081/121/2081
f  2083/119/2083 2082/120/2082 2085/123/2085
f  2085/123/2085 2086/124/2086 2083/119/2083
f  2085/127/2085 2082/126/2082 2081/125/2081
f  2081/125/2081 2087/128/2087 2085/127/2085
f  2088/130/2088 2089/129/2089 2087/128/2087
f  2087/128/2087 2081/125/2081 2088/130/2088
f  2087/128/2087 2089/129/2089 2090/131/2090
f  2090/131/2090 2091/132/2091 2087/128/2087
f  2090/131/2090 2089/129/2089 2088/130/2088
f  2088/130/2088 2092/133/2092 2090/131/2090
f  2093/135/2093 2094/134/2094 2091/132/2091
f  2091/132/2091 2090/131/2090 2093/135/2093
f  2095/137/2095 2096/136/2096 2093/135/2093
f  2093/135/2093 2090/131/2090 2095/137/2095
f  2097/138/2097 2093/135/2093 2096/136/2096
f  2096/136/2096 2098/139/2098 2097/138/2097
f  2099/142/2099 2100/141/2100 2101/140/2101
f  2101/140/2101 2102/143/2102 2099/142/2099
f  2103/144/2103 2101/140/2101 2100/141/2100
f  2100/141/2100 2104/145/2104 2103/144/2103
f  2104/145/2104 2100/141/2100 2099/142/2099
f  2099/142/2099 2105/146/2105 2104/145/2104
f  2103/144/2103 2104/145/2104 2106/147/2106
f  2106/147/2106 2107/148/2107 2103/144/2103
f  2105/146/2105 2108/149/2108 2106/147/2106
f  2106/147/2106 2104/145/2104 2105/146/2105
f  139/150/139 2107/148/2107 2106/147/2106
f  2106/147/2106 140/151/140 139/150/139
f  141/152/141 140/151/140 2106/147/2106
f  2106/147/2106 2109/153/2109 141/152/141
f  2109/153/2109 2106/147/2106 2108/149/2108
f  2108/149/2108 2110/154/2110 2109/153/2109
f  2111/156/2111 2112/155/2112 2105/146/2105
f  2105/146/2105 2099/142/2099 2111/156/2111
f  2113/159/2113 2114/158/2114 2111/157/2111
f  2111/157/2111 2115/160/2115 2113/159/2113
f  2116/162/2116 2115/161/2115 2111/156/2111
f  2111/156/2111 2117/163/2117 2116/162/2116
f  2118/165/2118 2112/164/2112 2111/157/2111
f  2111/157/2111 2114/158/2114 2118/165/2118
f  2119/166/2119 2112/164/2112 2118/165/2118
f  2118/165/2118 2120/167/2120 2119/166/2119
f  2121/169/2121 2108/149/2108 2119/168/2119
f  2119/168/2119 2122/170/2122 2121/169/2121
f  2122/171/2122 2119/166/2119 2120/167/2120
f  2120/167/2120 2123/172/2123 2122/171/2122
f  2108/149/2108 2121/169/2121 2124/173/2124
f  2124/173/2124 2110/154/2110 2108/149/2108
f  2125/174/2125 2124/173/2124 2121/169/2121
f  2121/169/2121 2126/175/2126 2125/174/2125
f  2110/154/2110 2124/173/2124 2125/174/2125
f  2125/174/2125 2127/176/2127 2110/154/2110
f  2128/179/2128 2129/178/2129 2130/177/2130
f  2130/177/2130 2131/180/2131 2128/179/2128
f  2114/158/2114 2130/177/2130 2132/181/2132
f  2132/181/2132 2118/165/2118 2114/158/2114
f  2133/182/2133 2132/181/2132 2130/177/2130
f  2130/177/2130 2129/178/2129 2133/182/2133
f  2134/185/2134 2135/184/2135 2136/183/2136
f  2136/183/2136 2137/186/2137 2134/185/2134
f  2138/187/2138 2135/184/2135 2134/185/2134
f  2134/185/2134 2139/188/2139 2138/187/2138
f  2136/183/2136 2135/184/2135 2138/187/2138
f  2138/187/2138 2140/189/2140 2136/183/2136
f  2141/192/2141 2142/191/2142 2143/190/2143
f  2143/190/2143 2144/193/2144 2141/192/2141
f  2145/194/2145 2143/190/2143 2142/191/2142
f  2142/191/2142 2146/195/2146 2145/194/2145
f  2146/195/2146 2142/191/2142 2141/192/2141
f  2141/192/2141 2147/196/2147 2146/195/2146
f  2148/199/2148 2149/198/2149 2150/197/2150
f  2150/197/2150 2151/200/2151 2148/199/2148
f  2151/200/2151 2150/197/2150 2127/176/2127
f  2127/176/2127 2125/174/2125 2151/200/2151
f  2152/201/2152 2127/176/2127 2150/197/2150
f  2150/197/2150 2149/198/2149 2152/201/2152
f  2153/204/2153 2154/203/2154 2141/202/2141
f  2141/202/2141 2144/205/2144 2153/204/2153
f  2147/206/2147 2141/202/2141 2154/203/2154
f  2154/203/2154 2155/207/2155 2147/206/2147
f  2156/208/2156 2155/207/2155 2154/203/2154
f  2154/203/2154 2153/204/2153 2156/208/2156
f  2157/211/2157 2158/210/2158 2159/209/2159
f  2159/209/2159 2160/212/2160 2157/211/2157
f  2161/213/2161 2158/210/2158 2157/211/2157
f  2157/211/2157 2162/214/2162 2161/213/2161
f  2163/215/2163 2159/209/2159 2158/210/2158
f  2158/210/2158 2161/213/2161 2163/215/2163
f  2164/218/2164 2165/217/2165 2166/216/2166
f  2166/216/2166 2167/219/2167 2164/218/2164
f  2165/217/2165 2148/199/2148 2151/200/2151
f  2151/200/2151 2166/216/2166 2165/217/2165
f  2148/199/2148 2165/217/2165 2164/218/2164
f  2164/218/2164 2168/220/2168 2148/199/2148
f  2169/223/2169 2170/222/2170 2171/221/2171
f  2171/221/2171 2172/224/2172 2169/223/2169
f  2173/225/2173 2170/222/2170 2169/223/2169
f  2169/223/2169 2174/226/2174 2173/225/2173
f  2171/221/2171 2170/222/2170 2173/225/2173
f  2173/225/2173 2175/227/2175 2171/221/2171
f  2176/230/2176 2177/229/2177 2178/228/2178
f  2178/228/2178 2179/231/2179 2176/230/2176
f  2179/231/2179 2178/228/2178 2180/232/2180
f  2180/232/2180 2181/233/2181 2179/231/2179
f  2182/236/2182 2183/235/2183 2184/234/2184
f  2184/234/2184 2185/237/2185 2182/236/2182
f  2186/239/2186 2187/238/2187 2183/235/2183
f  2183/235/2183 2182/236/2182 2186/239/2186
f  2188/240/2188 2183/235/2183 2187/238/2187
f  2187/238/2187 2189/241/2189 2188/240/2188
f  2190/244/2190 2191/243/2191 2192/242/2192
f  2192/242/2192 2193/245/2193 2190/244/2190
f  2194/246/2194 2192/242/2192 2191/243/2191
f  2191/243/2191 2195/247/2195 2194/246/2194
f  2196/248/2196 2195/247/2195 2191/243/2191
f  2191/243/2191 2197/249/2197 2196/248/2196
f  2198/251/2198 2199/250/2199 2191/243/2191
f  2191/243/2191 2190/244/2190 2198/251/2198
f  2200/252/2200 2197/249/2197 2191/243/2191
f  2191/243/2191 2199/250/2199 2200/252/2200
f  2201/253/2201 2187/238/2187 2186/239/2186
f  2186/239/2186 2202/254/2202 2201/253/2201
f  2203/255/2203 2202/254/2202 2186/239/2186
f  2186/239/2186 2182/236/2182 2203/255/2203
f  2204/258/2204 2205/257/2205 2206/256/2206
f  2206/256/2206 2207/259/2207 2204/258/2204
f  2207/259/2207 2206/256/2206 2208/260/2208
f  2208/260/2208 2209/261/2209 2207/259/2207
f  2208/260/2208 2206/256/2206 2205/257/2205
f  2205/257/2205 2210/262/2210 2208/260/2208
f  2211/265/2211 2212/264/2212 2213/263/2213
f  2213/263/2213 2214/266/2214 2211/265/2211
f  2215/268/2215 2216/267/2216 2212/264/2212
f  2212/264/2212 2217/269/2217 2215/268/2215
f  2218/270/2218 2213/263/2213 2212/264/2212
f  2212/264/2212 2216/267/2216 2218/270/2218
f  2215/268/2215 2219/272/2219 2220/271/2220
f  2220/271/2220 2221/273/2221 2215/268/2215
f  2219/272/2219 2222/275/2222 2223/274/2223
f  2223/274/2223 2220/271/2220 2219/272/2219
f  2222/275/2222 2219/272/2219 2215/268/2215
f  2215/268/2215 2217/269/2217 2222/275/2222
f  2208/260/2208 2224/277/2224 2164/276/2164
f  2164/276/2164 2209/261/2209 2208/260/2208
f  2225/280/2225 2226/279/2226 2164/278/2164
f  2164/278/2164 2224/281/2224 2225/280/2225
f  2168/282/2168 2164/278/2164 2226/279/2226
f  2226/279/2226 2227/283/2227 2168/282/2168
f  2228/284/2228 2222/275/2222 2217/269/2217
f  2217/269/2217 2229/285/2229 2228/284/2228
f  2230/286/2230 2223/274/2223 2222/275/2222
f  2222/275/2222 2228/284/2228 2230/286/2230
f  2231/288/2231 2232/287/2232 2198/251/2198
f  2198/251/2198 2190/244/2190 2231/288/2231
f  2199/250/2199 2198/251/2198 2232/287/2232
f  2232/287/2232 2233/289/2233 2199/250/2199
f  2229/285/2229 2217/269/2217 2212/264/2212
f  2212/264/2212 2211/265/2211 2229/285/2229
f  2193/245/2193 2234/290/2234 2231/288/2231
f  2231/288/2231 2190/244/2190 2193/245/2193
f  2235/291/2235 2231/288/2231 2234/290/2234
f  2234/290/2234 2236/292/2236 2235/291/2235
f  2237/294/2237 2238/293/2238 2231/288/2231
f  2231/288/2231 2235/291/2235 2237/294/2237
f  2239/295/2239 2232/287/2232 2231/288/2231
f  2231/288/2231 2238/293/2238 2239/295/2239
f  2240/298/2240 2241/297/2241 2242/296/2242
f  2242/296/2242 2243/299/2243 2240/298/2240
f  2244/300/2244 2242/296/2242 2241/297/2241
f  2241/297/2241 2245/301/2245 2244/300/2244
f  2246/304/2246 2247/303/2247 2248/302/2248
f  2248/302/2248 2249/305/2249 2246/304/2246
f  2250/306/2250 2247/303/2247 2246/304/2246
f  2246/304/2246 2251/307/2251 2250/306/2250
f  2252/308/2252 2248/302/2248 2247/303/2247
f  2247/303/2247 2250/306/2250 2252/308/2252
f  2253/311/2253 2254/310/2254 2255/309/2255
f  2255/309/2255 2256/312/2256 2253/311/2253
f  2246/313/2246 2255/309/2255 2254/310/2254
f  2254/310/2254 2251/314/2251 2246/313/2246
f  2256/312/2256 2255/309/2255 2246/313/2246
f  2246/313/2246 2249/315/2249 2256/312/2256
f  2257/317/2257 2258/316/2258 2240/298/2240
f  2240/298/2240 2259/318/2259 2257/317/2257
f  2245/301/2245 2258/316/2258 2257/317/2257
f  2257/317/2257 2260/319/2260 2245/301/2245
f  2240/298/2240 2258/316/2258 2245/301/2245
f  2245/301/2245 2241/297/2241 2240/298/2240
f  296/322/296 2261/321/2261 2262/320/2262
f  2262/320/2262 297/323/297 296/322/296
f  297/323/297 2262/320/2262 2263/324/2263
f  2263/324/2263 299/325/299 297/323/297
f  2263/324/2263 2262/320/2262 2261/321/2261
f  2261/321/2261 2264/326/2264 2263/324/2263
f  2265/328/2265 2266/327/2266 2264/326/2264
f  2264/326/2264 2261/321/2261 2265/328/2265
f  2266/327/2266 2240/298/2240 2243/299/2243
f  2243/299/2243 2264/326/2264 2266/327/2266
f  2240/298/2240 2266/327/2266 2265/328/2265
f  2265/328/2265 2259/318/2259 2240/298/2240
f  2267/331/2267 2268/330/2268 2269/329/2269
f  2269/329/2269 2270/332/2270 2267/331/2267
f  2270/332/2270 2269/329/2269 2271/333/2271
f  2271/333/2271 2272/334/2272 2270/332/2270
f  2271/333/2271 2269/329/2269 2268/330/2268
f  2268/330/2268 2273/335/2273 2271/333/2271
f  2274/338/2274 2275/337/2275 2276/336/2276
f  2276/336/2276 2277/339/2277 2274/338/2274
f  2277/339/2277 2276/336/2276 2278/340/2278
f  2278/340/2278 2279/341/2279 2277/339/2277
f  2278/340/2278 2276/336/2276 2275/337/2275
f  2275/337/2275 2280/342/2280 2278/340/2278
f  2261/321/2261 2281/344/2281 2282/343/2282
f  2282/343/2282 2265/328/2265 2261/321/2261
f  2283/347/2283 2284/346/2284 2285/345/2285
f  2285/345/2285 2286/348/2286 2283/347/2283
f  2287/351/2287 2288/350/2288 2289/349/2289
f  2289/349/2289 2290/352/2290 2287/351/2287
f  2289/349/2289 2288/350/2288 2257/317/2257
f  2257/317/2257 2259/318/2259 2289/349/2289
f  2257/317/2257 2288/350/2288 2287/351/2287
f  2287/351/2287 2291/353/2291 2257/317/2257
f  2272/334/2272 2271/333/2271 2292/354/2292
f  2292/354/2292 2293/355/2293 2272/334/2272
f  2294/356/2294 2271/333/2271 2273/335/2273
f  2273/335/2273 2295/357/2295 2294/356/2294
f  2271/333/2271 2294/356/2294 2296/358/2296
f  2296/358/2296 2292/354/2292 2271/333/2271
f  2297/359/2297 2294/356/2294 2295/357/2295
f  2295/357/2295 2298/360/2298 2297/359/2297
f  2299/362/2299 2300/361/2300 2268/330/2268
f  2268/330/2268 2267/331/2267 2299/362/2299
f  2300/361/2300 2301/363/2301 2273/335/2273
f  2273/335/2273 2268/330/2268 2300/361/2300
f  2301/363/2301 2300/361/2300 2299/362/2299
f  2299/362/2299 2302/364/2302 2301/363/2301
f  2303/367/2303 2304/366/2304 2305/365/2305
f  2305/365/2305 2306/368/2306 2303/367/2303
f  2307/371/2307 2305/370/2305 2304/369/2304
f  2304/369/2304 2308/372/2308 2307/371/2307
f  345/373/345 2306/368/2306 2305/365/2305
f  2305/365/2305 346/374/346 345/373/345
f  347/377/347 346/376/346 2305/375/2305
f  2305/375/2305 2309/378/2309 347/377/347
f  2310/380/2310 2311/379/2311 2290/352/2290
f  2290/352/2290 2289/349/2289 2310/380/2310
f  2287/383/2287 2290/382/2290 2311/381/2311
f  2311/381/2311 2312/384/2312 2287/383/2287
f  2297/359/2297 2298/360/2298 2313/385/2313
f  2313/385/2313 2314/386/2314 2297/359/2297
f  2315/387/2315 2313/385/2313 2298/360/2298
f  2298/360/2298 2295/357/2295 2315/387/2315
f  2316/389/2316 2317/388/2317 2310/380/2310
f  2310/380/2310 2318/390/2318 2316/389/2316
f  2319/391/2319 2311/379/2311 2310/380/2310
f  2310/380/2310 2317/388/2317 2319/391/2319
f  2320/394/2320 2321/393/2321 2322/392/2322
f  2322/392/2322 2319/395/2319 2320/394/2320
f  2322/392/2322 2321/393/2321 2323/396/2323
f  2323/396/2323 2324/397/2324 2322/392/2322
f  2325/398/2325 2323/396/2323 2321/393/2321
f  2321/393/2321 2320/394/2320 2325/398/2325
f  2326/401/2326 2327/400/2327 2328/399/2328
f  2328/399/2328 2329/402/2329 2326/401/2326
f  2330/403/2330 2328/399/2328 2327/400/2327
f  2327/400/2327 2331/404/2331 2330/403/2330
f  2331/407/2331 2327/406/2327 2326/405/2326
f  2326/405/2326 2332/408/2332 2331/407/2331
f  2333/410/2333 2334/409/2334 2331/407/2331
f  2331/407/2331 2335/411/2335 2333/410/2333
f  2336/412/2336 2330/403/2330 2331/404/2331
f  2331/404/2331 2334/413/2334 2336/412/2336
f  2337/414/2337 2335/411/2335 2331/407/2331
f  2331/407/2331 2332/408/2332 2337/414/2337
f  2338/417/2338 2339/416/2339 2340/415/2340
f  2340/415/2340 2341/418/2341 2338/417/2338
f  381/419/381 2340/415/2340 2339/416/2339
f  2339/416/2339 382/420/382 381/419/381
f  385/423/385 384/422/384 2342/421/2342
f  2342/421/2342 2343/424/2343 385/423/385
f  388/426/388 2344/425/2344 2342/421/2342
f  2342/421/2342 384/422/384 388/426/388
f  1988/19/1988 2345/427/2345 2342/421/2342
f  2342/421/2342 2344/425/2344 1988/19/1988
f  2346/430/2346 2347/429/2347 2348/428/2348
f  2348/428/2348 2349/431/2349 2346/430/2346
f  2350/433/2350 2351/432/2351 2348/428/2348
f  2348/428/2348 2347/429/2347 2350/433/2350
f  2352/436/2352 2348/435/2348 2351/434/2351
f  2351/434/2351 2353/437/2353 2352/436/2352
f  2037/77/2037 2349/438/2349 2348/435/2348
f  2348/435/2348 2043/81/2043 2037/77/2037
f  2354/439/2354 2043/81/2043 2348/435/2348
f  2348/435/2348 2352/436/2352 2354/439/2354
f  2355/442/2355 2356/441/2356 2357/440/2357
f  2357/440/2357 2358/443/2358 2355/442/2355
f  2359/445/2359 2360/444/2360 2355/442/2355
f  2355/442/2355 2358/443/2358 2359/445/2359
f  2357/440/2357 2361/446/2361 2359/445/2359
f  2359/445/2359 2358/443/2358 2357/440/2357
f  2362/449/2362 2363/448/2363 2364/447/2364
f  2364/447/2364 2365/450/2365 2362/449/2362
f  2365/450/2365 2364/447/2364 2366/451/2366
f  2366/451/2366 2367/452/2367 2365/450/2365
f  2368/453/2368 2366/451/2366 2364/447/2364
f  2364/447/2364 2363/448/2363 2368/453/2368
f  2369/456/2369 2370/455/2370 2371/454/2371
f  2371/454/2371 2372/457/2372 2369/456/2369
f  2371/454/2371 2370/455/2370 417/458/417
f  417/458/417 418/459/418 2371/454/2371
f  2370/455/2370 2369/456/2369 2373/460/2373
f  2370/455/2370 2373/460/2373 417/458/417
f  2374/462/2374 2375/461/2375 2334/413/2334
f  2334/413/2334 2333/463/2333 2374/462/2374
f  2334/413/2334 2375/461/2375 2376/464/2376
f  2376/464/2376 2336/412/2336 2334/413/2334
f  2374/462/2374 2377/465/2377 2376/464/2376
f  2376/464/2376 2375/461/2375 2374/462/2374
f  2378/468/2378 2379/467/2379 2380/466/2380
f  2380/466/2380 2381/469/2381 2378/468/2378
f  2382/472/2382 2383/471/2383 2384/470/2384
f  2384/470/2384 2385/473/2385 2382/472/2382
f  2048/87/2048 2050/88/2050 2386/474/2386
f  2386/474/2386 2387/475/2387 2048/87/2048
f  2387/475/2387 2386/474/2386 2388/476/2388
f  2388/476/2388 2389/477/2389 2387/475/2387
f  2388/476/2388 2386/474/2386 2390/478/2390
f  2390/478/2390 2391/479/2391 2388/476/2388
f  2392/482/2392 2393/481/2393 2394/480/2394
f  2394/480/2394 2395/483/2395 2392/482/2392
f  2383/471/2383 2395/483/2395 2394/480/2394
f  2394/480/2394 2396/484/2396 2383/471/2383
f  2397/485/2397 2396/484/2396 2394/480/2394
f  2394/480/2394 2393/481/2393 2397/485/2397
f  2380/466/2380 2379/467/2379 2398/486/2398
f  2398/486/2398 2399/487/2399 2380/466/2380
f  2400/489/2400 2399/487/2399 2401/488/2401
f  2401/488/2401 2402/490/2402 2400/489/2400
f  2403/491/2403 2380/466/2380 2399/487/2399
f  2399/487/2399 2400/489/2400 2403/491/2403
f  2404/492/2404 2401/488/2401 2399/487/2399
f  2399/487/2399 2398/486/2398 2404/492/2404
f  2401/488/2401 2404/492/2404 2405/493/2405
f  2405/493/2405 2406/494/2406 2401/488/2401
f  2407/495/2407 2404/492/2404 2398/486/2398
f  2398/486/2398 2408/496/2408 2407/495/2407
f  2409/497/2409 2405/493/2405 2404/492/2404
f  2404/492/2404 2407/495/2407 2409/497/2409
f  2405/493/2405 2409/497/2409 2410/498/2410
f  2410/498/2410 2411/499/2411 2405/493/2405
f  2412/500/2412 2409/497/2409 2407/495/2407
f  2407/495/2407 2413/501/2413 2412/500/2412
f  2414/502/2414 2410/498/2410 2409/497/2409
f  2409/497/2409 2412/500/2412 2414/502/2414
f  2410/498/2410 2414/502/2414 2415/503/2415
f  2415/503/2415 2416/504/2416 2410/498/2410
f  2417/505/2417 2414/502/2414 2412/500/2412
f  2412/500/2412 2418/506/2418 2417/505/2417
f  2419/507/2419 2415/503/2415 2414/502/2414
f  2414/502/2414 2417/505/2417 2419/507/2419
f  2415/503/2415 2419/507/2419 2420/508/2420
f  2420/508/2420 2421/509/2421 2415/503/2415
f  2422/511/2422 2423/510/2423 2419/507/2419
f  2419/507/2419 2417/505/2417 2422/511/2422
f  2424/512/2424 2420/508/2420 2419/507/2419
f  2419/507/2419 2423/510/2423 2424/512/2424
f  2420/508/2420 2424/512/2424 471/513/471
f  471/513/471 472/514/472 2420/508/2420
f  2425/516/2425 2426/515/2426 2424/512/2424
f  2424/512/2424 2423/510/2423 2425/516/2425
f  475/517/475 471/513/471 2424/512/2424
f  2424/512/2424 2426/515/2426 475/517/475
f  476/518/476 475/517/475 2426/515/2426
f  2426/515/2426 2427/519/2427 476/518/476
f  478/520/478 476/518/476 2427/519/2427
f  2427/519/2427 2428/521/2428 478/520/478
f  2429/523/2429 480/522/480 478/520/478
f  478/520/478 2428/521/2428 2429/523/2429
f  2371/525/2371 418/524/418 480/522/480
f  480/522/480 2429/523/2429 2371/525/2371
f  2430/526/2430 2429/523/2429 2428/521/2428
f  2428/521/2428 2431/527/2431 2430/526/2430
f  2372/528/2372 2371/525/2371 2429/523/2429
f  2429/523/2429 2430/526/2430 2372/528/2372
f  2432/529/2432 2430/526/2430 2431/527/2431
f  2431/527/2431 2433/530/2433 2432/529/2432
f  2434/531/2434 2372/528/2372 2430/526/2430
f  2430/526/2430 2432/529/2432 2434/531/2434
f  2368/453/2368 2434/531/2434 2432/529/2432
f  2432/529/2432 2435/532/2435 2368/453/2368
f  2363/535/2363 2436/534/2436 2434/533/2434
f  2434/533/2434 2368/536/2368 2363/535/2363
f  2372/457/2372 2434/533/2434 2436/534/2436
f  2436/534/2436 2369/456/2369 2372/457/2372
f  2362/538/2362 2437/537/2437 2436/534/2436
f  2436/534/2436 2363/535/2363 2362/538/2362
f  2369/456/2369 2436/534/2436 2437/537/2437
f  2437/537/2437 2438/539/2438 2369/456/2369
f  2439/540/2439 2438/539/2438 2437/537/2437
f  2437/537/2437 2440/541/2440 2439/540/2439
f  2441/543/2441 2442/542/2442 2438/539/2438
f  2438/539/2438 2439/540/2439 2441/543/2441
f  2373/460/2373 2369/456/2369 2438/539/2438
f  2438/539/2438 2442/542/2442 2373/460/2373
f  2443/545/2443 2444/544/2444 2442/542/2442
f  2442/542/2442 2441/543/2441 2443/545/2443
f  2373/460/2373 2442/542/2442 2444/544/2444
f  2444/544/2444 2445/546/2445 2373/460/2373
f  417/458/417 2373/460/2373 2445/546/2445
f  2445/546/2445 498/547/498 417/458/417
f  2093/135/2093 2097/138/2097 2445/546/2445
f  2445/546/2445 2444/544/2444 2093/135/2093
f  498/547/498 2445/546/2445 2097/138/2097
f  2097/138/2097 499/548/499 498/547/498
f  2098/139/2098 500/549/500 499/548/499
f  499/548/499 2097/138/2097 2098/139/2098
f  2107/148/2107 139/150/139 500/549/500
f  500/549/500 2098/139/2098 2107/148/2107
f  2094/134/2094 2093/135/2093 2444/544/2444
f  2444/544/2444 2443/545/2443 2094/134/2094
f  2446/550/2446 2443/545/2443 2441/543/2441
f  2441/543/2441 2447/551/2447 2446/550/2446
f  2085/127/2085 2094/134/2094 2443/545/2443
f  2443/545/2443 2446/550/2446 2085/127/2085
f  2448/554/2448 2446/553/2446 2447/552/2447
f  2447/552/2447 2449/555/2449 2448/554/2448
f  2086/124/2086 2085/123/2085 2446/553/2446
f  2446/553/2446 2448/554/2448 2086/124/2086
f  2450/556/2450 2448/554/2448 2449/555/2449
f  2449/555/2449 2451/557/2451 2450/556/2450
f  2452/558/2452 2086/124/2086 2448/554/2448
f  2448/554/2448 2450/556/2450 2452/558/2452
f  2453/559/2453 2452/558/2452 2450/556/2450
f  2450/556/2450 2454/560/2454 2453/559/2453
f  2073/113/2073 2455/561/2455 2452/558/2452
f  2452/558/2452 2453/559/2453 2073/113/2073
f  2086/124/2086 2452/558/2452 2455/561/2455
f  2455/561/2455 2083/119/2083 2086/124/2086
f  2076/114/2076 2456/562/2456 2455/561/2455
f  2455/561/2455 2073/113/2073 2076/114/2076
f  2083/119/2083 2455/561/2455 2456/562/2456
f  2456/562/2456 2084/122/2084 2083/119/2083
f  2457/564/2457 2458/563/2458 2456/562/2456
f  2456/562/2456 2076/114/2076 2457/564/2457
f  2084/122/2084 2456/562/2456 2458/563/2458
f  2458/563/2458 2459/565/2459 2084/122/2084
f  2460/567/2460 2461/566/2461 2459/565/2459
f  2459/565/2459 2458/563/2458 2460/567/2460
f  2462/568/2462 2459/565/2459 2461/566/2461
f  2461/566/2461 2463/569/2463 2462/568/2462
f  2081/121/2081 2084/122/2084 2459/565/2459
f  2459/565/2459 2462/568/2462 2081/121/2081
f  2464/572/2464 2462/571/2462 2463/570/2463
f  2463/570/2463 2465/573/2465 2464/572/2464
f  2088/130/2088 2081/125/2081 2462/571/2462
f  2462/571/2462 2464/572/2464 2088/130/2088
f  2466/574/2466 2464/572/2464 2465/573/2465
f  2465/573/2465 2467/575/2467 2466/574/2466
f  2468/576/2468 2088/130/2088 2464/572/2464
f  2464/572/2464 2466/574/2466 2468/576/2468
f  2469/577/2469 2468/576/2468 2466/574/2466
f  2466/574/2466 2470/578/2470 2469/577/2469
f  2471/580/2471 2472/579/2472 2468/576/2468
f  2468/576/2468 2469/577/2469 2471/580/2471
f  2088/130/2088 2468/576/2468 2472/579/2472
f  2472/579/2472 2092/133/2092 2088/130/2088
f  2473/582/2473 2474/581/2474 2472/579/2472
f  2472/579/2472 2471/580/2471 2473/582/2473
f  2092/133/2092 2472/579/2472 2474/581/2474
f  2474/581/2474 2475/583/2475 2092/133/2092
f  2090/131/2090 2092/133/2092 2475/583/2475
f  2475/583/2475 2095/137/2095 2090/131/2090
f  2117/163/2117 2102/143/2102 2475/583/2475
f  2475/583/2475 2474/581/2474 2117/163/2117
f  2095/137/2095 2475/583/2475 2102/143/2102
f  2102/143/2102 2101/140/2101 2095/137/2095
f  2116/162/2116 2117/163/2117 2474/581/2474
f  2474/581/2474 2473/582/2473 2116/162/2116
f  2476/585/2476 2477/584/2477 2473/582/2473
f  2473/582/2473 2471/580/2471 2476/585/2476
f  2478/586/2478 2116/162/2116 2473/582/2473
f  2473/582/2473 2477/584/2477 2478/586/2478
f  2479/587/2479 2478/586/2478 2477/584/2477
f  2477/584/2477 2480/588/2480 2479/587/2479
f  2481/590/2481 2482/589/2482 2478/586/2478
f  2478/586/2478 2479/587/2479 2481/590/2481
f  2115/161/2115 2116/162/2116 2478/586/2478
f  2478/586/2478 2482/589/2482 2115/161/2115
f  2483/593/2483 2482/592/2482 2481/591/2481
f  2481/591/2481 2484/594/2484 2483/593/2483
f  2115/160/2115 2482/592/2482 2483/593/2483
f  2483/593/2483 2113/159/2113 2115/160/2115
f  2485/595/2485 2483/593/2483 2484/594/2484
f  2484/594/2484 2486/596/2486 2485/595/2485
f  2487/597/2487 2113/159/2113 2483/593/2483
f  2483/593/2483 2485/595/2485 2487/597/2487
f  2113/159/2113 2487/597/2487 2130/177/2130
f  2130/177/2130 2114/158/2114 2113/159/2113
f  2159/209/2159 2163/215/2163 2487/597/2487
f  2487/597/2487 2485/595/2485 2159/209/2159
f  2131/180/2131 2130/177/2130 2487/597/2487
f  2487/597/2487 2163/215/2163 2131/180/2131
f  2160/212/2160 2159/209/2159 2485/595/2485
f  2485/595/2485 2486/596/2486 2160/212/2160
f  2194/246/2194 2195/247/2195 2479/587/2479
f  2479/587/2479 2480/588/2480 2194/246/2194
f  2481/590/2481 2479/587/2479 2195/247/2195
f  2195/247/2195 2196/248/2196 2481/590/2481
f  2476/585/2476 2488/598/2488 2480/588/2480
f  2480/588/2480 2477/584/2477 2476/585/2476
f  2194/246/2194 2480/588/2480 2488/598/2488
f  2488/598/2488 2489/599/2489 2194/246/2194
f  2490/601/2490 2491/600/2491 2489/599/2489
f  2489/599/2489 2488/598/2488 2490/601/2490
f  2492/602/2492 2489/599/2489 2491/600/2491
f  2491/600/2491 2493/603/2493 2492/602/2492
f  2192/242/2192 2194/246/2194 2489/599/2489
f  2489/599/2489 2492/602/2492 2192/242/2192
f  2494/604/2494 2492/602/2492 2493/603/2493
f  2493/603/2493 2140/189/2140 2494/604/2494
f  2193/245/2193 2192/242/2192 2492/602/2492
f  2492/602/2492 2494/604/2494 2193/245/2193
f  2495/605/2495 2494/604/2494 2140/189/2140
f  2140/189/2140 2138/187/2138 2495/605/2495
f  2234/290/2234 2193/245/2193 2494/604/2494
f  2494/604/2494 2495/605/2495 2234/290/2234
f  2496/606/2496 2495/605/2495 2138/187/2138
f  2138/187/2138 2139/188/2139 2496/606/2496
f  2236/292/2236 2234/290/2234 2495/605/2495
f  2495/605/2495 2496/606/2496 2236/292/2236
f  553/608/553 552/607/552 2496/606/2496
f  2496/606/2496 2139/188/2139 553/608/553
f  554/609/554 2236/292/2236 2496/606/2496
f  2496/606/2496 552/607/552 554/609/554
f  2236/292/2236 554/609/554 555/610/555
f  555/610/555 2235/291/2235 2236/292/2236
f  2235/291/2235 555/610/555 556/611/556
f  556/611/556 2237/294/2237 2235/291/2235
f  2237/294/2237 556/611/556 557/612/557
f  557/612/557 2497/613/2497 2237/294/2237
f  2498/614/2498 2497/613/2497 557/612/557
f  557/612/557 560/615/560 2498/614/2498
f  2499/617/2499 2500/616/2500 2497/613/2497
f  2497/613/2497 2498/614/2498 2499/617/2499
f  2238/293/2238 2237/294/2237 2497/613/2497
f  2497/613/2497 2500/616/2500 2238/293/2238
f  2501/618/2501 2500/616/2500 2499/617/2499
f  2499/617/2499 2502/619/2502 2501/618/2501
f  2239/295/2239 2238/293/2238 2500/616/2500
f  2500/616/2500 2501/618/2501 2239/295/2239
f  2503/620/2503 2501/618/2501 2502/619/2502
f  2502/619/2502 2504/621/2504 2503/620/2503
f  2505/622/2505 2239/295/2239 2501/618/2501
f  2501/618/2501 2503/620/2503 2505/622/2505
f  2239/295/2239 2505/622/2505 2233/289/2233
f  2233/289/2233 2232/287/2232 2239/295/2239
f  2506/623/2506 2505/622/2505 2503/620/2503
f  2503/620/2503 2507/624/2507 2506/623/2506
f  2508/625/2508 2233/289/2233 2505/622/2505
f  2505/622/2505 2506/623/2506 2508/625/2508
f  2233/289/2233 2508/625/2508 2200/252/2200
f  2200/252/2200 2199/250/2199 2233/289/2233
f  2509/627/2509 2510/626/2510 2508/625/2508
f  2508/625/2508 2506/623/2506 2509/627/2509
f  2200/630/2200 2508/629/2508 2510/628/2510
f  2510/628/2510 2214/266/2214 2200/630/2200
f  2511/632/2511 2512/631/2512 2510/626/2510
f  2510/626/2510 2509/627/2509 2511/632/2511
f  2214/266/2214 2510/628/2510 2512/633/2512
f  2512/633/2512 2211/265/2211 2214/266/2214
f  2513/635/2513 2514/634/2514 2512/631/2512
f  2512/631/2512 2511/632/2511 2513/635/2513
f  2211/265/2211 2512/633/2512 2514/636/2514
f  2514/636/2514 2229/285/2229 2211/265/2211
f  2515/638/2515 2516/637/2516 2514/634/2514
f  2514/634/2514 2513/635/2513 2515/638/2515
f  2229/285/2229 2514/636/2514 2516/639/2516
f  2516/639/2516 2228/284/2228 2229/285/2229
f  2517/641/2517 2518/640/2518 2516/637/2516
f  2516/637/2516 2515/638/2515 2517/641/2517
f  2228/284/2228 2516/639/2516 2518/642/2518
f  2518/642/2518 2230/286/2230 2228/284/2228
f  2519/643/2519 2518/640/2518 2517/641/2517
f  2517/641/2517 2520/644/2520 2519/643/2519
f  2521/645/2521 2230/286/2230 2518/642/2518
f  2518/642/2518 2519/646/2519 2521/645/2521
f  2223/274/2223 2230/286/2230 2521/645/2521
f  2521/645/2521 2522/647/2522 2223/274/2223
f  2210/262/2210 2521/645/2521 2519/646/2519
f  2519/646/2519 2208/260/2208 2210/262/2210
f  2522/647/2522 2521/645/2521 2210/262/2210
f  2210/262/2210 2523/648/2523 2522/647/2522
f  2524/649/2524 2522/647/2522 2523/648/2523
f  2523/648/2523 2525/650/2525 2524/649/2524
f  2205/257/2205 2526/651/2526 2523/648/2523
f  2523/648/2523 2210/262/2210 2205/257/2205
f  2525/650/2525 2523/648/2523 2526/651/2526
f  2526/651/2526 2527/652/2527 2525/650/2525
f  2528/653/2528 2525/650/2525 2527/652/2527
f  2527/652/2527 2529/654/2529 2528/653/2528
f  2530/655/2530 2527/652/2527 2526/651/2526
f  2526/651/2526 2531/656/2531 2530/655/2530
f  2529/654/2529 2527/652/2527 2530/655/2530
f  2530/655/2530 2532/657/2532 2529/654/2529
f  2533/658/2533 2529/654/2529 2532/657/2532
f  2532/657/2532 2534/659/2534 2533/658/2533
f  2535/660/2535 2532/657/2532 2530/655/2530
f  2530/655/2530 2536/661/2536 2535/660/2535
f  2534/659/2534 2532/657/2532 2535/660/2535
f  2535/660/2535 2537/662/2537 2534/659/2534
f  2538/663/2538 2534/659/2534 2537/662/2537
f  2537/662/2537 2539/664/2539 2538/663/2538
f  2540/666/2540 2541/665/2541 2537/662/2537
f  2537/662/2537 2535/660/2535 2540/666/2540
f  2539/664/2539 2537/662/2537 2541/665/2541
f  2541/665/2541 2542/667/2542 2539/664/2539
f  2543/668/2543 2539/664/2539 2542/667/2542
f  2542/667/2542 2544/669/2544 2543/668/2543
f  2545/671/2545 2546/670/2546 2542/667/2542
f  2542/667/2542 2541/665/2541 2545/671/2545
f  2544/669/2544 2542/667/2542 2546/670/2546
f  2546/670/2546 2547/672/2547 2544/669/2544
f  2548/673/2548 2544/669/2544 2547/672/2547
f  2547/672/2547 2549/674/2549 2548/673/2548
f  2550/676/2550 2551/675/2551 2547/672/2547
f  2547/672/2547 2546/670/2546 2550/676/2550
f  2549/674/2549 2547/672/2547 2551/675/2551
f  2551/675/2551 2552/677/2552 2549/674/2549
f  2553/678/2553 2549/674/2549 2552/677/2552
f  2552/677/2552 2554/679/2554 2553/678/2553
f  2555/681/2555 2556/680/2556 2552/677/2552
f  2552/677/2552 2551/675/2551 2555/681/2555
f  2557/682/2557 2554/679/2554 2552/677/2552
f  2552/677/2552 2556/680/2556 2557/682/2557
f  2554/679/2554 2557/682/2557 2558/683/2558
f  2558/683/2558 2559/684/2559 2554/679/2554
f  2560/687/2560 2557/686/2557 2556/685/2556
f  2556/685/2556 2561/688/2561 2560/687/2560
f  2562/690/2562 2558/689/2558 2557/686/2557
f  2557/686/2557 2560/687/2560 2562/690/2562
f  2563/691/2563 2558/689/2558 2562/690/2562
f  2562/690/2562 2564/692/2564 2563/691/2563
f  2145/194/2145 2562/690/2562 2560/687/2560
f  2560/687/2560 2143/190/2143 2145/194/2145
f  2564/692/2564 2562/690/2562 2145/194/2145
f  2145/194/2145 2565/693/2565 2564/692/2564
f  2564/692/2564 2565/693/2565 2169/223/2169
f  2169/223/2169 2172/224/2172 2564/692/2564
f  2146/195/2146 2566/694/2566 2565/693/2565
f  2565/693/2565 2145/194/2145 2146/195/2146
f  2174/226/2174 2169/223/2169 2565/693/2565
f  2565/693/2565 2566/694/2566 2174/226/2174
f  2567/695/2567 2566/694/2566 2146/195/2146
f  2146/195/2146 2147/196/2147 2567/695/2567
f  2177/229/2177 2174/226/2174 2566/694/2566
f  2566/694/2566 2567/695/2567 2177/229/2177
f  2180/232/2180 2567/696/2567 2147/206/2147
f  2147/206/2147 2155/207/2155 2180/232/2180
f  2177/229/2177 2567/696/2567 2180/232/2180
f  2180/232/2180 2178/228/2178 2177/229/2177
f  2568/699/2568 2569/698/2569 2563/697/2563
f  2563/697/2563 2570/700/2570 2568/699/2568
f  2558/683/2558 2563/697/2563 2569/698/2569
f  2569/698/2569 2559/684/2559 2558/683/2558
f  2570/701/2570 2563/691/2563 2564/692/2564
f  2564/692/2564 2172/224/2172 2570/701/2570
f  2571/703/2571 2572/702/2572 2569/698/2569
f  2569/698/2569 2568/699/2568 2571/703/2571
f  2573/704/2573 2559/684/2559 2569/698/2569
f  2569/698/2569 2572/702/2572 2573/704/2573
f  2574/705/2574 2573/704/2573 2572/702/2572
f  2572/702/2572 2575/706/2575 2574/705/2574
f  2576/707/2576 2553/678/2553 2573/704/2573
f  2573/704/2573 2574/705/2574 2576/707/2576
f  2559/684/2559 2573/704/2573 2553/678/2553
f  2553/678/2553 2554/679/2554 2559/684/2559
f  2577/708/2577 2576/707/2576 2574/705/2574
f  2574/705/2574 2578/709/2578 2577/708/2577
f  2579/710/2579 2548/673/2548 2576/707/2576
f  2576/707/2576 2577/708/2577 2579/710/2579
f  2549/674/2549 2553/678/2553 2576/707/2576
f  2576/707/2576 2548/673/2548 2549/674/2549
f  2580/711/2580 2579/710/2579 2577/708/2577
f  2577/708/2577 2581/712/2581 2580/711/2580
f  2582/713/2582 2543/668/2543 2579/710/2579
f  2579/710/2579 2580/711/2580 2582/713/2582
f  2544/669/2544 2548/673/2548 2579/710/2579
f  2579/710/2579 2543/668/2543 2544/669/2544
f  2128/179/2128 2582/713/2582 2580/711/2580
f  2580/711/2580 2129/178/2129 2128/179/2128
f  2583/714/2583 2538/663/2538 2582/713/2582
f  2582/713/2582 2128/179/2128 2583/714/2583
f  2539/664/2539 2543/668/2543 2582/713/2582
f  2582/713/2582 2538/663/2538 2539/664/2539
f  2131/180/2131 2584/715/2584 2583/714/2583
f  2583/714/2583 2128/179/2128 2131/180/2131
f  2533/658/2533 2583/714/2583 2584/715/2584
f  2584/715/2584 2585/716/2585 2533/658/2533
f  2534/659/2534 2538/663/2538 2583/714/2583
f  2583/714/2583 2533/658/2533 2534/659/2534
f  2161/213/2161 2162/214/2162 2585/716/2585
f  2585/716/2585 2584/715/2584 2161/213/2161
f  2586/717/2586 2528/653/2528 2585/716/2585
f  2585/716/2585 2162/214/2162 2586/717/2586
f  2529/654/2529 2533/658/2533 2585/716/2585
f  2585/716/2585 2528/653/2528 2529/654/2529
f  2157/211/2157 2221/273/2221 2586/717/2586
f  2586/717/2586 2162/214/2162 2157/211/2157
f  2524/649/2524 2586/717/2586 2221/273/2221
f  2221/273/2221 2220/271/2220 2524/649/2524
f  2525/650/2525 2528/653/2528 2586/717/2586
f  2586/717/2586 2524/649/2524 2525/650/2525
f  2163/215/2163 2161/213/2161 2584/715/2584
f  2584/715/2584 2131/180/2131 2163/215/2163
f  2129/178/2129 2580/711/2580 2581/712/2581
f  2581/712/2581 2133/182/2133 2129/178/2129
f  2133/182/2133 2581/712/2581 2587/718/2587
f  2587/718/2587 2588/719/2588 2133/182/2133
f  2578/709/2578 2587/718/2587 2581/712/2581
f  2581/712/2581 2577/708/2577 2578/709/2578
f  2589/721/2589 2588/719/2588 2590/720/2590
f  2590/720/2590 2591/722/2591 2589/721/2589
f  2132/181/2132 2133/182/2133 2588/719/2588
f  2588/719/2588 2589/721/2589 2132/181/2132
f  2592/723/2592 2590/720/2590 2588/719/2588
f  2588/719/2588 2587/718/2587 2592/723/2592
f  2590/720/2590 2592/723/2592 2593/724/2593
f  2593/724/2593 2594/725/2594 2590/720/2590
f  2595/726/2595 2592/723/2592 2587/718/2587
f  2587/718/2587 2578/709/2578 2595/726/2595
f  2593/724/2593 2592/723/2592 2595/726/2595
f  2595/726/2595 2596/727/2596 2593/724/2593
f  2593/724/2593 2596/727/2596 2597/728/2597
f  2597/728/2597 2598/729/2598 2593/724/2593
f  2599/730/2599 2596/727/2596 2595/726/2595
f  2595/726/2595 2575/706/2575 2599/730/2599
f  2600/731/2600 2597/728/2597 2596/727/2596
f  2596/727/2596 2599/730/2599 2600/731/2600
f  2597/734/2597 2600/733/2600 2601/732/2601
f  2601/732/2601 2602/735/2602 2597/734/2597
f  2603/736/2603 2600/731/2600 2599/730/2599
f  2599/730/2599 2571/703/2571 2603/736/2603
f  2604/737/2604 2601/732/2601 2600/733/2600
f  2600/733/2600 2603/738/2603 2604/737/2604
f  2601/732/2601 2604/737/2604 2201/253/2201
f  2201/253/2201 2605/739/2605 2601/732/2601
f  2189/241/2189 2604/737/2604 2603/738/2603
f  2603/738/2603 2606/740/2606 2189/241/2189
f  2187/238/2187 2201/253/2201 2604/737/2604
f  2604/737/2604 2189/241/2189 2187/238/2187
f  2571/703/2571 2568/699/2568 2606/741/2606
f  2606/741/2606 2603/736/2603 2571/703/2571
f  2570/700/2570 2607/742/2607 2606/741/2606
f  2606/741/2606 2568/699/2568 2570/700/2570
f  2189/241/2189 2606/740/2606 2607/743/2607
f  2607/743/2607 2188/240/2188 2189/241/2189
f  2172/224/2172 2171/221/2171 2607/744/2607
f  2607/744/2607 2570/701/2570 2172/224/2172
f  2188/745/2188 2607/744/2607 2171/221/2171
f  2171/221/2171 2175/227/2175 2188/745/2188
f  2608/747/2608 2605/739/2605 2609/746/2609
f  2609/746/2609 2610/748/2610 2608/747/2608
f  2602/735/2602 2601/732/2601 2605/739/2605
f  2605/739/2605 2608/747/2608 2602/735/2602
f  2202/254/2202 2609/746/2609 2605/739/2605
f  2605/739/2605 2201/253/2201 2202/254/2202
f  2611/749/2611 2608/747/2608 2610/748/2610
f  2610/748/2610 2531/656/2531 2611/749/2611
f  2612/750/2612 2602/735/2602 2608/747/2608
f  2608/747/2608 2611/749/2611 2612/750/2612
f  2205/257/2205 2204/258/2204 2612/750/2612
f  2612/750/2612 2611/749/2611 2205/257/2205
f  2598/751/2598 2612/750/2612 2204/258/2204
f  2204/258/2204 2613/752/2613 2598/751/2598
f  2602/735/2602 2612/750/2612 2598/751/2598
f  2598/751/2598 2597/734/2597 2602/735/2602
f  2207/259/2207 2614/753/2614 2613/752/2613
f  2613/752/2613 2204/258/2204 2207/259/2207
f  2615/755/2615 2594/725/2594 2613/754/2613
f  2613/754/2613 2614/756/2614 2615/755/2615
f  2598/729/2598 2613/754/2613 2594/725/2594
f  2594/725/2594 2593/724/2593 2598/729/2598
f  2616/757/2616 2615/755/2615 2614/756/2614
f  2614/756/2614 2617/758/2617 2616/757/2616
f  2123/172/2123 2591/722/2591 2615/755/2615
f  2615/755/2615 2616/757/2616 2123/172/2123
f  2594/725/2594 2615/755/2615 2591/722/2591
f  2591/722/2591 2590/720/2590 2594/725/2594
f  2167/760/2167 2618/759/2618 2616/757/2616
f  2616/757/2616 2617/758/2617 2167/760/2167
f  2123/172/2123 2616/757/2616 2618/759/2618
f  2618/759/2618 2122/171/2122 2123/172/2123
f  2166/216/2166 2126/175/2126 2618/761/2618
f  2618/761/2618 2167/219/2167 2166/216/2166
f  2121/169/2121 2122/170/2122 2618/761/2618
f  2618/761/2618 2126/175/2126 2121/169/2121
f  2164/276/2164 2167/763/2167 2617/762/2617
f  2617/762/2617 2209/261/2209 2164/276/2164
f  2209/261/2209 2617/762/2617 2614/753/2614
f  2614/753/2614 2207/259/2207 2209/261/2209
f  2205/257/2205 2611/749/2611 2531/656/2531
f  2531/656/2531 2526/651/2526 2205/257/2205
f  2531/656/2531 2610/748/2610 2536/661/2536
f  2536/661/2536 2530/655/2530 2531/656/2531
f  2619/764/2619 2536/661/2536 2610/748/2610
f  2610/748/2610 2609/746/2609 2619/764/2619
f  2535/660/2535 2536/661/2536 2619/764/2619
f  2619/764/2619 2540/666/2540 2535/660/2535
f  2202/254/2202 2203/255/2203 2619/764/2619
f  2619/764/2619 2609/746/2609 2202/254/2202
f  2620/765/2620 2540/666/2540 2619/764/2619
f  2619/764/2619 2203/255/2203 2620/765/2620
f  2540/666/2540 2620/765/2620 2545/671/2545
f  2545/671/2545 2541/665/2541 2540/666/2540
f  2182/236/2182 2185/237/2185 2620/765/2620
f  2620/765/2620 2203/255/2203 2182/236/2182
f  2545/671/2545 2620/765/2620 2185/237/2185
f  2185/237/2185 2621/766/2621 2545/671/2545
f  2546/670/2546 2545/671/2545 2621/766/2621
f  2621/766/2621 2550/676/2550 2546/670/2546
f  2622/767/2622 2621/766/2621 2185/237/2185
f  2185/237/2185 2184/234/2184 2622/767/2622
f  2623/768/2623 2550/676/2550 2621/766/2621
f  2621/766/2621 2622/767/2622 2623/768/2623
f  2550/676/2550 2623/768/2623 2555/681/2555
f  2555/681/2555 2551/675/2551 2550/676/2550
f  2624/771/2624 2623/770/2623 2622/769/2622
f  2622/769/2622 2625/772/2625 2624/771/2624
f  2626/774/2626 2555/773/2555 2623/770/2623
f  2623/770/2623 2624/771/2624 2626/774/2626
f  2555/773/2555 2626/774/2626 2561/775/2561
f  2561/775/2561 2556/776/2556 2555/773/2555
f  2153/204/2153 2626/774/2626 2624/771/2624
f  2624/771/2624 2156/208/2156 2153/204/2153
f  2144/205/2144 2561/775/2561 2626/774/2626
f  2626/774/2626 2153/204/2153 2144/205/2144
f  2156/208/2156 2624/771/2624 2625/772/2625
f  2625/772/2625 2181/233/2181 2156/208/2156
f  2184/778/2184 2627/777/2627 2625/772/2625
f  2625/772/2625 2622/769/2622 2184/778/2184
f  2181/233/2181 2625/772/2625 2627/777/2627
f  2627/777/2627 2179/231/2179 2181/233/2181
f  2183/780/2183 2628/779/2628 2627/777/2627
f  2627/777/2627 2184/778/2184 2183/780/2183
f  2176/230/2176 2179/231/2179 2627/777/2627
f  2627/777/2627 2628/779/2628 2176/230/2176
f  2175/227/2175 2628/779/2628 2183/780/2183
f  2183/780/2183 2188/745/2188 2175/227/2175
f  2173/225/2173 2176/230/2176 2628/779/2628
f  2628/779/2628 2175/227/2175 2173/225/2173
f  2571/703/2571 2599/730/2599 2575/706/2575
f  2575/706/2575 2572/702/2572 2571/703/2571
f  2575/706/2575 2595/726/2595 2578/709/2578
f  2578/709/2578 2574/705/2574 2575/706/2575
f  2120/167/2120 2589/721/2589 2591/722/2591
f  2591/722/2591 2123/172/2123 2120/167/2120
f  2132/181/2132 2589/721/2589 2120/167/2120
f  2120/167/2120 2118/165/2118 2132/181/2132
f  2144/193/2144 2143/190/2143 2560/687/2560
f  2560/687/2560 2561/688/2561 2144/193/2144
f  2522/647/2522 2524/649/2524 2220/271/2220
f  2220/271/2220 2223/274/2223 2522/647/2522
f  2208/260/2208 2519/646/2519 2520/781/2520
f  2520/781/2520 2224/277/2224 2208/260/2208
f  2629/783/2629 2630/782/2630 2520/644/2520
f  2520/644/2520 2517/641/2517 2629/783/2629
f  2224/281/2224 2520/644/2520 2630/782/2630
f  2630/782/2630 2225/280/2225 2224/281/2224
f  2631/785/2631 2632/784/2632 2630/782/2630
f  2630/782/2630 2629/783/2629 2631/785/2631
f  2225/280/2225 2630/782/2630 2632/784/2632
f  2632/784/2632 2633/786/2633 2225/280/2225
f  2634/788/2634 2635/787/2635 2633/786/2633
f  2633/786/2633 2632/784/2632 2634/788/2634
f  2636/790/2636 2637/789/2637 2633/786/2633
f  2633/786/2633 2635/787/2635 2636/790/2636
f  2225/280/2225 2633/786/2633 2637/789/2637
f  2637/789/2637 2226/279/2226 2225/280/2225
f  2638/792/2638 2639/791/2639 2637/789/2637
f  2637/789/2637 2636/790/2636 2638/792/2638
f  2226/279/2226 2637/789/2637 2639/791/2639
f  2639/791/2639 2227/283/2227 2226/279/2226
f  703/794/703 702/793/702 2639/791/2639
f  2639/791/2639 2638/792/2638 703/794/703
f  2227/283/2227 2639/791/2639 702/793/702
f  702/793/702 704/795/704 2227/283/2227
f  2227/283/2227 704/795/704 705/796/705
f  705/796/705 2168/282/2168 2227/283/2227
f  2168/220/2168 705/798/705 706/797/706
f  706/797/706 2148/199/2148 2168/220/2168
f  706/797/706 707/799/707 2149/198/2149
f  2149/198/2149 2148/199/2148 706/797/706
f  2152/201/2152 2149/198/2149 707/799/707
f  707/799/707 708/800/708 2152/201/2152
f  2152/201/2152 708/800/708 141/152/141
f  141/152/141 2109/153/2109 2152/201/2152
f  2640/802/2640 709/801/709 703/794/703
f  703/794/703 2638/792/2638 2640/802/2640
f  2641/804/2641 711/803/711 709/801/709
f  709/801/709 2640/802/2640 2641/804/2641
f  2642/806/2642 713/805/713 711/803/711
f  711/803/711 2641/804/2641 2642/806/2642
f  2306/368/2306 345/373/345 713/805/713
f  713/805/713 2642/806/2642 2306/368/2306
f  2643/807/2643 2642/806/2642 2641/804/2641
f  2641/804/2641 2644/808/2644 2643/807/2643
f  2306/368/2306 2642/806/2642 2643/807/2643
f  2643/807/2643 2303/367/2303 2306/368/2306
f  2645/809/2645 2643/807/2643 2644/808/2644
f  2644/808/2644 2646/810/2646 2645/809/2645
f  2303/367/2303 2643/807/2643 2645/809/2645
f  2645/809/2645 2293/811/2293 2303/367/2303
f  2647/812/2647 2645/809/2645 2646/810/2646
f  2646/810/2646 2648/813/2648 2647/812/2647
f  2293/811/2293 2645/809/2645 2647/812/2647
f  2647/812/2647 2272/814/2272 2293/811/2293
f  2649/815/2649 2647/812/2647 2648/813/2648
f  2648/813/2648 2650/816/2650 2649/815/2649
f  2272/814/2272 2647/812/2647 2649/815/2649
f  2649/815/2649 2270/817/2270 2272/814/2272
f  2651/818/2651 2649/815/2649 2650/816/2650
f  2650/816/2650 2652/819/2652 2651/818/2651
f  2267/820/2267 2270/817/2270 2649/815/2649
f  2649/815/2649 2651/818/2651 2267/820/2267
f  2653/821/2653 2651/818/2651 2652/819/2652
f  2652/819/2652 2654/822/2654 2653/821/2653
f  2299/823/2299 2267/820/2267 2651/818/2651
f  2651/818/2651 2653/821/2653 2299/823/2299
f  2655/824/2655 2653/821/2653 2654/822/2654
f  2654/822/2654 2656/825/2656 2655/824/2655
f  2299/823/2299 2653/821/2653 2655/824/2655
f  2655/824/2655 2657/826/2657 2299/823/2299
f  2291/353/2291 2657/826/2657 2655/824/2655
f  2655/824/2655 2658/827/2658 2291/353/2291
f  2659/830/2659 2657/829/2657 2291/828/2291
f  2291/828/2291 2287/383/2287 2659/830/2659
f  2302/364/2302 2299/362/2299 2657/829/2657
f  2657/829/2657 2659/830/2659 2302/364/2302
f  2660/831/2660 2659/830/2659 2287/383/2287
f  2287/383/2287 2312/384/2312 2660/831/2660
f  2661/832/2661 2302/364/2302 2659/830/2659
f  2659/830/2659 2660/831/2660 2661/832/2661
f  2662/833/2662 2661/832/2661 2660/831/2660
f  2660/831/2660 2324/397/2324 2662/833/2662
f  2663/835/2663 2664/834/2664 2661/832/2661
f  2661/832/2661 2662/833/2662 2663/835/2663
f  2302/364/2302 2661/832/2661 2664/834/2664
f  2664/834/2664 2301/363/2301 2302/364/2302
f  2665/836/2665 2664/834/2664 2663/835/2663
f  2663/835/2663 2666/837/2666 2665/836/2665
f  2301/363/2301 2664/834/2664 2665/836/2665
f  2665/836/2665 2315/387/2315 2301/363/2301
f  2667/838/2667 2665/836/2665 2666/837/2666
f  2666/837/2666 2668/839/2668 2667/838/2667
f  2313/385/2313 2315/387/2315 2665/836/2665
f  2665/836/2665 2667/838/2667 2313/385/2313
f  2669/841/2669 2670/840/2670 2667/838/2667
f  2667/838/2667 2668/839/2668 2669/841/2669
f  2313/385/2313 2667/838/2667 2670/840/2670
f  2670/840/2670 2314/386/2314 2313/385/2313
f  2671/843/2671 2672/842/2672 2670/840/2670
f  2670/840/2670 2669/841/2669 2671/843/2671
f  2314/386/2314 2670/840/2670 2672/842/2672
f  2672/842/2672 2673/844/2673 2314/386/2314
f  2297/359/2297 2314/386/2314 2673/844/2673
f  2673/844/2673 2674/845/2674 2297/359/2297
f  2675/847/2675 2676/846/2676 2673/844/2673
f  2673/844/2673 2672/842/2672 2675/847/2675
f  2674/845/2674 2673/844/2673 2676/846/2676
f  2676/846/2676 2677/848/2677 2674/845/2674
f  2678/849/2678 2674/845/2674 2677/848/2677
f  2677/848/2677 2679/850/2679 2678/849/2678
f  2680/852/2680 2681/851/2681 2677/848/2677
f  2677/848/2677 2676/846/2676 2680/852/2680
f  2682/853/2682 2679/850/2679 2677/848/2677
f  2677/848/2677 2681/851/2681 2682/853/2682
f  2679/850/2679 2682/853/2682 2683/854/2683
f  2683/854/2683 2684/855/2684 2679/850/2679
f  2685/856/2685 2682/853/2682 2681/851/2681
f  2681/851/2681 2686/857/2686 2685/856/2685
f  2687/858/2687 2683/854/2683 2682/853/2682
f  2682/853/2682 2685/856/2685 2687/858/2687
f  2683/854/2683 2687/858/2687 2688/859/2688
f  2688/859/2688 2689/860/2689 2683/854/2683
f  2690/861/2690 2687/858/2687 2685/856/2685
f  2685/856/2685 2691/862/2691 2690/861/2690
f  2279/863/2279 2688/859/2688 2687/858/2687
f  2687/858/2687 2690/861/2690 2279/863/2279
f  2692/866/2692 2690/865/2690 2691/864/2691
f  2691/864/2691 2693/867/2693 2692/866/2692
f  2277/339/2277 2279/341/2279 2690/865/2690
f  2690/865/2690 2692/866/2692 2277/339/2277
f  2252/308/2252 2692/866/2692 2693/867/2693
f  2693/867/2693 2248/302/2248 2252/308/2252
f  2277/339/2277 2692/866/2692 2252/308/2252
f  2252/308/2252 2274/338/2274 2277/339/2277
f  2694/869/2694 2695/868/2695 2693/867/2693
f  2693/867/2693 2691/864/2691 2694/869/2694
f  2249/305/2249 2248/302/2248 2693/867/2693
f  2693/867/2693 2695/868/2695 2249/305/2249
f  2696/872/2696 2697/871/2697 2695/870/2695
f  2695/870/2695 2694/873/2694 2696/872/2696
f  2249/315/2249 2695/870/2695 2697/871/2697
f  2697/871/2697 2256/312/2256 2249/315/2249
f  2698/875/2698 2699/874/2699 2697/871/2697
f  2697/871/2697 2696/872/2696 2698/875/2698
f  2256/312/2256 2697/871/2697 2699/874/2699
f  2699/874/2699 2253/311/2253 2256/312/2256
f  2700/876/2700 2284/346/2284 2699/874/2699
f  2699/874/2699 2698/875/2698 2700/876/2700
f  2253/311/2253 2699/874/2699 2284/346/2284
f  2284/346/2284 2283/347/2283 2253/311/2253
f  2701/879/2701 2702/878/2702 2700/877/2700
f  2700/877/2700 2698/880/2698 2701/879/2701
f  2703/882/2703 2704/881/2704 2700/877/2700
f  2700/877/2700 2702/878/2702 2703/882/2703
f  2284/346/2284 2700/876/2700 2704/883/2704
f  2704/883/2704 2285/345/2285 2284/346/2284
f  2705/884/2705 2704/881/2704 2703/882/2703
f  2703/882/2703 2706/885/2706 2705/884/2705
f  2286/348/2286 2285/345/2285 2704/883/2704
f  2704/883/2704 2705/886/2705 2286/348/2286
f  2707/887/2707 2705/884/2705 2706/885/2706
f  2706/885/2706 2708/888/2708 2707/887/2707
f  2286/348/2286 2705/886/2705 2707/889/2707
f  2707/889/2707 2709/890/2709 2286/348/2286
f  2710/892/2710 2711/891/2711 2709/890/2709
f  2709/890/2709 2707/889/2707 2710/892/2710
f  2712/894/2712 2713/893/2713 2709/890/2709
f  2709/890/2709 2711/891/2711 2712/894/2712
f  2283/347/2283 2286/348/2286 2709/890/2709
f  2709/890/2709 2713/893/2713 2283/347/2283
f  2251/314/2251 2254/310/2254 2713/893/2713
f  2713/893/2713 2712/894/2712 2251/314/2251
f  2253/311/2253 2283/347/2283 2713/893/2713
f  2713/893/2713 2254/310/2254 2253/311/2253
f  2714/896/2714 2712/895/2712 2711/891/2711
f  2711/891/2711 2715/897/2715 2714/896/2714
f  2250/306/2250 2251/307/2251 2712/895/2712
f  2712/895/2712 2714/896/2714 2250/306/2250
f  2274/338/2274 2714/896/2714 2715/897/2715
f  2715/897/2715 2275/337/2275 2274/338/2274
f  2252/308/2252 2250/306/2250 2714/896/2714
f  2714/896/2714 2274/338/2274 2252/308/2252
f  2710/892/2710 2716/898/2716 2715/897/2715
f  2715/897/2715 2711/891/2711 2710/892/2710
f  2275/337/2275 2715/897/2715 2716/898/2716
f  2716/898/2716 2280/342/2280 2275/337/2275
f  2717/901/2717 2716/900/2716 2710/899/2710
f  2710/899/2710 2718/902/2718 2717/901/2717
f  2719/904/2719 2280/903/2280 2716/900/2716
f  2716/900/2716 2717/901/2717 2719/904/2719
f  2720/905/2720 2719/904/2719 2717/901/2717
f  2717/901/2717 2721/906/2721 2720/905/2720
f  2722/908/2722 2723/907/2723 2719/904/2719
f  2719/904/2719 2720/905/2720 2722/908/2722
f  2280/903/2280 2719/904/2719 2723/907/2723
f  2723/907/2723 2278/909/2278 2280/903/2280
f  2689/860/2689 2688/859/2688 2723/910/2723
f  2723/910/2723 2722/911/2722 2689/860/2689
f  2278/912/2278 2723/910/2723 2688/859/2688
f  2688/859/2688 2279/863/2279 2278/912/2278
f  2724/913/2724 2722/908/2722 2720/905/2720
f  2720/905/2720 2725/914/2725 2724/913/2724
f  2726/915/2726 2689/860/2689 2722/911/2722
f  2722/911/2722 2724/916/2724 2726/915/2726
f  2727/917/2727 2726/915/2726 2724/916/2724
f  2724/916/2724 2728/918/2728 2727/917/2727
f  2729/919/2729 2684/855/2684 2726/915/2726
f  2726/915/2726 2727/917/2727 2729/919/2729
f  2689/860/2689 2726/915/2726 2684/855/2684
f  2684/855/2684 2683/854/2683 2689/860/2689
f  2296/358/2296 2729/919/2729 2727/917/2727
f  2727/917/2727 2308/372/2308 2296/358/2296
f  2294/356/2294 2678/849/2678 2729/919/2729
f  2729/919/2729 2296/358/2296 2294/356/2294
f  2684/855/2684 2729/919/2729 2678/849/2678
f  2678/849/2678 2679/850/2679 2684/855/2684
f  2308/372/2308 2727/917/2727 2728/918/2728
f  2728/918/2728 2307/371/2307 2308/372/2308
f  2307/922/2307 2728/921/2728 2730/920/2730
f  2730/920/2730 2731/923/2731 2307/922/2307
f  2725/914/2725 2730/920/2730 2728/921/2728
f  2728/921/2728 2724/913/2724 2725/914/2725
f  2731/923/2731 2730/920/2730 2732/924/2732
f  2732/924/2732 2733/925/2733 2731/923/2731
f  2734/926/2734 2732/924/2732 2730/920/2730
f  2730/920/2730 2725/914/2725 2734/926/2734
f  2732/924/2732 2734/926/2734 2735/927/2735
f  2735/927/2735 2736/928/2736 2732/924/2732
f  2721/906/2721 2734/926/2734 2725/914/2725
f  2725/914/2725 2720/905/2720 2721/906/2721
f  2735/927/2735 2734/926/2734 2721/906/2721
f  2721/906/2721 2737/929/2737 2735/927/2735
f  2738/930/2738 2735/927/2735 2737/929/2737
f  2737/929/2737 2739/931/2739 2738/930/2738
f  2718/902/2718 2737/929/2737 2721/906/2721
f  2721/906/2721 2717/901/2717 2718/902/2718
f  2708/888/2708 2739/931/2739 2737/929/2737
f  2737/929/2737 2718/902/2718 2708/888/2708
f  2740/933/2740 2741/932/2741 2738/930/2738
f  2738/930/2738 2742/934/2742 2740/933/2740
f  2736/928/2736 2735/927/2735 2738/930/2738
f  2738/930/2738 2741/932/2741 2736/928/2736
f  2743/935/2743 2742/934/2742 2738/930/2738
f  2738/930/2738 2739/931/2739 2743/935/2743
f  2742/934/2742 2743/935/2743 2744/936/2744
f  2744/936/2744 2745/937/2745 2742/934/2742
f  2706/885/2706 2743/935/2743 2739/931/2739
f  2739/931/2739 2708/888/2708 2706/885/2706
f  2703/882/2703 2744/936/2744 2743/935/2743
f  2743/935/2743 2706/885/2706 2703/882/2703
f  2671/843/2671 2746/938/2746 2745/937/2745
f  2745/937/2745 2747/939/2747 2671/843/2671
f  2742/934/2742 2745/937/2745 2746/938/2746
f  2746/938/2746 2740/933/2740 2742/934/2742
f  2748/940/2748 2747/939/2747 2745/937/2745
f  2745/937/2745 2744/936/2744 2748/940/2748
f  2675/847/2675 2747/939/2747 2748/940/2748
f  2748/940/2748 2749/941/2749 2675/847/2675
f  2703/882/2703 2702/878/2702 2748/940/2748
f  2748/940/2748 2744/936/2744 2703/882/2703
f  2701/879/2701 2749/941/2749 2748/940/2748
f  2748/940/2748 2702/878/2702 2701/879/2701
f  2676/846/2676 2675/847/2675 2749/941/2749
f  2749/941/2749 2680/852/2680 2676/846/2676
f  2750/942/2750 2680/852/2680 2749/941/2749
f  2749/941/2749 2701/879/2701 2750/942/2750
f  2680/852/2680 2750/942/2750 2686/857/2686
f  2686/857/2686 2681/851/2681 2680/852/2680
f  2698/880/2698 2696/943/2696 2750/942/2750
f  2750/942/2750 2701/879/2701 2698/880/2698
f  2694/944/2694 2686/857/2686 2750/942/2750
f  2750/942/2750 2696/943/2696 2694/944/2694
f  2669/841/2669 2751/945/2751 2746/938/2746
f  2746/938/2746 2671/843/2671 2669/841/2669
f  2740/933/2740 2746/938/2746 2751/945/2751
f  2751/945/2751 2752/946/2752 2740/933/2740
f  2753/948/2753 2754/947/2754 2752/946/2752
f  2752/946/2752 2751/945/2751 2753/948/2753
f  2755/949/2755 2752/946/2752 2754/947/2754
f  2754/947/2754 2756/950/2756 2755/949/2755
f  2741/932/2741 2740/933/2740 2752/946/2752
f  2752/946/2752 2755/949/2755 2741/932/2741
f  2757/951/2757 2755/949/2755 2756/950/2756
f  2756/950/2756 2758/952/2758 2757/951/2757
f  2736/928/2736 2741/932/2741 2755/949/2755
f  2755/949/2755 2757/951/2757 2736/928/2736
f  2733/925/2733 2757/951/2757 2758/952/2758
f  2758/952/2758 2759/953/2759 2733/925/2733
f  2736/928/2736 2757/951/2757 2733/925/2733
f  2733/925/2733 2732/924/2732 2736/928/2736
f  2337/414/2337 2332/408/2332 2758/952/2758
f  2758/952/2758 2756/950/2756 2337/414/2337
f  2759/953/2759 2758/952/2758 2332/408/2332
f  2332/408/2332 2326/405/2326 2759/953/2759
f  2337/414/2337 2756/950/2756 2754/947/2754
f  2754/947/2754 2760/954/2760 2337/414/2337
f  2761/956/2761 2760/954/2760 2762/955/2762
f  2762/955/2762 2763/957/2763 2761/956/2761
f  2335/411/2335 2337/414/2337 2760/954/2760
f  2760/954/2760 2761/956/2761 2335/411/2335
f  2753/948/2753 2762/955/2762 2760/954/2760
f  2760/954/2760 2754/947/2754 2753/948/2753
f  2764/959/2764 2765/958/2765 2761/956/2761
f  2761/956/2761 2763/957/2763 2764/959/2764
f  2333/410/2333 2335/411/2335 2761/956/2761
f  2761/956/2761 2765/958/2765 2333/410/2333
f  2323/396/2323 2325/398/2325 2765/958/2765
f  2765/958/2765 2764/959/2764 2323/396/2323
f  2333/410/2333 2765/958/2765 2325/398/2325
f  2325/398/2325 2374/960/2374 2333/410/2333
f  2324/397/2324 2323/396/2323 2764/959/2764
f  2764/959/2764 2662/833/2662 2324/397/2324
f  2662/833/2662 2764/959/2764 2763/957/2763
f  2763/957/2763 2663/835/2663 2662/833/2662
f  2666/837/2666 2663/835/2663 2763/957/2763
f  2763/957/2763 2762/955/2762 2666/837/2666
f  2668/839/2668 2666/837/2666 2762/955/2762
f  2762/955/2762 2753/948/2753 2668/839/2668
f  2668/839/2668 2753/948/2753 2751/945/2751
f  2751/945/2751 2669/841/2669 2668/839/2668
f  2672/842/2672 2671/843/2671 2747/939/2747
f  2747/939/2747 2675/847/2675 2672/842/2672
f  2707/887/2707 2708/888/2708 2718/902/2718
f  2718/902/2718 2710/899/2710 2707/887/2707
f  2686/857/2686 2694/944/2694 2691/862/2691
f  2691/862/2691 2685/856/2685 2686/857/2686
f  2674/845/2674 2678/849/2678 2294/356/2294
f  2294/356/2294 2297/359/2297 2674/845/2674
f  2324/397/2324 2660/831/2660 2312/384/2312
f  2312/384/2312 2322/392/2322 2324/397/2324
f  2260/319/2260 2658/827/2658 2766/961/2766
f  2766/961/2766 2767/962/2767 2260/319/2260
f  2257/317/2257 2291/353/2291 2658/827/2658
f  2658/827/2658 2260/319/2260 2257/317/2257
f  2656/825/2656 2766/961/2766 2658/827/2658
f  2658/827/2658 2655/824/2655 2656/825/2656
f  2244/300/2244 2767/962/2767 2768/963/2768
f  2768/963/2768 2769/964/2769 2244/300/2244
f  2245/301/2245 2260/319/2260 2767/962/2767
f  2767/962/2767 2244/300/2244 2245/301/2245
f  2770/965/2770 2768/963/2768 2767/962/2767
f  2767/962/2767 2766/961/2766 2770/965/2770
f  2768/963/2768 2770/965/2770 2771/966/2771
f  2771/966/2771 2772/967/2772 2768/963/2768
f  2773/968/2773 2770/965/2770 2766/961/2766
f  2766/961/2766 2656/825/2656 2773/968/2773
f  2774/969/2774 2771/966/2771 2770/965/2770
f  2770/965/2770 2773/968/2773 2774/969/2774
f  2775/970/2775 2771/966/2771 2774/969/2774
f  2774/969/2774 2776/971/2776 2775/970/2775
f  2777/972/2777 2774/969/2774 2773/968/2773
f  2773/968/2773 2778/973/2778 2777/972/2777
f  2776/971/2776 2774/969/2774 2777/972/2777
f  2777/972/2777 2779/974/2779 2776/971/2776
f  2780/975/2780 2776/971/2776 2779/974/2779
f  2779/974/2779 2781/976/2781 2780/975/2780
f  2782/978/2782 2783/977/2783 2779/974/2779
f  2779/974/2779 2777/972/2777 2782/978/2782
f  2784/979/2784 2781/976/2781 2779/974/2779
f  2779/974/2779 2783/977/2783 2784/979/2784
f  2781/976/2781 2784/979/2784 2515/638/2515
f  2515/638/2515 2513/635/2513 2781/976/2781
f  2629/783/2629 2784/979/2784 2783/977/2783
f  2783/977/2783 2631/785/2631 2629/783/2629
f  2517/641/2517 2515/638/2515 2784/979/2784
f  2784/979/2784 2629/783/2629 2517/641/2517
f  2631/785/2631 2783/977/2783 2782/978/2782
f  2782/978/2782 2785/980/2785 2631/785/2631
f  2786/982/2786 2787/981/2787 2785/980/2785
f  2785/980/2785 2782/978/2782 2786/982/2786
f  2634/788/2634 2785/980/2785 2787/981/2787
f  2787/981/2787 2788/983/2788 2634/788/2634
f  2632/784/2632 2631/785/2631 2785/980/2785
f  2785/980/2785 2634/788/2634 2632/784/2632
f  2650/816/2650 2648/813/2648 2788/983/2788
f  2788/983/2788 2787/981/2787 2650/816/2650
f  2789/984/2789 2788/983/2788 2648/813/2648
f  2648/813/2648 2646/810/2646 2789/984/2789
f  2635/787/2635 2634/788/2634 2788/983/2788
f  2788/983/2788 2789/984/2789 2635/787/2635
f  2790/985/2790 2789/984/2789 2646/810/2646
f  2646/810/2646 2644/808/2644 2790/985/2790
f  2636/790/2636 2635/787/2635 2789/984/2789
f  2789/984/2789 2790/985/2790 2636/790/2636
f  2640/802/2640 2790/985/2790 2644/808/2644
f  2644/808/2644 2641/804/2641 2640/802/2640
f  2638/792/2638 2636/790/2636 2790/985/2790
f  2790/985/2790 2640/802/2640 2638/792/2638
f  2652/819/2652 2650/816/2650 2787/981/2787
f  2787/981/2787 2786/982/2786 2652/819/2652
f  2778/973/2778 2786/982/2786 2782/978/2782
f  2782/978/2782 2777/972/2777 2778/973/2778
f  2654/822/2654 2652/819/2652 2786/982/2786
f  2786/982/2786 2778/973/2778 2654/822/2654
f  2509/627/2509 2791/986/2791 2780/975/2780
f  2780/975/2780 2511/632/2511 2509/627/2509
f  2776/971/2776 2780/975/2780 2791/986/2791
f  2791/986/2791 2775/970/2775 2776/971/2776
f  2511/632/2511 2780/975/2780 2781/976/2781
f  2781/976/2781 2513/635/2513 2511/632/2511
f  2506/623/2506 2507/624/2507 2791/986/2791
f  2791/986/2791 2509/627/2509 2506/623/2506
f  2792/987/2792 2775/970/2775 2791/986/2791
f  2791/986/2791 2507/624/2507 2792/987/2792
f  2504/621/2504 2792/987/2792 2507/624/2507
f  2507/624/2507 2503/620/2503 2504/621/2504
f  2793/988/2793 2772/967/2772 2792/987/2792
f  2792/987/2792 2504/621/2504 2793/988/2793
f  2775/970/2775 2792/987/2792 2772/967/2772
f  2772/967/2772 2771/966/2771 2775/970/2775
f  2794/989/2794 2793/988/2793 2504/621/2504
f  2504/621/2504 2502/619/2502 2794/989/2794
f  2795/990/2795 2769/964/2769 2793/988/2793
f  2793/988/2793 2794/989/2794 2795/990/2795
f  2772/967/2772 2793/988/2793 2769/964/2769
f  2769/964/2769 2768/963/2768 2772/967/2772
f  2796/991/2796 2795/990/2795 2794/989/2794
f  2794/989/2794 2797/992/2797 2796/991/2796
f  2243/299/2243 2242/296/2242 2795/990/2795
f  2795/990/2795 2796/991/2796 2243/299/2243
f  2769/964/2769 2795/990/2795 2242/296/2242
f  2242/296/2242 2244/300/2244 2769/964/2769
f  2263/324/2263 2796/991/2796 2797/992/2797
f  2797/992/2797 2798/993/2798 2263/324/2263
f  2264/326/2264 2243/299/2243 2796/991/2796
f  2796/991/2796 2263/324/2263 2264/326/2264
f  560/615/560 871/994/871 2798/993/2798
f  2798/993/2798 2498/614/2498 560/615/560
f  299/325/299 2263/324/2263 2798/993/2798
f  2798/993/2798 871/994/871 299/325/299
f  2499/617/2499 2498/614/2498 2798/993/2798
f  2798/993/2798 2797/992/2797 2499/617/2499
f  2502/619/2502 2499/617/2499 2797/992/2797
f  2797/992/2797 2794/989/2794 2502/619/2502
f  2656/825/2656 2654/822/2654 2778/973/2778
f  2778/973/2778 2773/968/2773 2656/825/2656
f  2134/185/2134 872/995/872 553/608/553
f  553/608/553 2139/188/2139 2134/185/2134
f  2137/186/2137 873/996/873 872/995/872
f  872/995/872 2134/185/2134 2137/186/2137
f  2799/998/2799 874/997/874 873/996/873
f  873/996/873 2137/186/2137 2799/998/2799
f  2800/1000/2800 876/999/876 874/997/874
f  874/997/874 2799/998/2799 2800/1000/2800
f  2801/1002/2801 878/1001/878 876/999/876
f  876/999/876 2800/1000/2800 2801/1002/2801
f  2802/1004/2802 880/1003/880 878/1001/878
f  878/1001/878 2801/1002/2801 2802/1004/2802
f  2803/1006/2803 882/1005/882 880/1003/880
f  880/1003/880 2802/1004/2802 2803/1006/2803
f  2467/575/2467 884/1007/884 882/1005/882
f  882/1005/882 2803/1006/2803 2467/575/2467
f  885/1008/885 884/1007/884 2467/575/2467
f  2467/575/2467 2465/573/2465 885/1008/885
f  886/1009/886 885/1008/885 2465/573/2465
f  2465/573/2465 2463/570/2463 886/1009/886
f  887/1011/887 886/1010/886 2463/569/2463
f  2463/569/2463 2461/566/2461 887/1011/887
f  888/1012/888 887/1011/887 2461/566/2461
f  2461/566/2461 2460/567/2460 888/1012/888
f  889/1013/889 888/1012/888 2460/567/2460
f  2460/567/2460 2804/1014/2804 889/1013/889
f  891/1015/891 889/1013/889 2804/1014/2804
f  2804/1014/2804 2805/1016/2805 891/1015/891
f  893/1017/893 891/1015/891 2805/1016/2805
f  2805/1016/2805 2806/1018/2806 893/1017/893
f  895/1019/895 893/1017/893 2806/1018/2806
f  2806/1018/2806 2807/1020/2807 895/1019/895
f  897/1021/897 895/1019/895 2807/1020/2807
f  2807/1020/2807 2808/1022/2808 897/1021/897
f  899/1023/899 897/1021/897 2808/1022/2808
f  2808/1022/2808 2809/1024/2809 899/1023/899
f  901/1025/901 899/1023/899 2809/1024/2809
f  2809/1024/2809 2810/1026/2810 901/1025/901
f  903/1027/903 901/1025/901 2810/1026/2810
f  2810/1026/2810 2811/1028/2811 903/1027/903
f  2812/1030/2812 2813/1029/2813 2810/1026/2810
f  2810/1026/2810 2809/1024/2809 2812/1030/2812
f  2811/1028/2811 2810/1026/2810 2813/1029/2813
f  2813/1029/2813 2814/1031/2814 2811/1028/2811
f  2815/1032/2815 2811/1028/2811 2814/1031/2814
f  2814/1031/2814 2816/1033/2816 2815/1032/2815
f  2817/1035/2817 2818/1034/2818 2814/1031/2814
f  2814/1031/2814 2813/1029/2813 2817/1035/2817
f  2816/1033/2816 2814/1031/2814 2818/1034/2818
f  2818/1034/2818 2819/1036/2819 2816/1033/2816
f  2820/1037/2820 2816/1033/2816 2819/1036/2819
f  2819/1036/2819 2821/1038/2821 2820/1037/2820
f  2064/102/2064 2063/99/2063 2819/1036/2819
f  2819/1036/2819 2818/1034/2818 2064/102/2064
f  2821/1038/2821 2819/1036/2819 2063/99/2063
f  2063/99/2063 2065/104/2065 2821/1038/2821
f  2822/1040/2822 2823/1039/2823 2820/1037/2820
f  2820/1037/2820 2824/1041/2824 2822/1040/2822
f  2816/1033/2816 2820/1037/2820 2823/1039/2823
f  2823/1039/2823 2815/1032/2815 2816/1033/2816
f  2824/1041/2824 2820/1037/2820 2821/1038/2821
f  2821/1038/2821 2825/1042/2825 2824/1041/2824
f  2826/1043/2826 2824/1041/2824 2825/1042/2825
f  2825/1042/2825 2827/1044/2827 2826/1043/2826
f  2065/104/2065 2828/1045/2828 2825/1042/2825
f  2825/1042/2825 2821/1038/2821 2065/104/2065
f  2827/1044/2827 2825/1042/2825 2828/1045/2828
f  2828/1045/2828 2829/1046/2829 2827/1044/2827
f  2830/1048/2830 2831/1047/2831 2829/1046/2829
f  2829/1046/2829 2828/1045/2828 2830/1048/2830
f  2832/1049/2832 2829/1046/2829 2831/1047/2831
f  2831/1047/2831 2833/1050/2833 2832/1049/2832
f  2834/1051/2834 2827/1044/2827 2829/1046/2829
f  2829/1046/2829 2832/1049/2832 2834/1051/2834
f  2835/1053/2835 2836/1052/2836 2834/1051/2834
f  2834/1051/2834 2837/1054/2837 2835/1053/2835
f  2827/1044/2827 2834/1051/2834 2836/1052/2836
f  2836/1052/2836 2826/1043/2826 2827/1044/2827
f  2837/1054/2837 2834/1051/2834 2832/1049/2832
f  2832/1049/2832 2838/1055/2838 2837/1054/2837
f  2833/1050/2833 2839/1056/2839 2838/1055/2838
f  2838/1055/2838 2832/1049/2832 2833/1050/2833
f  2840/1057/2840 2838/1055/2838 2839/1056/2839
f  2839/1056/2839 2841/1058/2841 2840/1057/2840
f  2842/1059/2842 2837/1054/2837 2838/1055/2838
f  2838/1055/2838 2840/1057/2840 2842/1059/2842
f  2843/1061/2843 2842/1059/2842 2844/1060/2844
f  2844/1060/2844 2845/1062/2845 2843/1061/2843
f  2837/1054/2837 2842/1059/2842 2843/1061/2843
f  2843/1061/2843 2835/1053/2835 2837/1054/2837
f  2840/1057/2840 2846/1063/2846 2844/1060/2844
f  2844/1060/2844 2842/1059/2842 2840/1057/2840
f  2841/1058/2841 2847/1064/2847 2846/1063/2846
f  2846/1063/2846 2840/1057/2840 2841/1058/2841
f  2056/94/2056 2846/1063/2846 2847/1064/2847
f  2847/1064/2847 2060/98/2060 2056/94/2056
f  2846/1063/2846 2056/94/2056 2055/95/2055
f  2055/95/2055 2844/1060/2844 2846/1063/2846
f  2848/1066/2848 2849/1065/2849 2847/1064/2847
f  2847/1064/2847 2841/1058/2841 2848/1066/2848
f  2060/98/2060 2847/1064/2847 2849/1065/2849
f  2849/1065/2849 2850/1067/2850 2060/98/2060
f  2851/1069/2851 2852/1068/2852 2850/1067/2850
f  2850/1067/2850 2849/1065/2849 2851/1069/2851
f  2853/1070/2853 2850/1067/2850 2852/1068/2852
f  2852/1068/2852 2854/1071/2854 2853/1070/2853
f  2059/97/2059 2060/98/2060 2850/1067/2850
f  2850/1067/2850 2853/1070/2853 2059/97/2059
f  2855/1072/2855 2853/1070/2853 2854/1071/2854
f  2854/1071/2854 2856/1073/2856 2855/1072/2855
f  2059/97/2059 2853/1070/2853 2855/1072/2855
f  2855/1072/2855 2857/1074/2857 2059/97/2059
f  2858/1076/2858 2859/1075/2859 2857/1074/2857
f  2857/1074/2857 2855/1072/2855 2858/1076/2858
f  2058/96/2058 2857/1074/2857 2859/1075/2859
f  2859/1075/2859 2860/1077/2860 2058/96/2058
f  2058/96/2058 2057/93/2057 2059/97/2059
f  2059/97/2059 2857/1074/2857 2058/96/2058
f  2861/1079/2861 2862/1078/2862 2860/1077/2860
f  2860/1077/2860 2859/1075/2859 2861/1079/2861
f  2863/1080/2863 2860/1077/2860 2862/1078/2862
f  2862/1078/2862 2864/1081/2864 2863/1080/2863
f  2055/95/2055 2058/96/2058 2860/1077/2860
f  2860/1077/2860 2863/1080/2863 2055/95/2055
f  2845/1062/2845 2863/1080/2863 2864/1081/2864
f  2864/1081/2864 2865/1082/2865 2845/1062/2845
f  2844/1060/2844 2055/95/2055 2863/1080/2863
f  2863/1080/2863 2845/1062/2845 2844/1060/2844
f  960/1084/960 959/1083/959 2865/1082/2865
f  2865/1082/2865 2864/1081/2864 960/1084/960
f  2866/1085/2866 2865/1082/2865 959/1083/959
f  959/1083/959 962/1086/962 2866/1085/2866
f  2843/1061/2843 2845/1062/2845 2865/1082/2865
f  2865/1082/2865 2866/1085/2866 2843/1061/2843
f  2867/1087/2867 2866/1085/2866 962/1086/962
f  962/1086/962 964/1088/964 2867/1087/2867
f  2835/1053/2835 2843/1061/2843 2866/1085/2866
f  2866/1085/2866 2867/1087/2867 2835/1053/2835
f  2868/1089/2868 2867/1087/2867 964/1088/964
f  964/1088/964 966/1090/966 2868/1089/2868
f  2836/1052/2836 2835/1053/2835 2867/1087/2867
f  2867/1087/2867 2868/1089/2868 2836/1052/2836
f  2869/1091/2869 2868/1089/2868 966/1090/966
f  966/1090/966 968/1092/968 2869/1091/2869
f  2826/1043/2826 2836/1052/2836 2868/1089/2868
f  2868/1089/2868 2869/1091/2869 2826/1043/2826
f  2822/1040/2822 2869/1091/2869 968/1092/968
f  968/1092/968 969/1093/969 2822/1040/2822
f  2824/1041/2824 2826/1043/2826 2869/1091/2869
f  2869/1091/2869 2822/1040/2822 2824/1041/2824
f  2823/1039/2823 2822/1040/2822 969/1093/969
f  969/1093/969 970/1094/970 2823/1039/2823
f  2815/1032/2815 2823/1039/2823 970/1094/970
f  970/1094/970 971/1095/971 2815/1032/2815
f  2811/1028/2811 2815/1032/2815 971/1095/971
f  971/1095/971 903/1027/903 2811/1028/2811
f  972/1096/972 960/1084/960 2864/1081/2864
f  2864/1081/2864 2862/1078/2862 972/1096/972
f  973/1097/973 972/1096/972 2862/1078/2862
f  2862/1078/2862 2861/1079/2861 973/1097/973
f  974/1098/974 973/1097/973 2861/1079/2861
f  2861/1079/2861 2870/1099/2870 974/1098/974
f  2871/1101/2871 976/1100/976 974/1098/974
f  974/1098/974 2870/1099/2870 2871/1101/2871
f  2872/1103/2872 978/1102/978 976/1100/976
f  976/1100/976 2871/1101/2871 2872/1103/2872
f  2873/1105/2873 980/1104/980 978/1102/978
f  978/1102/978 2872/1103/2872 2873/1105/2873
f  2874/1107/2874 982/1106/982 980/1104/980
f  980/1104/980 2873/1105/2873 2874/1107/2874
f  2875/1109/2875 984/1108/984 982/1106/982
f  982/1106/982 2874/1107/2874 2875/1109/2875
f  2876/1111/2876 986/1110/986 984/1108/984
f  984/1108/984 2875/1109/2875 2876/1111/2876
f  2877/1113/2877 988/1112/988 986/1110/986
f  986/1110/986 2876/1111/2876 2877/1113/2877
f  2878/1115/2878 990/1114/990 988/1112/988
f  988/1112/988 2877/1113/2877 2878/1115/2878
f  2879/1117/2879 992/1116/992 990/1114/990
f  990/1114/990 2878/1115/2878 2879/1117/2879
f  2880/1119/2880 994/1118/994 992/1116/992
f  992/1116/992 2879/1117/2879 2880/1119/2880
f  2881/1121/2881 996/1120/996 994/1118/994
f  994/1118/994 2880/1119/2880 2881/1121/2881
f  2882/1123/2882 998/1122/998 996/1120/996
f  996/1120/996 2881/1121/2881 2882/1123/2882
f  2883/1125/2883 1000/1124/1000 998/1122/998
f  998/1122/998 2882/1123/2882 2883/1125/2883
f  2884/1127/2884 1002/1126/1002 1000/1124/1000
f  1000/1124/1000 2883/1125/2883 2884/1127/2884
f  2885/1129/2885 1004/1128/1004 1002/1126/1002
f  1002/1126/1002 2884/1127/2884 2885/1129/2885
f  2886/1131/2886 1006/1130/1006 1004/1128/1004
f  1004/1128/1004 2885/1129/2885 2886/1131/2886
f  2344/425/2344 388/426/388 1006/1130/1006
f  1006/1130/1006 2886/1131/2886 2344/425/2344
f  1988/19/1988 2344/425/2344 2886/1131/2886
f  2886/1131/2886 1989/18/1989 1988/19/1988
f  1989/18/1989 2886/1131/2886 2885/1129/2885
f  2885/1129/2885 2887/1132/2887 1989/18/1989
f  1989/18/1989 2887/1132/2887 1984/16/1984
f  1984/16/1984 1987/17/1987 1989/18/1989
f  2884/1127/2884 2888/1133/2888 2887/1132/2887
f  2887/1132/2887 2885/1129/2885 2884/1127/2884
f  1984/16/1984 2887/1132/2887 2888/1133/2888
f  2888/1133/2888 2889/1134/2889 1984/16/1984
f  1985/15/1985 1984/16/1984 2889/1134/2889
f  2889/1134/2889 2890/1135/2890 1985/15/1985
f  2891/1137/2891 2892/1136/2892 2889/1134/2889
f  2889/1134/2889 2888/1133/2888 2891/1137/2891
f  2890/1135/2890 2889/1134/2889 2892/1136/2892
f  2892/1136/2892 2893/1138/2893 2890/1135/2890
f  2894/1139/2894 2890/1135/2890 2893/1138/2893
f  2893/1138/2893 2895/1140/2895 2894/1139/2894
f  2896/1142/2896 2897/1141/2897 2893/1138/2893
f  2893/1138/2893 2892/1136/2892 2896/1142/2896
f  2895/1140/2895 2893/1138/2893 2897/1141/2897
f  2897/1141/2897 2898/1143/2898 2895/1140/2895
f  2899/1144/2899 2895/1140/2895 2898/1143/2898
f  2898/1143/2898 2900/1145/2900 2899/1144/2899
f  2901/1147/2901 2902/1146/2902 2898/1143/2898
f  2898/1143/2898 2897/1141/2897 2901/1147/2901
f  2900/1145/2900 2898/1143/2898 2902/1146/2902
f  2902/1146/2902 2903/1148/2903 2900/1145/2900
f  2904/1149/2904 2900/1145/2900 2903/1148/2903
f  2903/1148/2903 2905/1150/2905 2904/1149/2904
f  2906/1152/2906 2907/1151/2907 2903/1148/2903
f  2903/1148/2903 2902/1146/2902 2906/1152/2906
f  2905/1150/2905 2903/1148/2903 2907/1151/2907
f  2907/1151/2907 2908/1153/2908 2905/1150/2905
f  2909/1154/2909 2905/1150/2905 2908/1153/2908
f  2908/1153/2908 2910/1155/2910 2909/1154/2909
f  2911/1157/2911 2912/1156/2912 2908/1153/2908
f  2908/1153/2908 2907/1151/2907 2911/1157/2911
f  2910/1155/2910 2908/1153/2908 2912/1156/2912
f  2912/1156/2912 1997/29/1997 2910/1155/2910
f  2913/1159/2913 2914/1158/2914 2912/1156/2912
f  2912/1156/2912 2911/1157/2911 2913/1159/2913
f  1997/29/1997 2912/1156/2912 2914/1158/2914
f  2914/1158/2914 1995/27/1995 1997/29/1997
f  2915/1161/2915 2916/1160/2916 2914/1158/2914
f  2914/1158/2914 2913/1159/2913 2915/1161/2915
f  1995/27/1995 2914/1158/2914 2916/1160/2916
f  2916/1160/2916 1994/26/1994 1995/27/1995
f  2917/1163/2917 2918/1162/2918 2916/1160/2916
f  2916/1160/2916 2915/1161/2915 2917/1163/2917
f  1994/26/1994 2916/1160/2916 2918/1162/2918
f  2918/1162/2918 2919/1164/2919 1994/26/1994
f  1994/26/1994 2919/1164/2919 2920/1165/2920
f  2920/1165/2920 1993/25/1993 1994/26/1994
f  2921/1167/2921 2922/1166/2922 2919/1164/2919
f  2919/1164/2919 2918/1162/2918 2921/1167/2921
f  2923/1168/2923 2920/1165/2920 2919/1164/2919
f  2919/1164/2919 2922/1166/2922 2923/1168/2923
f  2920/1171/2920 2923/1170/2923 2924/1169/2924
f  2924/1169/2924 2925/1172/2925 2920/1171/2920
f  2926/1174/2926 2927/1173/2927 2923/1168/2923
f  2923/1168/2923 2922/1166/2922 2926/1174/2926
f  2928/1176/2928 2924/1175/2924 2923/1168/2923
f  2923/1168/2923 2927/1173/2927 2928/1176/2928
f  2924/1175/2924 2928/1176/2928 2929/1177/2929
f  2929/1177/2929 2930/1178/2930 2924/1175/2924
f  2931/1180/2931 2932/1179/2932 2928/1176/2928
f  2928/1176/2928 2927/1173/2927 2931/1180/2931
f  2929/1177/2929 2928/1176/2928 2932/1179/2932
f  2932/1179/2932 2933/1181/2933 2929/1177/2929
f  2934/1182/2934 2929/1177/2929 2933/1181/2933
f  2933/1181/2933 2935/1183/2935 2934/1182/2934
f  2936/1185/2936 2937/1184/2937 2933/1181/2933
f  2933/1181/2933 2932/1179/2932 2936/1185/2936
f  2935/1183/2935 2933/1181/2933 2937/1184/2937
f  2937/1184/2937 2938/1186/2938 2935/1183/2935
f  2939/1187/2939 2935/1183/2935 2938/1186/2938
f  2938/1186/2938 2940/1188/2940 2939/1187/2939
f  2941/1190/2941 2942/1189/2942 2938/1186/2938
f  2938/1186/2938 2937/1184/2937 2941/1190/2941
f  2940/1188/2940 2938/1186/2938 2942/1189/2942
f  2942/1189/2942 2943/1191/2943 2940/1188/2940
f  2047/1192/2047 2940/1188/2940 2943/1191/2943
f  2943/1191/2943 2044/1193/2044 2047/1192/2047
f  2944/1195/2944 2945/1194/2945 2943/1191/2943
f  2943/1191/2943 2942/1189/2942 2944/1195/2944
f  2044/1193/2044 2943/1191/2943 2945/1194/2945
f  2945/1194/2945 2946/1196/2946 2044/1193/2044
f  2066/103/2066 2068/106/2068 2946/1196/2946
f  2946/1196/2946 2945/1194/2945 2066/103/2066
f  2947/1199/2947 2946/1198/2946 2068/1197/2068
f  2068/1197/2068 2948/1200/2948 2947/1199/2947
f  2045/83/2045 2044/84/2044 2946/1198/2946
f  2946/1198/2946 2947/1199/2947 2045/83/2045
f  2949/1202/2949 2950/1201/2950 2947/1199/2947
f  2947/1199/2947 2948/1200/2948 2949/1202/2949
f  2045/83/2045 2947/1199/2947 2950/1201/2950
f  2950/1201/2950 2051/89/2051 2045/83/2045
f  2951/1204/2951 2952/1203/2952 2950/1201/2950
f  2950/1201/2950 2949/1202/2949 2951/1204/2951
f  2051/89/2051 2950/1201/2950 2952/1203/2952
f  2952/1203/2952 2953/1205/2953 2051/89/2051
f  2954/1206/2954 2953/1205/2953 2952/1203/2952
f  2952/1203/2952 2955/1207/2955 2954/1206/2954
f  2956/1209/2956 2957/1208/2957 2953/1205/2953
f  2953/1205/2953 2954/1206/2954 2956/1209/2956
f  2049/86/2049 2051/89/2051 2953/1205/2953
f  2953/1205/2953 2957/1208/2957 2049/86/2049
f  2958/1211/2958 2959/1210/2959 2957/1208/2957
f  2957/1208/2957 2956/1209/2956 2958/1211/2958
f  2050/88/2050 2049/86/2049 2957/1208/2957
f  2957/1208/2957 2959/1210/2959 2050/88/2050
f  2960/1213/2960 2961/1212/2961 2959/1210/2959
f  2959/1210/2959 2958/1211/2958 2960/1213/2960
f  2050/88/2050 2959/1210/2959 2961/1212/2961
f  2961/1212/2961 2386/474/2386 2050/88/2050
f  2962/1215/2962 2963/1214/2963 2961/1212/2961
f  2961/1212/2961 2960/1213/2960 2962/1215/2962
f  2386/474/2386 2961/1212/2961 2963/1214/2963
f  2963/1214/2963 2390/478/2390 2386/474/2386
f  2964/1216/2964 2963/1214/2963 2962/1215/2962
f  2962/1215/2962 2965/1217/2965 2964/1216/2964
f  2390/478/2390 2963/1214/2963 2964/1216/2964
f  2964/1216/2964 2966/1218/2966 2390/478/2390
f  2391/479/2391 2390/478/2390 2966/1218/2966
f  2966/1218/2966 2967/1219/2967 2391/479/2391
f  2968/1221/2968 2969/1220/2969 2966/1218/2966
f  2966/1218/2966 2964/1216/2964 2968/1221/2968
f  2967/1219/2967 2966/1218/2966 2969/1220/2969
f  2969/1220/2969 2970/1222/2970 2967/1219/2967
f  2971/1223/2971 2967/1219/2967 2970/1222/2970
f  2970/1222/2970 2972/1224/2972 2971/1223/2971
f  2973/1226/2973 2974/1225/2974 2970/1222/2970
f  2970/1222/2970 2969/1220/2969 2973/1226/2973
f  2972/1224/2972 2970/1222/2970 2974/1225/2974
f  2974/1225/2974 2975/1227/2975 2972/1224/2972
f  2976/1230/2976 2972/1229/2972 2975/1228/2975
f  2975/1228/2975 2077/116/2077 2976/1230/2976
f  2977/1231/2977 2975/1227/2975 2974/1225/2974
f  2974/1225/2974 2978/1232/2978 2977/1231/2977
f  2077/116/2077 2975/1228/2975 2977/1233/2977
f  2977/1233/2977 2078/115/2078 2077/116/2077
f  2979/1234/2979 2977/1231/2977 2978/1232/2978
f  2978/1232/2978 2980/1235/2980 2979/1234/2979
f  2080/118/2080 2078/115/2078 2977/1233/2977
f  2977/1233/2977 2979/1236/2979 2080/118/2080
f  2981/1237/2981 2979/1234/2979 2980/1235/2980
f  2980/1235/2980 2982/1238/2982 2981/1237/2981
f  2983/1239/2983 2080/118/2080 2979/1236/2979
f  2979/1236/2979 2981/1240/2981 2983/1239/2983
f  2080/118/2080 2983/1239/2983 2984/1241/2984
f  2984/1241/2984 2079/117/2079 2080/118/2080
f  2985/1242/2985 2983/1239/2983 2981/1240/2981
f  2981/1240/2981 2986/1243/2986 2985/1242/2985
f  2987/1244/2987 2984/1241/2984 2983/1239/2983
f  2983/1239/2983 2985/1242/2985 2987/1244/2987
f  2812/1030/2812 2988/1245/2988 2987/1244/2987
f  2987/1244/2987 2989/1246/2989 2812/1030/2812
f  2984/1241/2984 2987/1244/2987 2988/1245/2988
f  2988/1245/2988 2990/1247/2990 2984/1241/2984
f  2989/1246/2989 2987/1244/2987 2985/1242/2985
f  2985/1242/2985 2991/1248/2991 2989/1246/2989
f  2986/1243/2986 2992/1249/2992 2991/1248/2991
f  2991/1248/2991 2985/1242/2985 2986/1243/2986
f  2993/1250/2993 2991/1248/2991 2992/1249/2992
f  2992/1249/2992 2994/1251/2994 2993/1250/2993
f  2817/1035/2817 2989/1246/2989 2991/1248/2991
f  2991/1248/2991 2993/1250/2993 2817/1035/2817
f  2818/1034/2818 2817/1035/2817 2993/1250/2993
f  2993/1250/2993 2064/102/2064 2818/1034/2818
f  2064/102/2064 2993/1250/2993 2994/1251/2994
f  2994/1251/2994 2061/101/2061 2064/102/2064
f  2995/1254/2995 2996/1253/2996 2994/1252/2994
f  2994/1252/2994 2992/1255/2992 2995/1254/2995
f  2061/1256/2061 2994/1252/2994 2996/1253/2996
f  2996/1253/2996 2997/1257/2997 2061/1256/2061
f  2998/1259/2998 2999/1258/2999 2997/1257/2997
f  2997/1257/2997 2996/1253/2996 2998/1259/2998
f  3000/1262/3000 2997/1261/2997 2999/1260/2999
f  2999/1260/2999 3001/1263/3001 3000/1262/3000
f  2062/1265/2062 2061/1264/2061 2997/1261/2997
f  2997/1261/2997 3000/1262/3000 2062/1265/2062
f  2948/1200/2948 3000/1262/3000 3001/1263/3001
f  3001/1263/3001 2949/1202/2949 2948/1200/2948
f  2068/1197/2068 2062/1265/2062 3000/1262/3000
f  3000/1262/3000 2948/1200/2948 2068/1197/2068
f  3002/1267/3002 3003/1266/3003 3001/1263/3001
f  3001/1263/3001 2999/1260/2999 3002/1267/3002
f  2949/1202/2949 3001/1263/3001 3003/1266/3003
f  3003/1266/3003 2951/1204/2951 2949/1202/2949
f  3004/1268/3004 3003/1266/3003 3002/1267/3002
f  3002/1267/3002 3005/1269/3005 3004/1268/3004
f  3006/1270/3006 2951/1204/2951 3003/1266/3003
f  3003/1266/3003 3004/1268/3004 3006/1270/3006
f  3007/1271/3007 3006/1270/3006 3004/1268/3004
f  3004/1268/3004 3008/1272/3008 3007/1271/3007
f  3009/1273/3009 2955/1207/2955 3006/1270/3006
f  3006/1270/3006 3007/1271/3007 3009/1273/3009
f  2951/1204/2951 3006/1270/3006 2955/1207/2955
f  2955/1207/2955 2952/1203/2952 2951/1204/2951
f  3010/1274/3010 3009/1273/3009 3007/1271/3007
f  3007/1271/3007 3011/1275/3011 3010/1274/3010
f  3012/1277/3012 3013/1276/3013 3009/1273/3009
f  3009/1273/3009 3010/1274/3010 3012/1277/3012
f  2955/1207/2955 3009/1273/3009 3013/1276/3013
f  3013/1276/3013 2954/1206/2954 2955/1207/2955
f  3014/1279/3014 3015/1278/3015 3013/1276/3013
f  3013/1276/3013 3012/1277/3012 3014/1279/3014
f  2954/1206/2954 3013/1276/3013 3015/1278/3015
f  3015/1278/3015 2956/1209/2956 2954/1206/2954
f  3016/1281/3016 3017/1280/3017 3015/1278/3015
f  3015/1278/3015 3014/1279/3014 3016/1281/3016
f  2956/1209/2956 3015/1278/3015 3017/1280/3017
f  3017/1280/3017 2958/1211/2958 2956/1209/2956
f  3018/1282/3018 3017/1280/3017 3016/1281/3016
f  3016/1281/3016 3019/1283/3019 3018/1282/3018
f  2958/1211/2958 3017/1280/3017 3018/1282/3018
f  3018/1282/3018 2960/1213/2960 2958/1211/2958
f  3020/1284/3020 3018/1282/3018 3019/1283/3019
f  3019/1283/3019 3021/1285/3021 3020/1284/3020
f  2962/1215/2962 2960/1213/2960 3018/1282/3018
f  3018/1282/3018 3020/1284/3020 2962/1215/2962
f  3022/1286/3022 3020/1284/3020 3021/1285/3021
f  3021/1285/3021 3023/1287/3023 3022/1286/3022
f  2965/1217/2965 2962/1215/2962 3020/1284/3020
f  3020/1284/3020 3022/1286/3022 2965/1217/2965
f  3024/1288/3024 3022/1286/3022 3023/1287/3023
f  3023/1287/3023 3025/1289/3025 3024/1288/3024
f  3026/1290/3026 2965/1217/2965 3022/1286/3022
f  3022/1286/3022 3024/1288/3024 3026/1290/3026
f  2965/1217/2965 3026/1290/3026 2968/1221/2968
f  2968/1221/2968 2964/1216/2964 2965/1217/2965
f  3027/1291/3027 3026/1290/3026 3024/1288/3024
f  3024/1288/3024 3028/1292/3028 3027/1291/3027
f  3029/1293/3029 2968/1221/2968 3026/1290/3026
f  3026/1290/3026 3027/1291/3027 3029/1293/3029
f  2969/1220/2969 2968/1221/2968 3029/1293/3029
f  3029/1293/3029 2973/1226/2973 2969/1220/2969
f  3030/1294/3030 3029/1293/3029 3027/1291/3027
f  3027/1291/3027 3031/1295/3031 3030/1294/3030
f  3032/1296/3032 2973/1226/2973 3029/1293/3029
f  3029/1293/3029 3030/1294/3030 3032/1296/3032
f  2973/1226/2973 3032/1296/3032 2978/1232/2978
f  2978/1232/2978 2974/1225/2974 2973/1226/2973
f  3033/1297/3033 3032/1296/3032 3030/1294/3030
f  3030/1294/3030 3034/1298/3034 3033/1297/3033
f  2980/1235/2980 2978/1232/2978 3032/1296/3032
f  3032/1296/3032 3033/1297/3033 2980/1235/2980
f  3035/1299/3035 3033/1297/3033 3034/1298/3034
f  3034/1298/3034 3036/1300/3036 3035/1299/3035
f  2982/1238/2982 2980/1235/2980 3033/1297/3033
f  3033/1297/3033 3035/1299/3035 2982/1238/2982
f  3037/1301/3037 3035/1299/3035 3036/1300/3036
f  3036/1300/3036 3038/1302/3038 3037/1301/3037
f  3039/1303/3039 2982/1238/2982 3035/1299/3035
f  3035/1299/3035 3037/1301/3037 3039/1303/3039
f  2982/1238/2982 3039/1303/3039 2986/1304/2986
f  2986/1304/2986 2981/1237/2981 2982/1238/2982
f  2995/1254/2995 3039/1303/3039 3037/1301/3037
f  3037/1301/3037 3040/1305/3040 2995/1254/2995
f  2992/1255/2992 2986/1304/2986 3039/1303/3039
f  3039/1303/3039 2995/1254/2995 2992/1255/2992
f  3038/1302/3038 3041/1306/3041 3040/1305/3040
f  3040/1305/3040 3037/1301/3037 3038/1302/3038
f  2998/1259/2998 3040/1305/3040 3041/1306/3041
f  3041/1306/3041 3042/1307/3042 2998/1259/2998
f  2996/1253/2996 2995/1254/2995 3040/1305/3040
f  3040/1305/3040 2998/1259/2998 2996/1253/2996
f  3043/1309/3043 3044/1308/3044 3042/1307/3042
f  3042/1307/3042 3041/1306/3041 3043/1309/3043
f  3002/1310/3002 3042/1307/3042 3044/1308/3044
f  3044/1308/3044 3005/1311/3005 3002/1310/3002
f  2999/1258/2999 2998/1259/2998 3042/1307/3042
f  3042/1307/3042 3002/1310/3002 2999/1258/2999
f  3045/1312/3045 3044/1308/3044 3043/1309/3043
f  3043/1309/3043 3046/1313/3046 3045/1312/3045
f  3047/1314/3047 3005/1311/3005 3044/1308/3044
f  3044/1308/3044 3045/1312/3045 3047/1314/3047
f  3048/1315/3048 3047/1314/3047 3045/1312/3045
f  3045/1312/3045 3049/1316/3049 3048/1315/3048
f  3050/1318/3050 3008/1272/3008 3047/1317/3047
f  3047/1317/3047 3048/1319/3048 3050/1318/3050
f  3005/1269/3005 3047/1317/3047 3008/1272/3008
f  3008/1272/3008 3004/1268/3004 3005/1269/3005
f  3051/1320/3051 3050/1318/3050 3048/1319/3048
f  3048/1319/3048 3052/1321/3052 3051/1320/3051
f  3053/1322/3053 3011/1275/3011 3050/1318/3050
f  3050/1318/3050 3051/1320/3051 3053/1322/3053
f  3008/1272/3008 3050/1318/3050 3011/1275/3011
f  3011/1275/3011 3007/1271/3007 3008/1272/3008
f  3054/1323/3054 3053/1322/3053 3051/1320/3051
f  3051/1320/3051 3055/1324/3055 3054/1323/3054
f  3056/1326/3056 3057/1325/3057 3053/1322/3053
f  3053/1322/3053 3054/1323/3054 3056/1326/3056
f  3011/1275/3011 3053/1322/3053 3057/1325/3057
f  3057/1325/3057 3010/1274/3010 3011/1275/3011
f  3058/1328/3058 3059/1327/3059 3057/1325/3057
f  3057/1325/3057 3056/1326/3056 3058/1328/3058
f  3010/1274/3010 3057/1325/3057 3059/1327/3059
f  3059/1327/3059 3012/1277/3012 3010/1274/3010
f  3060/1330/3060 3061/1329/3061 3059/1327/3059
f  3059/1327/3059 3058/1328/3058 3060/1330/3060
f  3012/1277/3012 3059/1327/3059 3061/1329/3061
f  3061/1329/3061 3014/1279/3014 3012/1277/3012
f  3062/1331/3062 3061/1329/3061 3060/1330/3060
f  3060/1330/3060 3063/1332/3063 3062/1331/3062
f  3014/1279/3014 3061/1329/3061 3062/1331/3062
f  3062/1331/3062 3016/1281/3016 3014/1279/3014
f  3064/1333/3064 3062/1331/3062 3063/1332/3063
f  3063/1332/3063 3065/1334/3065 3064/1333/3064
f  3019/1283/3019 3016/1281/3016 3062/1331/3062
f  3062/1331/3062 3064/1333/3064 3019/1283/3019
f  3066/1335/3066 3064/1333/3064 3065/1334/3065
f  3065/1334/3065 3067/1336/3067 3066/1335/3066
f  3021/1285/3021 3019/1283/3019 3064/1333/3064
f  3064/1333/3064 3066/1335/3066 3021/1285/3021
f  3068/1337/3068 3066/1335/3066 3067/1336/3067
f  3067/1336/3067 3069/1338/3069 3068/1337/3068
f  3023/1287/3023 3021/1285/3021 3066/1335/3066
f  3066/1335/3066 3068/1337/3068 3023/1287/3023
f  3070/1339/3070 3068/1337/3068 3069/1338/3069
f  3069/1338/3069 3071/1340/3071 3070/1339/3070
f  3025/1289/3025 3023/1287/3023 3068/1337/3068
f  3068/1337/3068 3070/1339/3070 3025/1289/3025
f  3072/1341/3072 3070/1339/3070 3071/1340/3071
f  3071/1340/3071 3073/1342/3073 3072/1341/3072
f  3074/1343/3074 3025/1289/3025 3070/1339/3070
f  3070/1339/3070 3072/1341/3072 3074/1343/3074
f  3025/1289/3025 3074/1343/3074 3028/1292/3028
f  3028/1292/3028 3024/1288/3024 3025/1289/3025
f  3075/1344/3075 3074/1343/3074 3072/1341/3072
f  3072/1341/3072 3076/1345/3076 3075/1344/3075
f  3077/1346/3077 3028/1292/3028 3074/1343/3074
f  3074/1343/3074 3075/1344/3075 3077/1346/3077
f  3028/1292/3028 3077/1346/3077 3031/1295/3031
f  3031/1295/3031 3027/1291/3027 3028/1292/3028
f  3078/1347/3078 3077/1346/3077 3075/1344/3075
f  3075/1344/3075 3079/1348/3079 3078/1347/3078
f  3080/1349/3080 3031/1295/3031 3077/1346/3077
f  3077/1346/3077 3078/1347/3078 3080/1349/3080
f  3031/1295/3031 3080/1349/3080 3034/1298/3034
f  3034/1298/3034 3030/1294/3030 3031/1295/3031
f  3081/1350/3081 3080/1349/3080 3078/1347/3078
f  3078/1347/3078 3082/1351/3082 3081/1350/3081
f  3036/1300/3036 3034/1298/3034 3080/1349/3080
f  3080/1349/3080 3081/1350/3081 3036/1300/3036
f  3083/1352/3083 3081/1350/3081 3082/1351/3082
f  3082/1351/3082 3084/1353/3084 3083/1352/3083
f  3038/1302/3038 3036/1300/3036 3081/1350/3081
f  3081/1350/3081 3083/1352/3083 3038/1302/3038
f  3043/1309/3043 3083/1352/3083 3084/1353/3084
f  3084/1353/3084 3046/1313/3046 3043/1309/3043
f  3041/1306/3041 3038/1302/3038 3083/1352/3083
f  3083/1352/3083 3043/1309/3043 3041/1306/3041
f  3085/1355/3085 3086/1354/3086 3084/1353/3084
f  3084/1353/3084 3082/1351/3082 3085/1355/3085
f  3046/1313/3046 3084/1353/3084 3086/1354/3086
f  3086/1354/3086 3087/1356/3087 3046/1313/3046
f  3088/1358/3088 3089/1357/3089 3087/1356/3087
f  3087/1356/3087 3086/1354/3086 3088/1358/3088
f  3049/1316/3049 3087/1356/3087 3089/1357/3089
f  3089/1357/3089 3090/1359/3090 3049/1316/3049
f  3045/1312/3045 3046/1313/3046 3087/1356/3087
f  3087/1356/3087 3049/1316/3049 3045/1312/3045
f  3091/1361/3091 3092/1360/3092 3090/1359/3090
f  3090/1359/3090 3089/1357/3089 3091/1361/3091
f  3093/1363/3093 3052/1362/3052 3090/1359/3090
f  3090/1359/3090 3092/1360/3092 3093/1363/3093
f  3049/1316/3049 3090/1359/3090 3052/1362/3052
f  3052/1362/3052 3048/1315/3048 3049/1316/3049
f  3094/1365/3094 3095/1364/3095 3093/1363/3093
f  3093/1363/3093 3092/1360/3092 3094/1365/3094
f  3096/1367/3096 3055/1324/3055 3093/1366/3093
f  3093/1366/3093 3095/1368/3095 3096/1367/3096
f  3052/1321/3052 3093/1366/3093 3055/1324/3055
f  3055/1324/3055 3051/1320/3051 3052/1321/3052
f  3097/1370/3097 3098/1369/3098 3096/1367/3096
f  3096/1367/3096 3095/1368/3095 3097/1370/3097
f  3099/1372/3099 3100/1371/3100 3096/1367/3096
f  3096/1367/3096 3098/1369/3098 3099/1372/3099
f  3055/1324/3055 3096/1367/3096 3100/1371/3100
f  3100/1371/3100 3054/1323/3054 3055/1324/3055
f  3101/1374/3101 3102/1373/3102 3100/1371/3100
f  3100/1371/3100 3099/1372/3099 3101/1374/3101
f  3054/1323/3054 3100/1371/3100 3102/1373/3102
f  3102/1373/3102 3056/1326/3056 3054/1323/3054
f  3103/1376/3103 3104/1375/3104 3102/1373/3102
f  3102/1373/3102 3101/1374/3101 3103/1376/3103
f  3056/1326/3056 3102/1373/3102 3104/1375/3104
f  3104/1375/3104 3058/1328/3058 3056/1326/3056
f  3105/1378/3105 3106/1377/3106 3104/1375/3104
f  3104/1375/3104 3103/1376/3103 3105/1378/3105
f  3058/1328/3058 3104/1375/3104 3106/1377/3106
f  3106/1377/3106 3060/1330/3060 3058/1328/3058
f  3107/1380/3107 3108/1379/3108 3106/1377/3106
f  3106/1377/3106 3105/1378/3105 3107/1380/3107
f  3063/1332/3063 3060/1330/3060 3106/1377/3106
f  3106/1377/3106 3108/1379/3108 3063/1332/3063
f  3109/1381/3109 3108/1379/3108 3107/1380/3107
f  3107/1380/3107 3110/1382/3110 3109/1381/3109
f  3065/1334/3065 3063/1332/3063 3108/1379/3108
f  3108/1379/3108 3109/1381/3109 3065/1334/3065
f  3111/1383/3111 3109/1381/3109 3110/1382/3110
f  3110/1382/3110 3112/1384/3112 3111/1383/3111
f  3067/1336/3067 3065/1334/3065 3109/1381/3109
f  3109/1381/3109 3111/1383/3111 3067/1336/3067
f  3113/1385/3113 3111/1383/3111 3112/1384/3112
f  3112/1384/3112 3114/1386/3114 3113/1385/3113
f  3069/1338/3069 3067/1336/3067 3111/1383/3111
f  3111/1383/3111 3113/1385/3113 3069/1338/3069
f  3115/1387/3115 3113/1385/3113 3114/1386/3114
f  3114/1386/3114 3116/1388/3116 3115/1387/3115
f  3071/1340/3071 3069/1338/3069 3113/1385/3113
f  3113/1385/3113 3115/1387/3115 3071/1340/3071
f  3117/1389/3117 3115/1387/3115 3116/1388/3116
f  3116/1388/3116 3118/1390/3118 3117/1389/3117
f  3073/1342/3073 3071/1340/3071 3115/1387/3115
f  3115/1387/3115 3117/1389/3117 3073/1342/3073
f  3119/1391/3119 3117/1389/3117 3118/1390/3118
f  3118/1390/3118 3120/1392/3120 3119/1391/3119
f  3121/1393/3121 3073/1342/3073 3117/1389/3117
f  3117/1389/3117 3119/1391/3119 3121/1393/3121
f  3073/1342/3073 3121/1393/3121 3076/1345/3076
f  3076/1345/3076 3072/1341/3072 3073/1342/3073
f  3122/1394/3122 3121/1393/3121 3119/1391/3119
f  3119/1391/3119 3123/1395/3123 3122/1394/3122
f  3124/1396/3124 3076/1345/3076 3121/1393/3121
f  3121/1393/3121 3122/1394/3122 3124/1396/3124
f  3076/1345/3076 3124/1396/3124 3079/1348/3079
f  3079/1348/3079 3075/1344/3075 3076/1345/3076
f  3125/1397/3125 3124/1396/3124 3122/1394/3122
f  3122/1394/3122 3126/1398/3126 3125/1397/3125
f  3085/1355/3085 3079/1348/3079 3124/1396/3124
f  3124/1396/3124 3125/1397/3125 3085/1355/3085
f  3088/1358/3088 3125/1397/3125 3126/1398/3126
f  3126/1398/3126 3127/1399/3127 3088/1358/3088
f  3086/1354/3086 3085/1355/3085 3125/1397/3125
f  3125/1397/3125 3088/1358/3088 3086/1354/3086
f  3128/1401/3128 3129/1400/3129 3127/1399/3127
f  3127/1399/3127 3126/1398/3126 3128/1401/3128
f  3091/1361/3091 3127/1399/3127 3129/1400/3129
f  3129/1400/3129 3130/1402/3130 3091/1361/3091
f  3089/1357/3089 3088/1358/3088 3127/1399/3127
f  3127/1399/3127 3091/1361/3091 3089/1357/3089
f  3131/1404/3131 3132/1403/3132 3130/1402/3130
f  3130/1402/3130 3129/1400/3129 3131/1404/3131
f  3094/1365/3094 3130/1402/3130 3132/1403/3132
f  3132/1403/3132 3133/1405/3133 3094/1365/3094
f  3092/1360/3092 3091/1361/3091 3130/1402/3130
f  3130/1402/3130 3094/1365/3094 3092/1360/3092
f  3134/1407/3134 3135/1406/3135 3133/1405/3133
f  3133/1405/3133 3132/1403/3132 3134/1407/3134
f  3097/1408/3097 3133/1405/3133 3135/1406/3135
f  3135/1406/3135 3136/1409/3136 3097/1408/3097
f  3095/1364/3095 3094/1365/3094 3133/1405/3133
f  3133/1405/3133 3097/1408/3097 3095/1364/3095
f  3137/1411/3137 3138/1410/3138 3136/1409/3136
f  3136/1409/3136 3135/1406/3135 3137/1411/3137
f  3139/1414/3139 3136/1413/3136 3138/1412/3138
f  3138/1412/3138 3140/1415/3140 3139/1414/3139
f  3098/1369/3098 3097/1370/3097 3136/1413/3136
f  3136/1413/3136 3139/1414/3139 3098/1369/3098
f  3141/1416/3141 3139/1414/3139 3140/1415/3140
f  3140/1415/3140 3142/1417/3142 3141/1416/3141
f  3099/1372/3099 3098/1369/3098 3139/1414/3139
f  3139/1414/3139 3141/1416/3141 3099/1372/3099
f  3143/1418/3143 3141/1416/3141 3142/1417/3142
f  3142/1417/3142 3144/1419/3144 3143/1418/3143
f  3101/1374/3101 3099/1372/3099 3141/1416/3141
f  3141/1416/3141 3143/1418/3143 3101/1374/3101
f  3145/1420/3145 3143/1418/3143 3144/1419/3144
f  3144/1419/3144 3146/1421/3146 3145/1420/3145
f  3103/1376/3103 3101/1374/3101 3143/1418/3143
f  3143/1418/3143 3145/1420/3145 3103/1376/3103
f  3147/1422/3147 3145/1420/3145 3146/1421/3146
f  3146/1421/3146 3148/1423/3148 3147/1422/3147
f  3103/1376/3103 3145/1420/3145 3147/1422/3147
f  3147/1422/3147 3105/1378/3105 3103/1376/3103
f  3149/1424/3149 3147/1422/3147 3148/1423/3148
f  3148/1423/3148 3150/1425/3150 3149/1424/3149
f  3107/1380/3107 3105/1378/3105 3147/1422/3147
f  3147/1422/3147 3149/1424/3149 3107/1380/3107
f  3151/1426/3151 3149/1424/3149 3150/1425/3150
f  3150/1425/3150 3152/1427/3152 3151/1426/3151
f  3110/1382/3110 3107/1380/3107 3149/1424/3149
f  3149/1424/3149 3151/1426/3151 3110/1382/3110
f  3153/1428/3153 3151/1426/3151 3152/1427/3152
f  3152/1427/3152 3154/1429/3154 3153/1428/3153
f  3112/1384/3112 3110/1382/3110 3151/1426/3151
f  3151/1426/3151 3153/1428/3153 3112/1384/3112
f  3155/1430/3155 3153/1428/3153 3154/1429/3154
f  3154/1429/3154 3156/1431/3156 3155/1430/3155
f  3114/1386/3114 3112/1384/3112 3153/1428/3153
f  3153/1428/3153 3155/1430/3155 3114/1386/3114
f  3157/1432/3157 3155/1430/3155 3156/1431/3156
f  3156/1431/3156 3158/1433/3158 3157/1432/3157
f  3116/1388/3116 3114/1386/3114 3155/1430/3155
f  3155/1430/3155 3157/1432/3157 3116/1388/3116
f  3159/1435/3159 3160/1434/3160 3157/1432/3157
f  3157/1432/3157 3158/1433/3158 3159/1435/3159
f  3118/1390/3118 3116/1388/3116 3157/1432/3157
f  3157/1432/3157 3160/1434/3160 3118/1390/3118
f  3161/1437/3161 3162/1436/3162 3160/1434/3160
f  3160/1434/3160 3159/1435/3159 3161/1437/3161
f  3120/1392/3120 3118/1390/3118 3160/1434/3160
f  3160/1434/3160 3162/1436/3162 3120/1392/3120
f  3163/1439/3163 3164/1438/3164 3162/1436/3162
f  3162/1436/3162 3161/1437/3161 3163/1439/3163
f  3165/1440/3165 3120/1392/3120 3162/1436/3162
f  3162/1436/3162 3164/1438/3164 3165/1440/3165
f  3120/1392/3120 3165/1440/3165 3123/1395/3123
f  3123/1395/3123 3119/1391/3119 3120/1392/3120
f  3166/1441/3166 3165/1440/3165 3164/1438/3164
f  3164/1438/3164 3167/1442/3167 3166/1441/3166
f  3128/1401/3128 3123/1395/3123 3165/1440/3165
f  3165/1440/3165 3166/1441/3166 3128/1401/3128
f  3131/1404/3131 3166/1441/3166 3167/1442/3167
f  3167/1442/3167 3168/1443/3168 3131/1404/3131
f  3129/1400/3129 3128/1401/3128 3166/1441/3166
f  3166/1441/3166 3131/1404/3131 3129/1400/3129
f  3169/1444/3169 3168/1443/3168 3167/1442/3167
f  3167/1442/3167 3170/1445/3170 3169/1444/3169
f  3134/1407/3134 3168/1443/3168 3169/1444/3169
f  3169/1444/3169 3171/1446/3171 3134/1407/3134
f  3132/1403/3132 3131/1404/3131 3168/1443/3168
f  3168/1443/3168 3134/1407/3134 3132/1403/3132
f  3172/1447/3172 3171/1446/3171 3169/1444/3169
f  3169/1444/3169 3173/1448/3173 3172/1447/3172
f  3137/1411/3137 3171/1446/3171 3172/1447/3172
f  3172/1447/3172 3174/1449/3174 3137/1411/3137
f  3135/1406/3135 3134/1407/3134 3171/1446/3171
f  3171/1446/3171 3137/1411/3137 3135/1406/3135
f  3175/1450/3175 3174/1449/3174 3172/1447/3172
f  3172/1447/3172 3176/1451/3176 3175/1450/3175
f  3177/1452/3177 3174/1449/3174 3175/1450/3175
f  3175/1450/3175 3178/1453/3178 3177/1452/3177
f  3138/1410/3138 3137/1411/3137 3174/1449/3174
f  3174/1449/3174 3177/1452/3177 3138/1410/3138
f  3179/1456/3179 3177/1455/3177 3178/1454/3178
f  3178/1454/3178 3180/1457/3180 3179/1456/3179
f  3140/1415/3140 3138/1412/3138 3177/1455/3177
f  3177/1455/3177 3179/1456/3179 3140/1415/3140
f  3181/1458/3181 3179/1456/3179 3180/1457/3180
f  3180/1457/3180 3182/1459/3182 3181/1458/3181
f  3142/1417/3142 3140/1415/3140 3179/1456/3179
f  3179/1456/3179 3181/1458/3181 3142/1417/3142
f  3183/1460/3183 3181/1458/3181 3182/1459/3182
f  3182/1459/3182 3184/1461/3184 3183/1460/3183
f  3144/1419/3144 3142/1417/3142 3181/1458/3181
f  3181/1458/3181 3183/1460/3183 3144/1419/3144
f  3185/1462/3185 3183/1460/3183 3184/1461/3184
f  3184/1461/3184 3186/1463/3186 3185/1462/3185
f  3146/1421/3146 3144/1419/3144 3183/1460/3183
f  3183/1460/3183 3185/1462/3185 3146/1421/3146
f  3187/1464/3187 3185/1462/3185 3186/1463/3186
f  3186/1463/3186 3188/1465/3188 3187/1464/3187
f  3148/1423/3148 3146/1421/3146 3185/1462/3185
f  3185/1462/3185 3187/1464/3187 3148/1423/3148
f  3189/1466/3189 3187/1464/3187 3188/1465/3188
f  3188/1465/3188 3190/1467/3190 3189/1466/3189
f  3150/1425/3150 3148/1423/3148 3187/1464/3187
f  3187/1464/3187 3189/1466/3189 3150/1425/3150
f  3191/1468/3191 3189/1466/3189 3190/1467/3190
f  3190/1467/3190 3192/1469/3192 3191/1468/3191
f  3152/1427/3152 3150/1425/3150 3189/1466/3189
f  3189/1466/3189 3191/1468/3191 3152/1427/3152
f  3193/1470/3193 3191/1468/3191 3192/1469/3192
f  3192/1469/3192 3194/1471/3194 3193/1470/3193
f  3154/1429/3154 3152/1427/3152 3191/1468/3191
f  3191/1468/3191 3193/1470/3193 3154/1429/3154
f  3195/1472/3195 3193/1470/3193 3194/1471/3194
f  3194/1471/3194 3196/1473/3196 3195/1472/3195
f  3156/1431/3156 3154/1429/3154 3193/1470/3193
f  3193/1470/3193 3195/1472/3195 3156/1431/3156
f  3197/1475/3197 3198/1474/3198 3195/1472/3195
f  3195/1472/3195 3196/1473/3196 3197/1475/3197
f  3158/1433/3158 3156/1431/3156 3195/1472/3195
f  3195/1472/3195 3198/1474/3198 3158/1433/3158
f  3199/1477/3199 3200/1476/3200 3198/1474/3198
f  3198/1474/3198 3197/1475/3197 3199/1477/3199
f  3158/1433/3158 3198/1474/3198 3200/1476/3200
f  3200/1476/3200 3159/1435/3159 3158/1433/3158
f  3201/1479/3201 3202/1478/3202 3200/1476/3200
f  3200/1476/3200 3199/1477/3199 3201/1479/3201
f  3159/1435/3159 3200/1476/3200 3202/1478/3202
f  3202/1478/3202 3161/1437/3161 3159/1435/3159
f  3203/1481/3203 3204/1480/3204 3202/1478/3202
f  3202/1478/3202 3201/1479/3201 3203/1481/3203
f  3161/1437/3161 3202/1478/3202 3204/1480/3204
f  3204/1480/3204 3163/1439/3163 3161/1437/3161
f  3205/1483/3205 3206/1482/3206 3204/1480/3204
f  3204/1480/3204 3203/1481/3203 3205/1483/3205
f  3163/1439/3163 3204/1480/3204 3206/1482/3206
f  3206/1482/3206 3170/1445/3170 3163/1439/3163
f  3207/1484/3207 3173/1448/3173 3206/1482/3206
f  3206/1482/3206 3205/1483/3205 3207/1484/3207
f  3170/1445/3170 3206/1482/3206 3173/1448/3173
f  3173/1448/3173 3169/1444/3169 3170/1445/3170
f  3208/1485/3208 3207/1484/3207 3205/1483/3205
f  3205/1483/3205 3209/1486/3209 3208/1485/3208
f  3210/1487/3210 3176/1451/3176 3207/1484/3207
f  3207/1484/3207 3208/1485/3208 3210/1487/3210
f  3173/1448/3173 3207/1484/3207 3176/1451/3176
f  3176/1451/3176 3172/1447/3172 3173/1448/3173
f  3211/1488/3211 3210/1487/3210 3208/1485/3208
f  3208/1485/3208 3212/1489/3212 3211/1488/3211
f  3213/1491/3213 3214/1490/3214 3210/1487/3210
f  3210/1487/3210 3211/1488/3211 3213/1491/3213
f  3176/1451/3176 3210/1487/3210 3214/1490/3214
f  3214/1490/3214 3175/1450/3175 3176/1451/3176
f  3215/1492/3215 3214/1490/3214 3213/1491/3213
f  3213/1491/3213 3216/1493/3216 3215/1492/3215
f  3178/1453/3178 3175/1450/3175 3214/1490/3214
f  3214/1490/3214 3215/1492/3215 3178/1453/3178
f  3217/1496/3217 3215/1495/3215 3216/1494/3216
f  3216/1494/3216 3218/1497/3218 3217/1496/3217
f  3180/1457/3180 3178/1454/3178 3215/1495/3215
f  3215/1495/3215 3217/1496/3217 3180/1457/3180
f  3219/1498/3219 3217/1496/3217 3218/1497/3218
f  3218/1497/3218 3220/1499/3220 3219/1498/3219
f  3182/1459/3182 3180/1457/3180 3217/1496/3217
f  3217/1496/3217 3219/1498/3219 3182/1459/3182
f  3221/1500/3221 3219/1498/3219 3220/1499/3220
f  3220/1499/3220 3222/1501/3222 3221/1500/3221
f  3184/1461/3184 3182/1459/3182 3219/1498/3219
f  3219/1498/3219 3221/1500/3221 3184/1461/3184
f  3223/1502/3223 3221/1500/3221 3222/1501/3222
f  3222/1501/3222 3224/1503/3224 3223/1502/3223
f  3186/1463/3186 3184/1461/3184 3221/1500/3221
f  3221/1500/3221 3223/1502/3223 3186/1463/3186
f  3225/1504/3225 3223/1502/3223 3224/1503/3224
f  3224/1503/3224 3226/1505/3226 3225/1504/3225
f  3188/1465/3188 3186/1463/3186 3223/1502/3223
f  3223/1502/3223 3225/1504/3225 3188/1465/3188
f  3227/1506/3227 3225/1504/3225 3226/1505/3226
f  3226/1505/3226 3228/1507/3228 3227/1506/3227
f  3190/1467/3190 3188/1465/3188 3225/1504/3225
f  3225/1504/3225 3227/1506/3227 3190/1467/3190
f  3229/1508/3229 3227/1506/3227 3228/1507/3228
f  3228/1507/3228 3230/1509/3230 3229/1508/3229
f  3192/1469/3192 3190/1467/3190 3227/1506/3227
f  3227/1506/3227 3229/1508/3229 3192/1469/3192
f  3231/1510/3231 3229/1508/3229 3230/1509/3230
f  3230/1509/3230 3232/1511/3232 3231/1510/3231
f  3194/1471/3194 3192/1469/3192 3229/1508/3229
f  3229/1508/3229 3231/1510/3231 3194/1471/3194
f  3233/1513/3233 3234/1512/3234 3231/1510/3231
f  3231/1510/3231 3232/1511/3232 3233/1513/3233
f  3196/1473/3196 3194/1471/3194 3231/1510/3231
f  3231/1510/3231 3234/1512/3234 3196/1473/3196
f  3235/1515/3235 3236/1514/3236 3234/1512/3234
f  3234/1512/3234 3233/1513/3233 3235/1515/3235
f  3196/1473/3196 3234/1512/3234 3236/1514/3236
f  3236/1514/3236 3197/1475/3197 3196/1473/3196
f  3237/1517/3237 3238/1516/3238 3236/1514/3236
f  3236/1514/3236 3235/1515/3235 3237/1517/3237
f  3197/1475/3197 3236/1514/3236 3238/1516/3238
f  3238/1516/3238 3199/1477/3199 3197/1475/3197
f  3239/1519/3239 3240/1518/3240 3238/1516/3238
f  3238/1516/3238 3237/1517/3237 3239/1519/3239
f  3199/1477/3199 3238/1516/3238 3240/1518/3240
f  3240/1518/3240 3201/1479/3201 3199/1477/3199
f  3241/1521/3241 3242/1520/3242 3240/1518/3240
f  3240/1518/3240 3239/1519/3239 3241/1521/3241
f  3201/1479/3201 3240/1518/3240 3242/1520/3242
f  3242/1520/3242 3203/1481/3203 3201/1479/3201
f  3243/1522/3243 3209/1486/3209 3242/1520/3242
f  3242/1520/3242 3241/1521/3241 3243/1522/3243
f  3203/1481/3203 3242/1520/3242 3209/1486/3209
f  3209/1486/3209 3205/1483/3205 3203/1481/3203
f  3244/1523/3244 3243/1522/3243 3241/1521/3241
f  3241/1521/3241 3245/1524/3245 3244/1523/3244
f  3246/1525/3246 3212/1489/3212 3243/1522/3243
f  3243/1522/3243 3244/1523/3244 3246/1525/3246
f  3209/1486/3209 3243/1522/3243 3212/1489/3212
f  3212/1489/3212 3208/1485/3208 3209/1486/3209
f  3247/1526/3247 3246/1525/3246 3244/1523/3244
f  3244/1523/3244 3248/1527/3248 3247/1526/3247
f  3249/1529/3249 3250/1528/3250 3246/1525/3246
f  3246/1525/3246 3247/1526/3247 3249/1529/3249
f  3212/1489/3212 3246/1525/3246 3250/1528/3250
f  3250/1528/3250 3211/1488/3211 3212/1489/3212
f  3251/1531/3251 3252/1530/3252 3250/1528/3250
f  3250/1528/3250 3249/1529/3249 3251/1531/3251
f  3211/1488/3211 3250/1528/3250 3252/1530/3252
f  3252/1530/3252 3213/1491/3213 3211/1488/3211
f  3253/1532/3253 3252/1530/3252 3251/1531/3251
f  3251/1531/3251 3254/1533/3254 3253/1532/3253
f  3216/1493/3216 3213/1491/3213 3252/1530/3252
f  3252/1530/3252 3253/1532/3253 3216/1493/3216
f  3255/1536/3255 3253/1535/3253 3254/1534/3254
f  3254/1534/3254 3256/1537/3256 3255/1536/3255
f  3218/1497/3218 3216/1494/3216 3253/1535/3253
f  3253/1535/3253 3255/1536/3255 3218/1497/3218
f  3257/1538/3257 3255/1536/3255 3256/1537/3256
f  3256/1537/3256 3258/1539/3258 3257/1538/3257
f  3220/1499/3220 3218/1497/3218 3255/1536/3255
f  3255/1536/3255 3257/1538/3257 3220/1499/3220
f  3259/1540/3259 3257/1538/3257 3258/1539/3258
f  3258/1539/3258 3260/1541/3260 3259/1540/3259
f  3222/1501/3222 3220/1499/3220 3257/1538/3257
f  3257/1538/3257 3259/1540/3259 3222/1501/3222
f  3261/1543/3261 3262/1542/3262 3259/1540/3259
f  3259/1540/3259 3260/1541/3260 3261/1543/3261
f  3224/1503/3224 3222/1501/3222 3259/1540/3259
f  3259/1540/3259 3262/1542/3262 3224/1503/3224
f  3263/1544/3263 3262/1542/3262 3261/1543/3261
f  3261/1543/3261 3264/1545/3264 3263/1544/3263
f  3226/1505/3226 3224/1503/3224 3262/1542/3262
f  3262/1542/3262 3263/1544/3263 3226/1505/3226
f  3265/1546/3265 3263/1544/3263 3264/1545/3264
f  3264/1545/3264 3266/1547/3266 3265/1546/3265
f  3228/1507/3228 3226/1505/3226 3263/1544/3263
f  3263/1544/3263 3265/1546/3265 3228/1507/3228
f  3267/1548/3267 3265/1546/3265 3266/1547/3266
f  3266/1547/3266 3268/1549/3268 3267/1548/3267
f  3230/1509/3230 3228/1507/3228 3265/1546/3265
f  3265/1546/3265 3267/1548/3267 3230/1509/3230
f  3269/1550/3269 3267/1548/3267 3268/1549/3268
f  3268/1549/3268 3270/1551/3270 3269/1550/3269
f  3232/1511/3232 3230/1509/3230 3267/1548/3267
f  3267/1548/3267 3269/1550/3269 3232/1511/3232
f  3271/1552/3271 3269/1550/3269 3270/1551/3270
f  3270/1551/3270 3272/1553/3272 3271/1552/3271
f  3233/1513/3233 3232/1511/3232 3269/1550/3269
f  3269/1550/3269 3271/1552/3271 3233/1513/3233
f  3273/1554/3273 3271/1552/3271 3272/1553/3272
f  3272/1553/3272 3274/1555/3274 3273/1554/3273
f  3233/1513/3233 3271/1552/3271 3273/1554/3273
f  3273/1554/3273 3235/1515/3235 3233/1513/3233
f  3275/1556/3275 3273/1554/3273 3274/1555/3274
f  3274/1555/3274 3276/1557/3276 3275/1556/3275
f  3235/1515/3235 3273/1554/3273 3275/1556/3275
f  3275/1556/3275 3237/1517/3237 3235/1515/3235
f  3277/1559/3277 3278/1558/3278 3275/1556/3275
f  3275/1556/3275 3276/1557/3276 3277/1559/3277
f  3237/1517/3237 3275/1556/3275 3278/1558/3278
f  3278/1558/3278 3239/1519/3239 3237/1517/3237
f  3279/1560/3279 3245/1524/3245 3278/1558/3278
f  3278/1558/3278 3277/1559/3277 3279/1560/3279
f  3239/1519/3239 3278/1558/3278 3245/1524/3245
f  3245/1524/3245 3241/1521/3241 3239/1519/3239
f  3280/1561/3280 3279/1560/3279 3277/1559/3277
f  3277/1559/3277 3281/1562/3281 3280/1561/3280
f  3282/1563/3282 3248/1527/3248 3279/1560/3279
f  3279/1560/3279 3280/1561/3280 3282/1563/3282
f  3245/1524/3245 3279/1560/3279 3248/1527/3248
f  3248/1527/3248 3244/1523/3244 3245/1524/3245
f  3283/1564/3283 3282/1563/3282 3280/1561/3280
f  3280/1561/3280 3284/1565/3284 3283/1564/3283
f  3285/1566/3285 3282/1563/3282 3283/1564/3283
f  3283/1564/3283 3286/1567/3286 3285/1566/3285
f  3248/1527/3248 3282/1563/3282 3285/1566/3285
f  3285/1566/3285 3247/1526/3247 3248/1527/3248
f  3287/1568/3287 3285/1566/3285 3286/1567/3286
f  3286/1567/3286 3288/1569/3288 3287/1568/3287
f  3247/1526/3247 3285/1566/3285 3287/1568/3287
f  3287/1568/3287 3249/1529/3249 3247/1526/3247
f  3289/1570/3289 3287/1568/3287 3288/1569/3288
f  3288/1569/3288 3290/1571/3290 3289/1570/3289
f  3251/1531/3251 3249/1529/3249 3287/1568/3287
f  3287/1568/3287 3289/1570/3289 3251/1531/3251
f  3291/1573/3291 3292/1572/3292 3289/1570/3289
f  3289/1570/3289 3290/1571/3290 3291/1573/3291
f  3254/1533/3254 3251/1531/3251 3289/1570/3289
f  3289/1570/3289 3292/1572/3292 3254/1533/3254
f  3293/1576/3293 3294/1575/3294 3292/1574/3292
f  3292/1574/3292 3291/1577/3291 3293/1576/3293
f  3256/1537/3256 3254/1534/3254 3292/1574/3292
f  3292/1574/3292 3294/1575/3294 3256/1537/3256
f  3295/1579/3295 3296/1578/3296 3294/1575/3294
f  3294/1575/3294 3293/1576/3293 3295/1579/3295
f  3258/1539/3258 3256/1537/3256 3294/1575/3294
f  3294/1575/3294 3296/1578/3296 3258/1539/3258
f  3297/1581/3297 3298/1580/3298 3296/1578/3296
f  3296/1578/3296 3295/1579/3295 3297/1581/3297
f  3258/1539/3258 3296/1578/3296 3298/1580/3298
f  3298/1580/3298 3260/1541/3260 3258/1539/3258
f  3299/1583/3299 3300/1582/3300 3298/1580/3298
f  3298/1580/3298 3297/1581/3297 3299/1583/3299
f  3260/1541/3260 3298/1580/3298 3300/1582/3300
f  3300/1582/3300 3261/1543/3261 3260/1541/3260
f  3301/1584/3301 3300/1582/3300 3299/1583/3299
f  3299/1583/3299 3302/1585/3302 3301/1584/3301
f  3261/1543/3261 3300/1582/3300 3301/1584/3301
f  3301/1584/3301 3264/1545/3264 3261/1543/3261
f  3303/1586/3303 3301/1584/3301 3302/1585/3302
f  3302/1585/3302 3304/1587/3304 3303/1586/3303
f  3266/1547/3266 3264/1545/3264 3301/1584/3301
f  3301/1584/3301 3303/1586/3303 3266/1547/3266
f  3305/1588/3305 3303/1586/3303 3304/1587/3304
f  3304/1587/3304 3306/1589/3306 3305/1588/3305
f  3268/1549/3268 3266/1547/3266 3303/1586/3303
f  3303/1586/3303 3305/1588/3305 3268/1549/3268
f  3307/1590/3307 3305/1588/3305 3306/1589/3306
f  3306/1589/3306 3308/1591/3308 3307/1590/3307
f  3270/1551/3270 3268/1549/3268 3305/1588/3305
f  3305/1588/3305 3307/1590/3307 3270/1551/3270
f  3309/1592/3309 3307/1590/3307 3308/1591/3308
f  3308/1591/3308 3310/1593/3310 3309/1592/3309
f  3272/1553/3272 3270/1551/3270 3307/1590/3307
f  3307/1590/3307 3309/1592/3309 3272/1553/3272
f  3311/1594/3311 3309/1592/3309 3310/1593/3310
f  3310/1593/3310 3312/1595/3312 3311/1594/3311
f  3274/1555/3274 3272/1553/3272 3309/1592/3309
f  3309/1592/3309 3311/1594/3311 3274/1555/3274
f  3313/1596/3313 3311/1594/3311 3312/1595/3312
f  3312/1595/3312 3314/1597/3314 3313/1596/3313
f  3276/1557/3276 3274/1555/3274 3311/1594/3311
f  3311/1594/3311 3313/1596/3313 3276/1557/3276
f  3315/1598/3315 3281/1562/3281 3313/1596/3313
f  3313/1596/3313 3314/1597/3314 3315/1598/3315
f  3277/1559/3277 3276/1557/3276 3313/1596/3313
f  3313/1596/3313 3281/1562/3281 3277/1559/3277
f  3316/1599/3316 3315/1598/3315 3314/1597/3314
f  3314/1597/3314 3317/1600/3317 3316/1599/3316
f  3318/1601/3318 3284/1565/3284 3315/1598/3315
f  3315/1598/3315 3316/1599/3316 3318/1601/3318
f  3281/1562/3281 3315/1598/3315 3284/1565/3284
f  3284/1565/3284 3280/1561/3280 3281/1562/3281
f  3319/1602/3319 3318/1601/3318 3316/1599/3316
f  3316/1599/3316 3320/1603/3320 3319/1602/3319
f  3321/1605/3321 3322/1604/3322 3318/1601/3318
f  3318/1601/3318 3319/1602/3319 3321/1605/3321
f  3284/1565/3284 3318/1601/3318 3322/1604/3322
f  3322/1604/3322 3283/1564/3283 3284/1565/3284
f  3323/1607/3323 3324/1606/3324 3322/1604/3322
f  3322/1604/3322 3321/1605/3321 3323/1607/3323
f  3286/1567/3286 3283/1564/3283 3322/1604/3322
f  3322/1604/3322 3324/1606/3324 3286/1567/3286
f  3325/1609/3325 3326/1608/3326 3324/1606/3324
f  3324/1606/3324 3323/1607/3323 3325/1609/3325
f  3288/1569/3288 3286/1567/3286 3324/1606/3324
f  3324/1606/3324 3326/1608/3326 3288/1569/3288
f  3327/1611/3327 3328/1610/3328 3326/1608/3326
f  3326/1608/3326 3325/1609/3325 3327/1611/3327
f  3290/1571/3290 3288/1569/3288 3326/1608/3326
f  3326/1608/3326 3328/1610/3328 3290/1571/3290
f  3329/1612/3329 3328/1610/3328 3327/1611/3327
f  3327/1611/3327 3330/1613/3330 3329/1612/3329
f  3291/1573/3291 3290/1571/3290 3328/1610/3328
f  3328/1610/3328 3329/1612/3329 3291/1573/3291
f  3331/1616/3331 3329/1615/3329 3330/1614/3330
f  3330/1614/3330 3332/1617/3332 3331/1616/3331
f  3291/1577/3291 3329/1615/3329 3331/1616/3331
f  3331/1616/3331 3293/1576/3293 3291/1577/3291
f  3333/1619/3333 3334/1618/3334 3331/1616/3331
f  3331/1616/3331 3332/1617/3332 3333/1619/3333
f  3293/1576/3293 3331/1616/3331 3334/1618/3334
f  3334/1618/3334 3295/1579/3295 3293/1576/3293
f  3335/1621/3335 3336/1620/3336 3334/1618/3334
f  3334/1618/3334 3333/1619/3333 3335/1621/3335
f  3295/1579/3295 3334/1618/3334 3336/1620/3336
f  3336/1620/3336 3297/1581/3297 3295/1579/3295
f  3337/1623/3337 3338/1622/3338 3336/1620/3336
f  3336/1620/3336 3335/1621/3335 3337/1623/3337
f  3299/1583/3299 3297/1581/3297 3336/1620/3336
f  3336/1620/3336 3338/1622/3338 3299/1583/3299
f  3339/1625/3339 3340/1624/3340 3338/1622/3338
f  3338/1622/3338 3337/1623/3337 3339/1625/3339
f  3302/1585/3302 3299/1583/3299 3338/1622/3338
f  3338/1622/3338 3340/1624/3340 3302/1585/3302
f  3341/1626/3341 3340/1624/3340 3339/1625/3339
f  3339/1625/3339 3342/1627/3342 3341/1626/3341
f  3304/1587/3304 3302/1585/3302 3340/1624/3340
f  3340/1624/3340 3341/1626/3341 3304/1587/3304
f  3343/1628/3343 3341/1626/3341 3342/1627/3342
f  3342/1627/3342 3344/1629/3344 3343/1628/3343
f  3306/1589/3306 3304/1587/3304 3341/1626/3341
f  3341/1626/3341 3343/1628/3343 3306/1589/3306
f  3345/1630/3345 3343/1628/3343 3344/1629/3344
f  3344/1629/3344 3346/1631/3346 3345/1630/3345
f  3308/1591/3308 3306/1589/3306 3343/1628/3343
f  3343/1628/3343 3345/1630/3345 3308/1591/3308
f  3347/1632/3347 3345/1630/3345 3346/1631/3346
f  3346/1631/3346 3348/1633/3348 3347/1632/3347
f  3310/1593/3310 3308/1591/3308 3345/1630/3345
f  3345/1630/3345 3347/1632/3347 3310/1593/3310
f  3349/1634/3349 3347/1632/3347 3348/1633/3348
f  3348/1633/3348 3350/1635/3350 3349/1634/3349
f  3312/1595/3312 3310/1593/3310 3347/1632/3347
f  3347/1632/3347 3349/1634/3349 3312/1595/3312
f  3351/1636/3351 3317/1600/3317 3349/1634/3349
f  3349/1634/3349 3350/1635/3350 3351/1636/3351
f  3314/1597/3314 3312/1595/3312 3349/1634/3349
f  3349/1634/3349 3317/1600/3317 3314/1597/3314
f  3352/1638/3352 3353/1637/3353 3351/1636/3351
f  3351/1636/3351 3350/1635/3350 3352/1638/3352
f  3354/1639/3354 3320/1603/3320 3351/1636/3351
f  3351/1636/3351 3353/1637/3353 3354/1639/3354
f  3317/1600/3317 3351/1636/3351 3320/1603/3320
f  3320/1603/3320 3316/1599/3316 3317/1600/3317
f  3355/1641/3355 3356/1640/3356 3354/1639/3354
f  3354/1639/3354 3353/1637/3353 3355/1641/3355
f  3357/1642/3357 3354/1639/3354 3356/1640/3356
f  3356/1640/3356 3358/1643/3358 3357/1642/3357
f  3320/1603/3320 3354/1639/3354 3357/1642/3357
f  3357/1642/3357 3319/1602/3319 3320/1603/3320
f  3359/1645/3359 3360/1644/3360 3357/1642/3357
f  3357/1642/3357 3358/1643/3358 3359/1645/3359
f  3319/1602/3319 3357/1642/3357 3360/1644/3360
f  3360/1644/3360 3321/1605/3321 3319/1602/3319
f  3361/1647/3361 3362/1646/3362 3360/1644/3360
f  3360/1644/3360 3359/1645/3359 3361/1647/3361
f  3323/1607/3323 3321/1605/3321 3360/1644/3360
f  3360/1644/3360 3362/1646/3362 3323/1607/3323
f  3363/1649/3363 3364/1648/3364 3362/1646/3362
f  3362/1646/3362 3361/1647/3361 3363/1649/3363
f  3325/1609/3325 3323/1607/3323 3362/1646/3362
f  3362/1646/3362 3364/1648/3364 3325/1609/3325
f  3365/1650/3365 3364/1648/3364 3363/1649/3363
f  3363/1649/3363 3366/1651/3366 3365/1650/3365
f  3327/1611/3327 3325/1609/3325 3364/1648/3364
f  3364/1648/3364 3365/1650/3365 3327/1611/3327
f  3367/1653/3367 3368/1652/3368 3365/1650/3365
f  3365/1650/3365 3366/1651/3366 3367/1653/3367
f  3330/1613/3330 3327/1611/3327 3365/1650/3365
f  3365/1650/3365 3368/1652/3368 3330/1613/3330
f  3369/1656/3369 3370/1655/3370 3368/1654/3368
f  3368/1654/3368 3367/1657/3367 3369/1656/3369
f  3332/1617/3332 3330/1614/3330 3368/1654/3368
f  3368/1654/3368 3370/1655/3370 3332/1617/3332
f  3371/1659/3371 3372/1658/3372 3370/1655/3370
f  3370/1655/3370 3369/1656/3369 3371/1659/3371
f  3333/1619/3333 3332/1617/3332 3370/1655/3370
f  3370/1655/3370 3372/1658/3372 3333/1619/3333
f  3373/1661/3373 3374/1660/3374 3372/1658/3372
f  3372/1658/3372 3371/1659/3371 3373/1661/3373
f  3333/1619/3333 3372/1658/3372 3374/1660/3374
f  3374/1660/3374 3335/1621/3335 3333/1619/3333
f  3375/1663/3375 3376/1662/3376 3374/1660/3374
f  3374/1660/3374 3373/1661/3373 3375/1663/3375
f  3335/1621/3335 3374/1660/3374 3376/1662/3376
f  3376/1662/3376 3337/1623/3337 3335/1621/3335
f  3377/1665/3377 3378/1664/3378 3376/1662/3376
f  3376/1662/3376 3375/1663/3375 3377/1665/3377
f  3337/1623/3337 3376/1662/3376 3378/1664/3378
f  3378/1664/3378 3339/1625/3339 3337/1623/3337
f  3379/1667/3379 3380/1666/3380 3378/1664/3378
f  3378/1664/3378 3377/1665/3377 3379/1667/3379
f  3342/1627/3342 3339/1625/3339 3378/1664/3378
f  3378/1664/3378 3380/1666/3380 3342/1627/3342
f  3381/1669/3381 3382/1668/3382 3380/1666/3380
f  3380/1666/3380 3379/1667/3379 3381/1669/3381
f  3344/1629/3344 3342/1627/3342 3380/1666/3380
f  3380/1666/3380 3382/1668/3382 3344/1629/3344
f  3383/1671/3383 3384/1670/3384 3382/1668/3382
f  3382/1668/3382 3381/1669/3381 3383/1671/3383
f  3346/1631/3346 3344/1629/3344 3382/1668/3382
f  3382/1668/3382 3384/1670/3384 3346/1631/3346
f  3385/1672/3385 3384/1670/3384 3383/1671/3383
f  3383/1671/3383 3386/1673/3386 3385/1672/3385
f  3348/1633/3348 3346/1631/3346 3384/1670/3384
f  3384/1670/3384 3385/1672/3385 3348/1633/3348
f  3352/1638/3352 3385/1672/3385 3386/1673/3386
f  3386/1673/3386 3387/1674/3387 3352/1638/3352
f  3350/1635/3350 3348/1633/3348 3385/1672/3385
f  3385/1672/3385 3352/1638/3352 3350/1635/3350
f  3388/1676/3388 3389/1675/3389 3387/1674/3387
f  3387/1674/3387 3386/1673/3386 3388/1676/3388
f  3355/1641/3355 3387/1674/3387 3389/1675/3389
f  3389/1675/3389 3390/1677/3390 3355/1641/3355
f  3353/1637/3353 3352/1638/3352 3387/1674/3387
f  3387/1674/3387 3355/1641/3355 3353/1637/3353
f  3389/1675/3389 3391/1679/3391 3392/1678/3392
f  3392/1678/3392 3390/1677/3390 3389/1675/3389
f  3392/1678/3392 3393/1681/3393 3394/1680/3394
f  3394/1680/3394 3390/1677/3390 3392/1678/3392
f  3356/1640/3356 3355/1641/3355 3390/1677/3390
f  3390/1677/3390 3394/1680/3394 3356/1640/3356
f  3393/1681/3393 3395/1683/3395 3396/1682/3396
f  3396/1682/3396 3394/1680/3394 3393/1681/3393
f  3358/1643/3358 3356/1640/3356 3394/1680/3394
f  3394/1680/3394 3396/1682/3396 3358/1643/3358
f  3395/1683/3395 3397/1685/3397 3398/1684/3398
f  3398/1684/3398 3396/1682/3396 3395/1683/3395
f  3359/1645/3359 3358/1643/3358 3396/1682/3396
f  3396/1682/3396 3398/1684/3398 3359/1645/3359
f  3397/1685/3397 3399/1687/3399 3400/1686/3400
f  3400/1686/3400 3398/1684/3398 3397/1685/3397
f  3361/1647/3361 3359/1645/3359 3398/1684/3398
f  3398/1684/3398 3400/1686/3400 3361/1647/3361
f  3399/1687/3399 3401/1689/3401 3402/1688/3402
f  3402/1688/3402 3400/1686/3400 3399/1687/3399
f  3363/1649/3363 3361/1647/3361 3400/1686/3400
f  3400/1686/3400 3402/1688/3402 3363/1649/3363
f  3401/1689/3401 3403/1691/3403 3404/1690/3404
f  3404/1690/3404 3402/1688/3402 3401/1689/3401
f  3366/1651/3366 3363/1649/3363 3402/1688/3402
f  3402/1688/3402 3404/1690/3404 3366/1651/3366
f  3404/1690/3404 3403/1691/3403 3405/1692/3405
f  3405/1692/3405 3406/1693/3406 3404/1690/3404
f  3367/1653/3367 3366/1651/3366 3404/1690/3404
f  3404/1690/3404 3406/1693/3406 3367/1653/3367
f  3405/1696/3405 3407/1695/3407 3408/1694/3408
f  3408/1694/3408 3406/1697/3406 3405/1696/3405
f  3367/1657/3367 3406/1697/3406 3408/1694/3408
f  3408/1694/3408 3369/1656/3369 3367/1657/3367
f  3408/1694/3408 3407/1695/3407 3409/1698/3409
f  3409/1698/3409 3410/1699/3410 3408/1694/3408
f  3369/1656/3369 3408/1694/3408 3410/1699/3410
f  3410/1699/3410 3371/1659/3371 3369/1656/3369
f  3410/1699/3410 3409/1698/3409 3411/1700/3411
f  3411/1700/3411 3412/1701/3412 3410/1699/3410
f  3371/1659/3371 3410/1699/3410 3412/1701/3412
f  3412/1701/3412 3373/1661/3373 3371/1659/3371
f  3412/1701/3412 3411/1700/3411 3413/1702/3413
f  3413/1702/3413 3414/1703/3414 3412/1701/3412
f  3373/1661/3373 3412/1701/3412 3414/1703/3414
f  3414/1703/3414 3375/1663/3375 3373/1661/3373
f  3413/1702/3413 3415/1705/3415 3416/1704/3416
f  3416/1704/3416 3414/1703/3414 3413/1702/3413
f  3375/1663/3375 3414/1703/3414 3416/1704/3416
f  3416/1704/3416 3377/1665/3377 3375/1663/3375
f  3415/1705/3415 3417/1707/3417 3418/1706/3418
f  3418/1706/3418 3416/1704/3416 3415/1705/3415
f  3377/1665/3377 3416/1704/3416 3418/1706/3418
f  3418/1706/3418 3379/1667/3379 3377/1665/3377
f  3417/1707/3417 3419/1709/3419 3420/1708/3420
f  3420/1708/3420 3418/1706/3418 3417/1707/3417
f  3379/1667/3379 3418/1706/3418 3420/1708/3420
f  3420/1708/3420 3381/1669/3381 3379/1667/3379
f  3419/1709/3419 3421/1711/3421 3422/1710/3422
f  3422/1710/3422 3420/1708/3420 3419/1709/3419
f  3383/1671/3383 3381/1669/3381 3420/1708/3420
f  3420/1708/3420 3422/1710/3422 3383/1671/3383
f  3421/1711/3421 3423/1712/3423 3388/1676/3388
f  3388/1676/3388 3422/1710/3422 3421/1711/3421
f  3386/1673/3386 3383/1671/3383 3422/1710/3422
f  3422/1710/3422 3388/1676/3388 3386/1673/3386
f  3421/1711/3421 3424/1714/3424 3425/1713/3425
f  3425/1713/3425 3423/1712/3423 3421/1711/3421
f  3425/1713/3425 3426/1715/3426 3391/1679/3391
f  3391/1679/3391 3423/1712/3423 3425/1713/3425
f  3391/1679/3391 3389/1675/3389 3388/1676/3388
f  3388/1676/3388 3423/1712/3423 3391/1679/3391
f  3425/1713/3425 3427/1717/3427 3428/1716/3428
f  3428/1716/3428 3426/1715/3426 3425/1713/3425
f  3428/1716/3428 2069/107/2069 2072/108/2072
f  2072/108/2072 3426/1715/3426 3428/1716/3428
f  2072/108/2072 3392/1678/3392 3391/1679/3391
f  3391/1679/3391 3426/1715/3426 2072/108/2072
f  3427/1717/3427 2359/445/2359 2361/446/2361
f  2361/446/2361 3428/1716/3428 3427/1717/3427
f  2361/446/2361 3429/1718/3429 2069/107/2069
f  2069/107/2069 3428/1716/3428 2361/446/2361
f  3430/1719/3430 2070/110/2070 2069/107/2069
f  2069/107/2069 3429/1718/3429 3430/1719/3430
f  2361/446/2361 2357/440/2357 3431/1720/3431
f  3431/1720/3431 3429/1718/3429 2361/446/2361
f  3431/1720/3431 3432/1721/3432 3430/1719/3430
f  3430/1719/3430 3429/1718/3429 3431/1720/3431
f  3399/1687/3399 3397/1685/3397 3430/1719/3430
f  3430/1719/3430 3432/1721/3432 3399/1687/3399
f  3431/1720/3431 3433/1723/3433 3434/1722/3434
f  3434/1722/3434 3432/1721/3432 3431/1720/3431
f  3434/1722/3434 3401/1689/3401 3399/1687/3399
f  3399/1687/3399 3432/1721/3432 3434/1722/3434
f  3433/1723/3433 3435/1725/3435 3436/1724/3436
f  3436/1724/3436 3434/1722/3434 3433/1723/3433
f  3436/1724/3436 3403/1691/3403 3401/1689/3401
f  3401/1689/3401 3434/1722/3434 3436/1724/3436
f  3435/1725/3435 3437/1727/3437 3438/1726/3438
f  3438/1726/3438 3436/1724/3436 3435/1725/3435
f  3438/1726/3438 3405/1692/3405 3403/1691/3403
f  3403/1691/3403 3436/1724/3436 3438/1726/3438
f  3437/1730/3437 3439/1729/3439 3440/1728/3440
f  3440/1728/3440 3438/1731/3438 3437/1730/3437
f  3440/1728/3440 3407/1695/3407 3405/1696/3405
f  3405/1696/3405 3438/1731/3438 3440/1728/3440
f  3439/1729/3439 3441/1733/3441 3442/1732/3442
f  3442/1732/3442 3440/1728/3440 3439/1729/3439
f  3442/1732/3442 3409/1698/3409 3407/1695/3407
f  3407/1695/3407 3440/1728/3440 3442/1732/3442
f  3441/1733/3441 3443/1735/3443 3444/1734/3444
f  3444/1734/3444 3442/1732/3442 3441/1733/3441
f  3444/1734/3444 3411/1700/3411 3409/1698/3409
f  3409/1698/3409 3442/1732/3442 3444/1734/3444
f  3443/1735/3443 3445/1737/3445 3446/1736/3446
f  3446/1736/3446 3444/1734/3444 3443/1735/3443
f  3446/1736/3446 3413/1702/3413 3411/1700/3411
f  3411/1700/3411 3444/1734/3444 3446/1736/3446
f  3445/1737/3445 3447/1739/3447 3448/1738/3448
f  3448/1738/3448 3446/1736/3446 3445/1737/3445
f  3448/1738/3448 3415/1705/3415 3413/1702/3413
f  3413/1702/3413 3446/1736/3446 3448/1738/3448
f  3447/1739/3447 3449/1741/3449 3450/1740/3450
f  3450/1740/3450 3448/1738/3448 3447/1739/3447
f  3450/1740/3450 3417/1707/3417 3415/1705/3415
f  3415/1705/3415 3448/1738/3448 3450/1740/3450
f  3449/1741/3449 3451/1743/3451 3452/1742/3452
f  3452/1742/3452 3450/1740/3450 3449/1741/3449
f  3452/1742/3452 3419/1709/3419 3417/1707/3417
f  3417/1707/3417 3450/1740/3450 3452/1742/3452
f  3451/1743/3451 3453/1744/3453 3424/1714/3424
f  3424/1714/3424 3452/1742/3452 3451/1743/3451
f  3424/1714/3424 3421/1711/3421 3419/1709/3419
f  3419/1709/3419 3452/1742/3452 3424/1714/3424
f  3451/1743/3451 3454/1745/3454 2360/444/2360
f  2360/444/2360 3453/1744/3453 3451/1743/3451
f  2360/444/2360 2359/445/2359 3427/1717/3427
f  3427/1717/3427 3453/1744/3453 2360/444/2360
f  3427/1717/3427 3425/1713/3425 3424/1714/3424
f  3424/1714/3424 3453/1744/3453 3427/1717/3427
f  3451/1743/3451 3449/1741/3449 3455/1746/3455
f  3455/1746/3455 3454/1745/3454 3451/1743/3451
f  3455/1746/3455 3456/1748/3456 3457/1747/3457
f  3457/1747/3457 3454/1745/3454 3455/1746/3455
f  3457/1747/3457 2355/442/2355 2360/444/2360
f  2360/444/2360 3454/1745/3454 3457/1747/3457
f  3456/1748/3456 3458/1750/3458 3459/1749/3459
f  3459/1749/3459 3457/1747/3457 3456/1748/3456
f  3459/1749/3459 2356/441/2356 2355/442/2355
f  2355/442/2355 3457/1747/3457 3459/1749/3459
f  3435/1725/3435 3433/1723/3433 2356/441/2356
f  2356/441/2356 3459/1749/3459 3435/1725/3435
f  3458/1750/3458 3437/1727/3437 3435/1725/3435
f  3435/1725/3435 3459/1749/3459 3458/1750/3458
f  3456/1753/3456 3460/1752/3460 3461/1751/3461
f  3461/1751/3461 3458/1754/3458 3456/1753/3456
f  3461/1751/3461 3439/1729/3439 3437/1730/3437
f  3437/1730/3437 3458/1754/3458 3461/1751/3461
f  3462/1755/3462 3463/1756/3463 3461/1751/3461
f  3462/1755/3462 3461/1751/3461 3460/1752/3460
f  3463/1756/3463 3441/1733/3441 3439/1729/3439
f  3439/1729/3439 3461/1751/3461 3463/1756/3463
f  3464/1758/3464 3465/1757/3465 3462/1755/3462
f  3462/1755/3462 3460/1752/3460 3464/1758/3464
f  3456/1753/3456 3455/1746/3455 3464/1758/3464
f  3464/1758/3464 3460/1752/3460 3456/1753/3456
f  3447/1739/3447 3445/1737/3445 3465/1757/3465
f  3465/1757/3465 3464/1758/3464 3447/1739/3447
f  3455/1746/3455 3449/1741/3449 3447/1739/3447
f  3447/1739/3447 3464/1758/3464 3455/1746/3455
f  3443/1735/3443 3466/1759/3466 3465/1757/3465
f  3465/1757/3465 3445/1737/3445 3443/1735/3443
f  3441/1733/3441 3463/1756/3463 3466/1759/3466
f  3466/1759/3466 3443/1735/3443 3441/1733/3441
f  3431/1720/3431 2357/440/2357 2356/441/2356
f  2356/441/2356 3433/1723/3433 3431/1720/3431
f  3397/1685/3397 3395/1683/3395 2070/110/2070
f  2070/110/2070 3430/1719/3430 3397/1685/3397
f  3393/1681/3393 2071/109/2071 2070/110/2070
f  2070/110/2070 3395/1683/3395 3393/1681/3393
f  3392/1678/3392 2072/108/2072 2071/109/2071
f  2071/109/2071 3393/1681/3393 3392/1678/3392
f  3164/1438/3164 3163/1439/3163 3170/1445/3170
f  3170/1445/3170 3167/1442/3167 3164/1438/3164
f  3123/1395/3123 3128/1401/3128 3126/1398/3126
f  3126/1398/3126 3122/1394/3122 3123/1395/3123
f  3079/1348/3079 3085/1355/3085 3082/1351/3082
f  3082/1351/3082 3078/1347/3078 3079/1348/3079
f  2808/1022/2808 2807/1020/2807 2990/1247/2990
f  2990/1247/2990 2988/1245/2988 2808/1022/2808
f  3467/1760/3467 2990/1247/2990 2807/1020/2807
f  2807/1020/2807 2806/1018/2806 3467/1760/3467
f  2079/117/2079 2984/1241/2984 2990/1247/2990
f  2990/1247/2990 3467/1760/3467 2079/117/2079
f  3468/1761/3468 3467/1760/3467 2806/1018/2806
f  2806/1018/2806 2805/1016/2805 3468/1761/3468
f  2075/111/2075 2079/117/2079 3467/1760/3467
f  3467/1760/3467 3468/1761/3468 2075/111/2075
f  2457/564/2457 3468/1761/3468 2805/1016/2805
f  2805/1016/2805 2804/1014/2804 2457/564/2457
f  2076/114/2076 2075/111/2075 3468/1761/3468
f  3468/1761/3468 2457/564/2457 2076/114/2076
f  2809/1024/2809 2808/1022/2808 2988/1245/2988
f  2988/1245/2988 2812/1030/2812 2809/1024/2809
f  2813/1029/2813 2812/1030/2812 2989/1246/2989
f  2989/1246/2989 2817/1035/2817 2813/1029/2813
f  3469/1763/3469 3470/1762/3470 2976/1230/2976
f  2976/1230/2976 3471/1764/3471 3469/1763/3469
f  2972/1229/2972 2976/1230/2976 3470/1762/3470
f  3470/1762/3470 2971/1765/2971 2972/1229/2972
f  3471/1764/3471 2976/1230/2976 2077/116/2077
f  2077/116/2077 2074/112/2074 3471/1764/3471
f  3472/1767/3472 3473/1766/3473 3470/1762/3470
f  3470/1762/3470 3469/1763/3469 3472/1767/3472
f  2971/1765/2971 3470/1762/3470 3473/1766/3473
f  3473/1766/3473 3474/1768/3474 2971/1765/2971
f  3475/1770/3475 3476/1769/3476 3474/1768/3474
f  3474/1768/3474 3473/1766/3473 3475/1770/3475
f  2391/479/2391 3474/1772/3474 3476/1771/3476
f  3476/1771/3476 2388/476/2388 2391/479/2391
f  2967/1219/2967 2971/1223/2971 3474/1772/3474
f  3474/1772/3474 2391/479/2391 2967/1219/2967
f  3477/1774/3477 3478/1773/3478 3476/1769/3476
f  3476/1769/3476 3475/1770/3475 3477/1774/3477
f  2388/476/2388 3476/1771/3476 3478/1775/3478
f  3478/1775/3478 2389/477/2389 2388/476/2388
f  3479/1777/3479 3480/1776/3480 3478/1773/3478
f  3478/1773/3478 3477/1774/3477 3479/1777/3479
f  2389/1778/2389 3478/1773/3478 3480/1776/3480
f  3480/1776/3480 3481/1779/3481 2389/1778/2389
f  3482/1781/3482 3483/1780/3483 3481/1779/3481
f  3481/1779/3481 3480/1776/3480 3482/1781/3482
f  3484/1782/3484 3481/1779/3481 3483/1780/3483
f  3483/1780/3483 3485/1783/3485 3484/1782/3484
f  2387/475/2387 2389/477/2389 3481/1784/3481
f  3481/1784/3481 3484/1785/3484 2387/475/2387
f  2052/1786/2052 3484/1782/3484 3485/1783/3485
f  3485/1783/3485 2034/72/2034 2052/1786/2052
f  2048/87/2048 2387/475/2387 3484/1785/3484
f  3484/1785/3484 2052/91/2052 2048/87/2048
f  3486/1788/3486 3487/1787/3487 3485/1783/3485
f  3485/1783/3485 3483/1780/3483 3486/1788/3486
f  2034/72/2034 3485/1783/3485 3487/1787/3487
f  3487/1787/3487 2035/71/2035 2034/72/2034
f  3488/1790/3488 3489/1789/3489 3487/1787/3487
f  3487/1787/3487 3486/1788/3486 3488/1790/3488
f  2035/71/2035 3487/1787/3487 3489/1789/3489
f  3489/1789/3489 2036/74/2036 2035/71/2035
f  3490/1792/3490 3491/1791/3491 3489/1789/3489
f  3489/1789/3489 3488/1790/3488 3490/1792/3490
f  2036/74/2036 3489/1789/3489 3491/1791/3491
f  3491/1791/3491 3492/1793/3492 2036/74/2036
f  3493/1795/3493 3494/1794/3494 3492/1793/3492
f  3492/1793/3492 3491/1791/3491 3493/1795/3493
f  3495/1797/3495 3496/1796/3496 3492/1793/3492
f  3492/1793/3492 3494/1794/3494 3495/1797/3495
f  2036/74/2036 3492/1793/3492 3496/1796/3496
f  3496/1796/3496 2033/73/2033 2036/74/2036
f  2020/55/2020 2024/59/2024 3496/1798/3496
f  3496/1798/3496 3495/1799/3495 2020/55/2020
f  2033/70/2033 3496/1798/3496 2024/59/2024
f  2024/59/2024 2023/56/2023 2033/70/2033
f  2001/42/2001 3495/1797/3495 3494/1794/3494
f  3494/1794/3494 2006/41/2006 2001/42/2001
f  2004/37/2004 2020/55/2020 3495/1799/3495
f  3495/1799/3495 2001/36/2001 2004/37/2004
f  2006/41/2006 3494/1794/3494 3493/1795/3493
f  3493/1795/3493 3497/1800/3497 2006/41/2006
f  3498/1802/3498 3499/1801/3499 3497/1800/3497
f  3497/1800/3497 3500/1803/3500 3498/1802/3498
f  2007/40/2007 2006/41/2006 3497/1800/3497
f  3497/1800/3497 3499/1801/3499 2007/40/2007
f  3501/1804/3501 3500/1803/3500 3497/1800/3497
f  3497/1800/3497 3493/1795/3493 3501/1804/3501
f  3502/1805/3502 3500/1803/3500 3501/1804/3501
f  3501/1804/3501 3503/1806/3503 3502/1805/3502
f  3491/1791/3491 3490/1792/3490 3501/1804/3501
f  3501/1804/3501 3493/1795/3493 3491/1791/3491
f  3503/1806/3503 3501/1804/3501 3490/1792/3490
f  3490/1792/3490 3504/1807/3504 3503/1806/3503
f  3505/1808/3505 3503/1806/3503 3504/1807/3504
f  3504/1807/3504 3506/1809/3506 3505/1808/3505
f  3488/1790/3488 3507/1810/3507 3504/1807/3504
f  3504/1807/3504 3490/1792/3490 3488/1790/3488
f  3506/1809/3506 3504/1807/3504 3507/1810/3507
f  3507/1810/3507 3508/1811/3508 3506/1809/3506
f  3509/1812/3509 3506/1809/3506 3508/1811/3508
f  3508/1811/3508 3510/1813/3510 3509/1812/3509
f  3511/1815/3511 3512/1814/3512 3508/1811/3508
f  3508/1811/3508 3507/1810/3507 3511/1815/3511
f  3510/1813/3510 3508/1811/3508 3512/1814/3512
f  3512/1814/3512 3513/1816/3513 3510/1813/3510
f  3514/1817/3514 3510/1813/3510 3513/1816/3513
f  3513/1816/3513 3515/1818/3515 3514/1817/3514
f  3516/1820/3516 3517/1819/3517 3513/1816/3513
f  3513/1816/3513 3512/1814/3512 3516/1820/3516
f  3515/1818/3515 3513/1816/3513 3517/1819/3517
f  3517/1819/3517 3518/1821/3518 3515/1818/3515
f  3519/1822/3519 3515/1818/3515 3518/1821/3518
f  3518/1821/3518 3520/1823/3520 3519/1822/3519
f  3521/1825/3521 3522/1824/3522 3518/1821/3518
f  3518/1821/3518 3517/1819/3517 3521/1825/3521
f  3520/1823/3520 3518/1821/3518 3522/1824/3522
f  3522/1824/3522 3523/1826/3523 3520/1823/3520
f  3524/1827/3524 3520/1823/3520 3523/1826/3523
f  3523/1826/3523 3525/1828/3525 3524/1827/3524
f  3526/1830/3526 3527/1829/3527 3523/1826/3523
f  3523/1826/3523 3522/1824/3522 3526/1830/3526
f  3525/1828/3525 3523/1826/3523 3527/1829/3527
f  3527/1829/3527 3528/1831/3528 3525/1828/3525
f  3529/1832/3529 3525/1828/3525 3528/1831/3528
f  3528/1831/3528 3530/1833/3530 3529/1832/3529
f  3531/1835/3531 3532/1834/3532 3528/1831/3528
f  3528/1831/3528 3527/1829/3527 3531/1835/3531
f  3530/1833/3530 3528/1831/3528 3532/1834/3532
f  3532/1834/3532 3533/1836/3533 3530/1833/3530
f  2440/541/2440 3530/1838/3530 3533/1837/3533
f  3533/1837/3533 2439/540/2439 2440/541/2440
f  2449/555/2449 2447/552/2447 3533/1836/3533
f  3533/1836/3533 3532/1834/3532 2449/555/2449
f  2439/540/2439 3533/1837/3533 2447/551/2447
f  2447/551/2447 2441/543/2441 2439/540/2439
f  2451/557/2451 2449/555/2449 3532/1834/3532
f  3532/1834/3532 3531/1835/3531 2451/557/2451
f  3534/1839/3534 3531/1835/3531 3527/1829/3527
f  3527/1829/3527 3526/1830/3526 3534/1839/3534
f  3535/1840/3535 2451/557/2451 3531/1835/3531
f  3531/1835/3531 3534/1839/3534 3535/1840/3535
f  3472/1767/3472 3535/1840/3535 3534/1839/3534
f  3534/1839/3534 3536/1841/3536 3472/1767/3472
f  3469/1763/3469 2454/560/2454 3535/1840/3535
f  3535/1840/3535 3472/1767/3472 3469/1763/3469
f  2451/557/2451 3535/1840/3535 2454/560/2454
f  2454/560/2454 2450/556/2450 2451/557/2451
f  3526/1830/3526 3537/1842/3537 3536/1841/3536
f  3536/1841/3536 3534/1839/3534 3526/1830/3526
f  3475/1770/3475 3536/1841/3536 3537/1842/3537
f  3537/1842/3537 3477/1774/3477 3475/1770/3475
f  3473/1766/3473 3472/1767/3472 3536/1841/3536
f  3536/1841/3536 3475/1770/3475 3473/1766/3473
f  3522/1824/3522 3521/1825/3521 3537/1842/3537
f  3537/1842/3537 3526/1830/3526 3522/1824/3522
f  3477/1774/3477 3537/1842/3537 3521/1825/3521
f  3521/1825/3521 3479/1777/3479 3477/1774/3477
f  3538/1845/3538 3539/1844/3539 3529/1843/3529
f  3529/1843/3529 3540/1846/3540 3538/1845/3538
f  3525/1828/3525 3529/1832/3529 3539/1847/3539
f  3539/1847/3539 3524/1827/3524 3525/1828/3525
f  3540/1849/3540 3529/1848/3529 3530/1838/3530
f  3530/1838/3530 2440/541/2440 3540/1849/3540
f  3541/1851/3541 3542/1850/3542 3539/1844/3539
f  3539/1844/3539 3538/1845/3538 3541/1851/3541
f  3524/1827/3524 3539/1847/3539 3542/1852/3542
f  3542/1852/3542 3543/1853/3543 3524/1827/3524
f  3544/1855/3544 3545/1854/3545 3543/1853/3543
f  3543/1853/3543 3542/1852/3542 3544/1855/3544
f  3519/1822/3519 3543/1853/3543 3545/1854/3545
f  3545/1854/3545 3546/1856/3546 3519/1822/3519
f  3520/1823/3520 3524/1827/3524 3543/1853/3543
f  3543/1853/3543 3519/1822/3519 3520/1823/3520
f  3547/1858/3547 3548/1857/3548 3546/1856/3546
f  3546/1856/3546 3545/1854/3545 3547/1858/3547
f  3514/1817/3514 3546/1856/3546 3548/1857/3548
f  3548/1857/3548 3549/1859/3549 3514/1817/3514
f  3515/1818/3515 3519/1822/3519 3546/1856/3546
f  3546/1856/3546 3514/1817/3514 3515/1818/3515
f  3550/1861/3550 3551/1860/3551 3549/1859/3549
f  3549/1859/3549 3548/1857/3548 3550/1861/3550
f  3509/1812/3509 3549/1859/3549 3551/1860/3551
f  3551/1860/3551 3552/1862/3552 3509/1812/3509
f  3510/1813/3510 3514/1817/3514 3549/1859/3549
f  3549/1859/3549 3509/1812/3509 3510/1813/3510
f  2041/79/2041 3553/1863/3553 3552/1862/3552
f  3552/1862/3552 3551/1860/3551 2041/79/2041
f  3505/1808/3505 3552/1862/3552 3553/1863/3553
f  3553/1863/3553 3554/1864/3554 3505/1808/3505
f  3506/1809/3506 3509/1812/3509 3552/1862/3552
f  3552/1862/3552 3505/1808/3505 3506/1809/3506
f  3555/1866/3555 3556/1865/3556 3554/1864/3554
f  3554/1864/3554 3553/1863/3553 3555/1866/3555
f  3502/1805/3502 3554/1864/3554 3556/1865/3556
f  3556/1865/3556 3557/1867/3557 3502/1805/3502
f  3503/1806/3503 3505/1808/3505 3554/1864/3554
f  3554/1864/3554 3502/1805/3502 3503/1806/3503
f  3558/1869/3558 3559/1868/3559 3557/1867/3557
f  3557/1867/3557 3556/1865/3556 3558/1869/3558
f  3498/1802/3498 3557/1867/3557 3559/1868/3559
f  3559/1868/3559 3560/1870/3560 3498/1802/3498
f  3500/1803/3500 3502/1805/3502 3557/1867/3557
f  3557/1867/3557 3498/1802/3498 3500/1803/3500
f  3561/1872/3561 3562/1871/3562 3560/1870/3560
f  3560/1870/3560 3559/1868/3559 3561/1872/3561
f  3563/1873/3563 3560/1870/3560 3562/1871/3562
f  3562/1871/3562 3564/1874/3564 3563/1873/3563
f  3499/1801/3499 3498/1802/3498 3560/1870/3560
f  3560/1870/3560 3563/1873/3563 3499/1801/3499
f  2008/43/2008 3563/1873/3563 3564/1874/3564
f  3564/1874/3564 3565/1875/3565 2008/43/2008
f  2007/40/2007 3499/1801/3499 3563/1873/3563
f  3563/1873/3563 2008/43/2008 2007/40/2007
f  3566/1877/3566 3567/1876/3567 3565/1875/3565
f  3565/1875/3565 3564/1874/3564 3566/1877/3566
f  3568/1878/3568 3565/1875/3565 3567/1876/3567
f  3567/1876/3567 3569/1879/3569 3568/1878/3568
f  2005/38/2005 2008/43/2008 3565/1875/3565
f  3565/1875/3565 3568/1878/3568 2005/38/2005
f  3570/1880/3570 3568/1878/3568 3569/1879/3569
f  3569/1879/3569 3571/1881/3571 3570/1880/3570
f  1998/30/1998 2005/38/2005 3568/1878/3568
f  3568/1878/3568 3570/1880/3570 1998/30/1998
f  3572/1882/3572 3570/1880/3570 3571/1881/3571
f  3571/1881/3571 3573/1883/3573 3572/1882/3572
f  1996/28/1996 1998/30/1998 3570/1880/3570
f  3570/1880/3570 3572/1882/3572 1996/28/1996
f  2910/1155/2910 3572/1882/3572 3573/1883/3573
f  3573/1883/3573 2909/1154/2909 2910/1155/2910
f  1997/29/1997 1996/28/1996 3572/1882/3572
f  3572/1882/3572 2910/1155/2910 1997/29/1997
f  3574/1885/3574 3575/1884/3575 3573/1883/3573
f  3573/1883/3573 3571/1881/3571 3574/1885/3574
f  2909/1154/2909 3573/1883/3573 3575/1884/3575
f  3575/1884/3575 3576/1886/3576 2909/1154/2909
f  3577/1888/3577 3578/1887/3578 3576/1886/3576
f  3576/1886/3576 3575/1884/3575 3577/1888/3577
f  2904/1149/2904 3576/1886/3576 3578/1887/3578
f  3578/1887/3578 3579/1889/3579 2904/1149/2904
f  2905/1150/2905 2909/1154/2909 3576/1886/3576
f  3576/1886/3576 2904/1149/2904 2905/1150/2905
f  3580/1891/3580 3581/1890/3581 3579/1889/3579
f  3579/1889/3579 3578/1887/3578 3580/1891/3580
f  2899/1144/2899 3579/1889/3579 3581/1890/3581
f  3581/1890/3581 3582/1892/3582 2899/1144/2899
f  2900/1145/2900 2904/1149/2904 3579/1889/3579
f  3579/1889/3579 2899/1144/2899 2900/1145/2900
f  3583/1894/3583 3584/1893/3584 3582/1892/3582
f  3582/1892/3582 3581/1890/3581 3583/1894/3583
f  2894/1139/2894 3582/1892/3582 3584/1893/3584
f  3584/1893/3584 3585/1895/3585 2894/1139/2894
f  2895/1140/2895 2899/1144/2899 3582/1892/3582
f  3582/1892/3582 2894/1139/2894 2895/1140/2895
f  3586/1897/3586 3587/1896/3587 3585/1895/3585
f  3585/1895/3585 3584/1893/3584 3586/1897/3586
f  1986/14/1986 1985/15/1985 3585/1895/3585
f  3585/1895/3585 3587/1896/3587 1986/14/1986
f  2890/1135/2890 2894/1139/2894 3585/1895/3585
f  3585/1895/3585 1985/15/1985 2890/1135/2890
f  3588/1898/3588 2345/427/2345 3587/1896/3587
f  3587/1896/3587 3586/1897/3586 3588/1898/3588
f  1988/19/1988 1986/14/1986 3587/1896/3587
f  3587/1896/3587 2345/427/2345 1988/19/1988
f  3589/1900/3589 3590/1899/3590 3588/1898/3588
f  3588/1898/3588 3591/1901/3591 3589/1900/3589
f  2345/427/2345 3588/1898/3588 3590/1899/3590
f  3590/1899/3590 2342/421/2342 2345/427/2345
f  3592/1902/3592 3591/1901/3591 3588/1898/3588
f  3588/1898/3588 3586/1897/3586 3592/1902/3592
f  3591/1901/3591 3592/1902/3592 3593/1903/3593
f  3593/1903/3593 3594/1904/3594 3591/1901/3591
f  3583/1894/3583 3592/1902/3592 3586/1897/3586
f  3586/1897/3586 3584/1893/3584 3583/1894/3583
f  3595/1905/3595 3593/1903/3593 3592/1902/3592
f  3592/1902/3592 3583/1894/3583 3595/1905/3595
f  3593/1903/3593 3595/1905/3595 3596/1906/3596
f  3596/1906/3596 3597/1907/3597 3593/1903/3593
f  3581/1890/3581 3580/1891/3580 3595/1905/3595
f  3595/1905/3595 3583/1894/3583 3581/1890/3581
f  3596/1906/3596 3595/1905/3595 3580/1891/3580
f  3580/1891/3580 3598/1908/3598 3596/1906/3596
f  3596/1906/3596 3598/1908/3598 3599/1909/3599
f  3599/1909/3599 3600/1910/3600 3596/1906/3596
f  3578/1887/3578 3577/1888/3577 3598/1908/3598
f  3598/1908/3598 3580/1891/3580 3578/1887/3578
f  3601/1911/3601 3599/1909/3599 3598/1908/3598
f  3598/1908/3598 3577/1888/3577 3601/1911/3601
f  3599/1909/3599 3601/1911/3601 3602/1912/3602
f  3602/1912/3602 3603/1913/3603 3599/1909/3599
f  3574/1885/3574 3601/1911/3601 3577/1888/3577
f  3577/1888/3577 3575/1884/3575 3574/1885/3574
f  3604/1914/3604 3602/1912/3602 3601/1911/3601
f  3601/1911/3601 3574/1885/3574 3604/1914/3604
f  3602/1912/3602 3604/1914/3604 3605/1915/3605
f  3605/1915/3605 3606/1916/3606 3602/1912/3602
f  3571/1881/3571 3569/1879/3569 3604/1914/3604
f  3604/1914/3604 3574/1885/3574 3571/1881/3571
f  3567/1876/3567 3605/1915/3605 3604/1914/3604
f  3604/1914/3604 3569/1879/3569 3567/1876/3567
f  3607/1918/3607 3606/1916/3606 3608/1917/3608
f  3608/1917/3608 3609/1919/3609 3607/1918/3607
f  3603/1913/3603 3602/1912/3602 3606/1916/3606
f  3606/1916/3606 3607/1918/3607 3603/1913/3603
f  3610/1920/3610 3608/1917/3608 3606/1916/3606
f  3606/1916/3606 3605/1915/3605 3610/1920/3610
f  3608/1917/3608 3610/1920/3610 3611/1921/3611
f  3611/1921/3611 3612/1922/3612 3608/1917/3608
f  3566/1877/3566 3610/1920/3610 3605/1915/3605
f  3605/1915/3605 3567/1876/3567 3566/1877/3566
f  3611/1921/3611 3610/1920/3610 3566/1877/3566
f  3566/1877/3566 3613/1923/3613 3611/1921/3611
f  3614/1924/3614 3611/1921/3611 3613/1923/3613
f  3613/1923/3613 3615/1925/3615 3614/1924/3614
f  3564/1874/3564 3562/1871/3562 3613/1923/3613
f  3613/1923/3613 3566/1877/3566 3564/1874/3564
f  3615/1925/3615 3613/1923/3613 3562/1871/3562
f  3562/1871/3562 3561/1872/3561 3615/1925/3615
f  2378/1927/2378 3616/1926/3616 3614/1924/3614
f  3614/1924/3614 3617/1928/3617 2378/1927/2378
f  3611/1921/3611 3614/1924/3614 3616/1926/3616
f  3616/1926/3616 3612/1922/3612 3611/1921/3611
f  3617/1928/3617 3614/1924/3614 3615/1925/3615
f  3615/1925/3615 3618/1929/3618 3617/1928/3617
f  3619/1930/3619 3617/1928/3617 3618/1929/3618
f  3618/1929/3618 2353/437/2353 3619/1930/3619
f  3561/1872/3561 3620/1931/3620 3618/1929/3618
f  3618/1929/3618 3615/1925/3615 3561/1872/3561
f  2353/437/2353 3618/1929/3618 3620/1931/3620
f  3620/1931/3620 2352/436/2352 2353/437/2353
f  3559/1868/3559 3558/1869/3558 3620/1931/3620
f  3620/1931/3620 3561/1872/3561 3559/1868/3559
f  2352/436/2352 3620/1931/3620 3558/1869/3558
f  3558/1869/3558 2354/439/2354 2352/436/2352
f  2381/469/2381 3621/1933/3621 3616/1932/3616
f  3616/1932/3616 2378/468/2378 2381/469/2381
f  3622/1934/3622 3612/1922/3612 3616/1926/3616
f  3616/1926/3616 3621/1935/3621 3622/1934/3622
f  3623/1936/3623 3622/1934/3622 3621/1935/3621
f  3621/1935/3621 3624/1937/3624 3623/1936/3623
f  3625/1938/3625 3609/1919/3609 3622/1934/3622
f  3622/1934/3622 3623/1936/3623 3625/1938/3625
f  3612/1922/3612 3622/1934/3622 3609/1919/3609
f  3609/1919/3609 3608/1917/3608 3612/1922/3612
f  3626/1939/3626 3625/1938/3625 3623/1936/3623
f  3623/1936/3623 3627/1940/3627 3626/1939/3626
f  3628/1942/3628 3629/1941/3629 3625/1938/3625
f  3625/1938/3625 3626/1939/3626 3628/1942/3628
f  3609/1919/3609 3625/1938/3625 3629/1941/3629
f  3629/1941/3629 3607/1918/3607 3609/1919/3609
f  3630/1944/3630 3631/1943/3631 3629/1941/3629
f  3629/1941/3629 3628/1942/3628 3630/1944/3630
f  3607/1918/3607 3629/1941/3629 3631/1943/3631
f  3631/1943/3631 3603/1913/3603 3607/1918/3607
f  3632/1945/3632 3600/1910/3600 3631/1943/3631
f  3631/1943/3631 3630/1944/3630 3632/1945/3632
f  3603/1913/3603 3631/1943/3631 3600/1910/3600
f  3600/1910/3600 3599/1909/3599 3603/1913/3603
f  3633/1946/3633 3632/1945/3632 3630/1944/3630
f  3630/1944/3630 3634/1947/3634 3633/1946/3633
f  3635/1948/3635 3597/1907/3597 3632/1945/3632
f  3632/1945/3632 3633/1946/3633 3635/1948/3635
f  3600/1910/3600 3632/1945/3632 3597/1907/3597
f  3597/1907/3597 3596/1906/3596 3600/1910/3600
f  3636/1949/3636 3635/1948/3635 3633/1946/3633
f  3633/1946/3633 3637/1950/3637 3636/1949/3636
f  3638/1951/3638 3594/1904/3594 3635/1948/3635
f  3635/1948/3635 3636/1949/3636 3638/1951/3638
f  3597/1907/3597 3635/1948/3635 3594/1904/3594
f  3594/1904/3594 3593/1903/3593 3597/1907/3597
f  1982/12/1982 3638/1951/3638 3636/1949/3636
f  3636/1949/3636 1981/11/1981 1982/12/1982
f  3639/1952/3639 3589/1900/3589 3638/1951/3638
f  3638/1951/3638 1982/12/1982 3639/1952/3639
f  3591/1901/3591 3594/1904/3594 3638/1951/3638
f  3638/1951/3638 3589/1900/3589 3591/1901/3591
f  3640/1953/3640 3639/1952/3639 1982/12/1982
f  1982/12/1982 1979/7/1979 3640/1953/3640
f  3641/1955/3641 3642/1954/3642 3639/1952/3639
f  3639/1952/3639 3640/1953/3640 3641/1955/3641
f  3589/1900/3589 3639/1952/3639 3642/1954/3642
f  3642/1954/3642 3590/1899/3590 3589/1900/3589
f  3643/1956/3643 2343/424/2343 3642/1954/3642
f  3642/1954/3642 3641/1955/3641 3643/1956/3643
f  2342/421/2342 3590/1899/3590 3642/1954/3642
f  3642/1954/3642 2343/424/2343 2342/421/2342
f  3644/1957/3644 3643/1956/3643 3641/1955/3641
f  3641/1955/3641 3645/1958/3645 3644/1957/3644
f  1768/1960/1768 1767/1959/1767 3643/1956/3643
f  3643/1956/3643 3644/1957/3644 1768/1960/1768
f  2343/424/2343 3643/1956/3643 1767/1959/1767
f  1767/1959/1767 385/423/385 2343/424/2343
f  1769/1961/1769 1768/1960/1768 3644/1957/3644
f  3644/1957/3644 3646/1962/3646 1769/1961/1769
f  1771/1963/1771 1769/1961/1769 3646/1962/3646
f  3646/1962/3646 3647/1964/3647 1771/1963/1771
f  1773/1965/1773 1771/1963/1771 3647/1964/3647
f  3647/1964/3647 3648/1966/3648 1773/1965/1773
f  1775/1967/1775 1773/1965/1773 3648/1966/3648
f  3648/1966/3648 3649/1968/3649 1775/1967/1775
f  1777/1971/1777 1775/1970/1775 3649/1969/3649
f  3649/1969/3649 3650/1972/3650 1777/1971/1777
f  1779/1973/1779 1777/1971/1777 3650/1972/3650
f  3650/1972/3650 3651/1974/3651 1779/1973/1779
f  1781/1975/1781 1779/1973/1779 3651/1974/3651
f  3651/1974/3651 3652/1976/3652 1781/1975/1781
f  1783/1977/1783 1781/1975/1781 3652/1976/3652
f  3652/1976/3652 3653/1978/3653 1783/1977/1783
f  1785/1979/1785 1783/1977/1783 3653/1978/3653
f  3653/1978/3653 3654/1980/3654 1785/1979/1785
f  1787/1981/1787 1785/1979/1785 3654/1980/3654
f  3654/1980/3654 3655/1982/3655 1787/1981/1787
f  1789/1983/1789 1787/1981/1787 3655/1982/3655
f  3655/1982/3655 3656/1984/3656 1789/1983/1789
f  1791/1985/1791 1789/1983/1789 3656/1984/3656
f  3656/1984/3656 3657/1986/3657 1791/1985/1791
f  3658/1988/3658 1793/1987/1793 1791/1985/1791
f  1791/1985/1791 3657/1986/3657 3658/1988/3658
f  2421/509/2421 1795/1989/1795 1793/1987/1793
f  1793/1987/1793 3658/1988/3658 2421/509/2421
f  472/514/472 1795/1989/1795 2421/509/2421
f  2421/509/2421 2420/508/2420 472/514/472
f  3659/1990/3659 2416/504/2416 3658/1988/3658
f  3658/1988/3658 3657/1986/3657 3659/1990/3659
f  2421/509/2421 3658/1988/3658 2416/504/2416
f  2416/504/2416 2415/503/2415 2421/509/2421
f  3660/1991/3660 3659/1990/3659 3657/1986/3657
f  3657/1986/3657 3656/1984/3656 3660/1991/3660
f  3661/1992/3661 2411/499/2411 3659/1990/3659
f  3659/1990/3659 3660/1991/3660 3661/1992/3661
f  2416/504/2416 3659/1990/3659 2411/499/2411
f  2411/499/2411 2410/498/2410 2416/504/2416
f  3662/1993/3662 3661/1992/3661 3660/1991/3660
f  3660/1991/3660 3663/1994/3663 3662/1993/3662
f  3664/1995/3664 2406/494/2406 3661/1992/3661
f  3661/1992/3661 3662/1993/3662 3664/1995/3664
f  2411/499/2411 3661/1992/3661 2406/494/2406
f  2406/494/2406 2405/493/2405 2411/499/2411
f  3665/1996/3665 3664/1995/3664 3662/1993/3662
f  3662/1993/3662 3666/1997/3666 3665/1996/3665
f  3667/1998/3667 2402/490/2402 3664/1995/3664
f  3664/1995/3664 3665/1996/3665 3667/1998/3667
f  2406/494/2406 3664/1995/3664 2402/490/2402
f  2402/490/2402 2401/488/2401 2406/494/2406
f  2392/482/2392 3667/1998/3667 3665/1996/3665
f  3665/1996/3665 3668/1999/3668 2392/482/2392
f  2395/483/2395 3669/2000/3669 3667/1998/3667
f  3667/1998/3667 2392/482/2392 2395/483/2395
f  2402/490/2402 3667/1998/3667 3669/2000/3669
f  3669/2000/3669 2400/489/2400 2402/490/2402
f  2383/471/2383 2382/472/2382 3669/2000/3669
f  3669/2000/3669 2395/483/2395 2383/471/2383
f  2400/489/2400 3669/2000/3669 2382/472/2382
f  2382/472/2382 2403/491/2403 2400/489/2400
f  3670/2002/3670 3668/1999/3668 3671/2001/3671
f  3671/2001/3671 3672/2003/3672 3670/2002/3670
f  2393/481/2393 2392/482/2392 3668/1999/3668
f  3668/1999/3668 3670/2002/3670 2393/481/2393
f  3666/1997/3666 3671/2001/3671 3668/1999/3668
f  3668/1999/3668 3665/1996/3665 3666/1997/3666
f  3673/2004/3673 3670/2002/3670 3672/2003/3672
f  3672/2003/3672 3674/2005/3674 3673/2004/3673
f  1971/3/1971 2393/481/2393 3670/2002/3670
f  3670/2002/3670 3673/2004/3673 1971/3/1971
f  1975/5/1975 3673/2004/3673 3674/2005/3674
f  3674/2005/3674 3675/2006/3675 1975/5/1975
f  1972/2/1972 1971/3/1971 3673/2004/3673
f  3673/2004/3673 1975/5/1975 1972/2/1972
f  3676/2008/3676 3675/2006/3675 3677/2007/3677
f  3677/2007/3677 3678/2009/3678 3676/2008/3676
f  1976/6/1976 1975/5/1975 3675/2006/3675
f  3675/2006/3675 3676/2008/3676 1976/6/1976
f  3679/2010/3679 3677/2007/3677 3675/2006/3675
f  3675/2006/3675 3674/2005/3674 3679/2010/3679
f  3677/2007/3677 3679/2010/3679 3651/1974/3651
f  3651/1974/3651 3650/1972/3650 3677/2007/3677
f  3680/2011/3680 3679/2010/3679 3674/2005/3674
f  3674/2005/3674 3672/2003/3672 3680/2011/3680
f  3652/1976/3652 3651/1974/3651 3679/2010/3679
f  3679/2010/3679 3680/2011/3680 3652/1976/3652
f  3681/2012/3681 3680/2011/3680 3672/2003/3672
f  3672/2003/3672 3671/2001/3671 3681/2012/3681
f  3653/1978/3653 3652/1976/3652 3680/2011/3680
f  3680/2011/3680 3681/2012/3681 3653/1978/3653
f  3682/2013/3682 3681/2012/3681 3671/2001/3671
f  3671/2001/3671 3666/1997/3666 3682/2013/3682
f  3654/1980/3654 3653/1978/3653 3681/2012/3681
f  3681/2012/3681 3682/2013/3682 3654/1980/3654
f  3663/1994/3663 3682/2013/3682 3666/1997/3666
f  3666/1997/3666 3662/1993/3662 3663/1994/3663
f  3655/1982/3655 3654/1980/3654 3682/2013/3682
f  3682/2013/3682 3663/1994/3663 3655/1982/3655
f  3683/2016/3683 3676/2015/3676 3678/2014/3678
f  3678/2014/3678 3684/2017/3684 3683/2016/3683
f  3685/2019/3685 1976/2018/1976 3676/2015/3676
f  3676/2015/3676 3683/2016/3683 3685/2019/3685
f  3686/2020/3686 3685/2019/3685 3683/2016/3683
f  3683/2016/3683 3687/2021/3687 3686/2020/3686
f  3688/2023/3688 3689/2022/3689 3685/2019/3685
f  3685/2019/3685 3686/2020/3686 3688/2023/3688
f  1976/2018/1976 3685/2019/3685 3689/2022/3689
f  3689/2022/3689 1973/2024/1973 1976/2018/1976
f  3690/2025/3690 3689/2022/3689 3688/2023/3688
f  3688/2023/3688 3691/2026/3691 3690/2025/3690
f  1974/2027/1974 1973/2024/1973 3689/2022/3689
f  3689/2022/3689 3690/2025/3690 1974/2027/1974
f  3692/2028/3692 3690/2025/3690 3691/2026/3691
f  3691/2026/3691 3693/2029/3693 3692/2028/3692
f  2397/2030/2397 1974/2027/1974 3690/2025/3690
f  3690/2025/3690 3692/2028/3692 2397/2030/2397
f  3694/2031/3694 3692/2028/3692 3693/2029/3693
f  3693/2029/3693 3695/2032/3695 3694/2031/3694
f  2396/2033/2396 2397/2030/2397 3692/2028/3692
f  3692/2028/3692 3694/2031/3694 2396/2033/2396
f  3626/1939/3626 3694/2031/3694 3695/2032/3695
f  3695/2032/3695 3628/1942/3628 3626/1939/3626
f  3627/1940/3627 2396/2033/2396 3694/2031/3694
f  3694/2031/3694 3626/1939/3626 3627/1940/3627
f  3696/2034/3696 3634/1947/3634 3695/2032/3695
f  3695/2032/3695 3693/2029/3693 3696/2034/3696
f  3628/1942/3628 3695/2032/3695 3634/1947/3634
f  3634/1947/3634 3630/1944/3630 3628/1942/3628
f  3697/2035/3697 3696/2034/3696 3693/2029/3693
f  3693/2029/3693 3691/2026/3691 3697/2035/3697
f  3637/1950/3637 3696/2034/3696 3697/2035/3697
f  3697/2035/3697 1983/13/1983 3637/1950/3637
f  3634/1947/3634 3696/2034/3696 3637/1950/3637
f  3637/1950/3637 3633/1946/3633 3634/1947/3634
f  3688/2023/3688 3698/2036/3698 3697/2035/3697
f  3697/2035/3697 3691/2026/3691 3688/2023/3688
f  1983/13/1983 3697/2035/3697 3698/2036/3698
f  3698/2036/3698 1977/9/1977 1983/13/1983
f  3686/2020/3686 3699/2037/3699 3698/2036/3698
f  3698/2036/3698 3688/2023/3688 3686/2020/3686
f  1977/9/1977 3698/2036/3698 3699/2037/3699
f  3699/2037/3699 1978/8/1978 1977/9/1977
f  3687/2021/3687 3700/2038/3700 3699/2037/3699
f  3699/2037/3699 3686/2020/3686 3687/2021/3687
f  1978/8/1978 3699/2037/3699 3700/2038/3700
f  3700/2038/3700 3701/2039/3701 1978/8/1978
f  3702/2040/3702 3645/1958/3645 3701/2039/3701
f  3701/2039/3701 3700/2038/3700 3702/2040/3702
f  3640/1953/3640 3701/2039/3701 3645/1958/3645
f  3645/1958/3645 3641/1955/3641 3640/1953/3640
f  1979/7/1979 1978/8/1978 3701/2039/3701
f  3701/2039/3701 3640/1953/3640 1979/7/1979
f  3647/1964/3647 3646/1962/3646 3702/2040/3702
f  3702/2040/3702 3703/2041/3703 3647/1964/3647
f  3645/1958/3645 3702/2040/3702 3646/1962/3646
f  3646/1962/3646 3644/1957/3644 3645/1958/3645
f  3703/2041/3703 3702/2040/3702 3700/2038/3700
f  3700/2038/3700 3687/2021/3687 3703/2041/3703
f  3648/1966/3648 3647/1964/3647 3703/2041/3703
f  3703/2041/3703 3684/2017/3684 3648/1966/3648
f  3684/2017/3684 3703/2041/3703 3687/2021/3687
f  3687/2021/3687 3683/2016/3683 3684/2017/3684
f  3649/1968/3649 3648/1966/3648 3684/2017/3684
f  3684/2017/3684 3678/2014/3678 3649/1968/3649
f  3650/1972/3650 3649/1969/3649 3678/2009/3678
f  3678/2009/3678 3677/2007/3677 3650/1972/3650
f  3656/1984/3656 3655/1982/3655 3663/1994/3663
f  3663/1994/3663 3660/1991/3660 3656/1984/3656
f  1981/11/1981 3636/1949/3636 3637/1950/3637
f  3637/1950/3637 1983/13/1983 1981/11/1981
f  2383/2042/2383 2396/2033/2396 3627/1940/3627
f  3627/1940/3627 2384/2043/2384 2383/2042/2383
f  3624/1937/3624 2384/2043/2384 3627/1940/3627
f  3627/1940/3627 3623/1936/3623 3624/1937/3624
f  2384/470/2384 3624/2045/3624 3704/2044/3704
f  3704/2044/3704 2385/473/2385 2384/470/2384
f  3704/2044/3704 3624/2045/3624 3621/1933/3621
f  3621/1933/3621 2381/469/2381 3704/2044/3704
f  2385/473/2385 3704/2044/3704 2403/491/2403
f  2403/491/2403 2382/472/2382 2385/473/2385
f  2380/466/2380 2403/491/2403 3704/2044/3704
f  3704/2044/3704 2381/469/2381 2380/466/2380
f  2354/439/2354 3558/1869/3558 3556/1865/3556
f  3556/1865/3556 3555/1866/3555 2354/439/2354
f  2043/81/2043 2354/439/2354 3555/1866/3555
f  3555/1866/3555 2042/80/2042 2043/81/2043
f  2042/80/2042 3555/1866/3555 3553/1863/3553
f  3553/1863/3553 2041/79/2041 2042/80/2042
f  2039/75/2039 2041/79/2041 3551/1860/3551
f  3551/1860/3551 3550/1861/3550 2039/75/2039
f  2040/78/2040 2039/75/2039 3550/1861/3550
f  3550/1861/3550 3705/2046/3705 2040/78/2040
f  3705/2046/3705 3550/1861/3550 3548/1857/3548
f  3548/1857/3548 3547/1858/3547 3705/2046/3705
f  2040/78/2040 3705/2046/3705 3706/2047/3706
f  3706/2047/3706 3707/2048/3707 2040/78/2040
f  3706/2047/3706 3705/2046/3705 3547/1858/3547
f  3547/1858/3547 3708/2049/3708 3706/2047/3706
f  3706/2052/3706 3708/2051/3708 3709/2050/3709
f  3709/2050/3709 3710/2053/3710 3706/2052/3706
f  3545/1854/3545 3544/1855/3544 3708/2049/3708
f  3708/2049/3708 3547/1858/3547 3545/1854/3545
f  3709/2050/3709 3708/2051/3708 3544/2054/3544
f  3544/2054/3544 3711/2055/3711 3709/2050/3709
f  3712/2056/3712 3709/2050/3709 3711/2055/3711
f  3711/2055/3711 3713/2057/3713 3712/2056/3712
f  3542/1850/3542 3541/1851/3541 3711/2055/3711
f  3711/2055/3711 3544/2054/3544 3542/1850/3542
f  3713/2057/3713 3711/2055/3711 3541/1851/3541
f  3541/1851/3541 2367/452/2367 3713/2057/3713
f  3714/2059/3714 3712/2056/3712 3715/2058/3715
f  3715/2058/3715 3716/2060/3716 3714/2059/3714
f  3710/2053/3710 3709/2050/3709 3712/2056/3712
f  3712/2056/3712 3714/2059/3714 3710/2053/3710
f  3715/2058/3715 3712/2056/3712 3713/2057/3713
f  3713/2057/3713 3717/2061/3717 3715/2058/3715
f  3718/2062/3718 3715/2058/3715 3717/2061/3717
f  3717/2061/3717 2435/532/2435 3718/2062/3718
f  2367/452/2367 2366/451/2366 3717/2061/3717
f  3717/2061/3717 3713/2057/3713 2367/452/2367
f  2435/532/2435 3717/2061/3717 2366/451/2366
f  2366/451/2366 2368/453/2368 2435/532/2435
f  3719/2064/3719 3720/2063/3720 3718/2062/3718
f  3718/2062/3718 2433/530/2433 3719/2064/3719
f  3716/2060/3716 3715/2058/3715 3718/2062/3718
f  3718/2062/3718 3720/2063/3720 3716/2060/3716
f  2433/530/2433 3718/2062/3718 2435/532/2435
f  2435/532/2435 2432/529/2432 2433/530/2433
f  3721/2065/3721 3720/2063/3720 3719/2064/3719
f  3719/2064/3719 3722/2066/3722 3721/2065/3721
f  3723/2067/3723 3716/2060/3716 3720/2063/3720
f  3720/2063/3720 3721/2065/3721 3723/2067/3723
f  3724/2068/3724 3723/2067/3723 3721/2065/3721
f  3721/2065/3721 3725/2069/3725 3724/2068/3724
f  3726/2071/3726 3727/2070/3727 3723/2067/3723
f  3723/2067/3723 3724/2068/3724 3726/2071/3726
f  3716/2060/3716 3723/2067/3723 3727/2070/3727
f  3727/2070/3727 3714/2059/3714 3716/2060/3716
f  2346/430/2346 3728/2072/3728 3727/2070/3727
f  3727/2070/3727 3726/2071/3726 2346/430/2346
f  3714/2059/3714 3727/2070/3727 3728/2072/3728
f  3728/2072/3728 3710/2053/3710 3714/2059/3714
f  2349/431/2349 3707/2073/3707 3728/2072/3728
f  3728/2072/3728 2346/430/2346 2349/431/2349
f  3710/2053/3710 3728/2072/3728 3707/2073/3707
f  3707/2073/3707 3706/2052/3706 3710/2053/3710
f  3729/2074/3729 3726/2071/3726 3724/2068/3724
f  3724/2068/3724 3730/2075/3730 3729/2074/3729
f  2347/429/2347 2346/430/2346 3726/2071/3726
f  3726/2071/3726 3729/2074/3729 2347/429/2347
f  3731/2076/3731 3729/2074/3729 3730/2075/3730
f  3730/2075/3730 2413/501/2413 3731/2076/3731
f  2350/433/2350 2347/429/2347 3729/2074/3729
f  3729/2074/3729 3731/2076/3731 2350/433/2350
f  2408/496/2408 3731/2076/3731 2413/501/2413
f  2413/501/2413 2407/495/2407 2408/496/2408
f  3732/2077/3732 2350/433/2350 3731/2076/3731
f  3731/2076/3731 2408/496/2408 3732/2077/3732
f  2413/501/2413 3730/2075/3730 2418/506/2418
f  2418/506/2418 2412/500/2412 2413/501/2413
f  3725/2069/3725 2418/506/2418 3730/2075/3730
f  3730/2075/3730 3724/2068/3724 3725/2069/3725
f  2417/505/2417 2418/506/2418 3725/2069/3725
f  3725/2069/3725 2422/511/2422 2417/505/2417
f  2422/511/2422 3725/2069/3725 3721/2065/3721
f  3721/2065/3721 3722/2066/3722 2422/511/2422
f  2423/510/2423 2422/511/2422 3722/2066/3722
f  3722/2066/3722 2425/516/2425 2423/510/2423
f  2425/516/2425 3722/2066/3722 3719/2064/3719
f  3719/2064/3719 3733/2078/3733 2425/516/2425
f  2426/515/2426 2425/516/2425 3733/2078/3733
f  3733/2078/3733 2427/519/2427 2426/515/2426
f  2433/530/2433 2431/527/2431 3733/2078/3733
f  3733/2078/3733 3719/2064/3719 2433/530/2433
f  2427/519/2427 3733/2078/3733 2431/527/2431
f  2431/527/2431 2428/521/2428 2427/519/2427
f  2040/78/2040 3707/2048/3707 2349/438/2349
f  2349/438/2349 2037/77/2037 2040/78/2040
f  2367/452/2367 3541/1851/3541 3538/1845/3538
f  3538/1845/3538 2365/450/2365 2367/452/2367
f  2365/450/2365 3538/1845/3538 3540/1846/3540
f  3540/1846/3540 2362/449/2362 2365/450/2365
f  2362/538/2362 3540/1849/3540 2440/541/2440
f  2440/541/2440 2437/537/2437 2362/538/2362
f  3479/1777/3479 3521/1825/3521 3517/1819/3517
f  3517/1819/3517 3516/1820/3516 3479/1777/3479
f  3482/1781/3482 3516/1820/3516 3512/1814/3512
f  3512/1814/3512 3511/1815/3511 3482/1781/3482
f  3480/1776/3480 3479/1777/3479 3516/1820/3516
f  3516/1820/3516 3482/1781/3482 3480/1776/3480
f  3486/1788/3486 3511/1815/3511 3507/1810/3507
f  3507/1810/3507 3488/1790/3488 3486/1788/3486
f  3483/1780/3483 3482/1781/3482 3511/1815/3511
f  3511/1815/3511 3486/1788/3486 3483/1780/3483
f  2454/560/2454 3469/1763/3469 3471/1764/3471
f  3471/1764/3471 2453/559/2453 2454/560/2454
f  2453/559/2453 3471/1764/3471 2074/112/2074
f  2074/112/2074 2073/113/2073 2453/559/2453
f  2067/105/2067 2066/103/2066 2945/1194/2945
f  2945/1194/2945 2944/1195/2944 2067/105/2067
f  3734/2079/3734 2944/1195/2944 2942/1189/2942
f  2942/1189/2942 2941/1190/2941 3734/2079/3734
f  2830/1048/2830 2067/105/2067 2944/1195/2944
f  2944/1195/2944 3734/2079/3734 2830/1048/2830
f  3735/2080/3735 3734/2079/3734 2941/1190/2941
f  2941/1190/2941 3736/2081/3736 3735/2080/3735
f  2831/1047/2831 2830/1048/2830 3734/2079/3734
f  3734/2079/3734 3735/2080/3735 2831/1047/2831
f  3737/2082/3737 3735/2080/3735 3736/2081/3736
f  3736/2081/3736 3738/2083/3738 3737/2082/3737
f  2833/1050/2833 2831/1047/2831 3735/2080/3735
f  3735/2080/3735 3737/2082/3737 2833/1050/2833
f  3739/2084/3739 3737/2082/3737 3738/2083/3738
f  3738/2083/3738 3740/2085/3740 3739/2084/3739
f  2839/1056/2839 2833/1050/2833 3737/2082/3737
f  3737/2082/3737 3739/2084/3739 2839/1056/2839
f  2848/1066/2848 3739/2084/3739 3740/2085/3740
f  3740/2085/3740 3741/2086/3741 2848/1066/2848
f  2841/1058/2841 2839/1056/2839 3739/2084/3739
f  3739/2084/3739 2848/1066/2848 2841/1058/2841
f  3742/2088/3742 3743/2087/3743 3741/2086/3741
f  3741/2086/3741 3740/2085/3740 3742/2088/3742
f  2851/1069/2851 3741/2086/3741 3743/2087/3743
f  3743/2087/3743 3744/2089/3744 2851/1069/2851
f  2849/1065/2849 2848/1066/2848 3741/2086/3741
f  3741/2086/3741 2851/1069/2851 2849/1065/2849
f  3745/2091/3745 3746/2090/3746 3744/2089/3744
f  3744/2089/3744 3743/2087/3743 3745/2091/3745
f  3747/2092/3747 3744/2089/3744 3746/2090/3746
f  3746/2090/3746 3748/2093/3748 3747/2092/3747
f  2852/1068/2852 2851/1069/2851 3744/2089/3744
f  3744/2089/3744 3747/2092/3747 2852/1068/2852
f  3749/2094/3749 3747/2092/3747 3748/2093/3748
f  3748/2093/3748 3750/2095/3750 3749/2094/3749
f  2854/1071/2854 2852/1068/2852 3747/2092/3747
f  3747/2092/3747 3749/2094/3749 2854/1071/2854
f  3751/2096/3751 3749/2094/3749 3750/2095/3750
f  3750/2095/3750 3752/2097/3752 3751/2096/3751
f  2856/1073/2856 2854/1071/2854 3749/2094/3749
f  3749/2094/3749 3751/2096/3751 2856/1073/2856
f  3753/2098/3753 3751/2096/3751 3752/2097/3752
f  3752/2097/3752 3754/2099/3754 3753/2098/3753
f  3755/2100/3755 2856/1073/2856 3751/2096/3751
f  3751/2096/3751 3753/2098/3753 3755/2100/3755
f  2871/1101/2871 3755/2100/3755 3753/2098/3753
f  3753/2098/3753 2872/1103/2872 2871/1101/2871
f  2870/1099/2870 2858/1076/2858 3755/2100/3755
f  3755/2100/3755 2871/1101/2871 2870/1099/2870
f  2856/1073/2856 3755/2100/3755 2858/1076/2858
f  2858/1076/2858 2855/1072/2855 2856/1073/2856
f  2872/1103/2872 3753/2098/3753 3754/2099/3754
f  3754/2099/3754 2873/1105/2873 2872/1103/2872
f  3756/2102/3756 3757/2101/3757 3754/2099/3754
f  3754/2099/3754 3752/2097/3752 3756/2102/3756
f  2873/1105/2873 3754/2099/3754 3757/2101/3757
f  3757/2101/3757 2874/1107/2874 2873/1105/2873
f  3758/2104/3758 3759/2103/3759 3757/2101/3757
f  3757/2101/3757 3756/2102/3756 3758/2104/3758
f  2874/1107/2874 3757/2101/3757 3759/2103/3759
f  3759/2103/3759 2875/1109/2875 2874/1107/2874
f  3760/2106/3760 3761/2105/3761 3759/2103/3759
f  3759/2103/3759 3758/2104/3758 3760/2106/3760
f  2875/1109/2875 3759/2103/3759 3761/2105/3761
f  3761/2105/3761 2876/1111/2876 2875/1109/2875
f  3762/2108/3762 3763/2107/3763 3761/2105/3761
f  3761/2105/3761 3760/2106/3760 3762/2108/3762
f  2876/1111/2876 3761/2105/3761 3763/2107/3763
f  3763/2107/3763 2877/1113/2877 2876/1111/2876
f  3764/2110/3764 3765/2109/3765 3763/2107/3763
f  3763/2107/3763 3762/2108/3762 3764/2110/3764
f  2877/1113/2877 3763/2107/3763 3765/2109/3765
f  3765/2109/3765 2878/1115/2878 2877/1113/2877
f  3766/2111/3766 3765/2109/3765 3764/2110/3764
f  3764/2110/3764 3767/2112/3767 3766/2111/3766
f  2879/1117/2879 2878/1115/2878 3765/2109/3765
f  3765/2109/3765 3766/2111/3766 2879/1117/2879
f  3768/2114/3768 3769/2113/3769 3766/2111/3766
f  3766/2111/3766 3767/2112/3767 3768/2114/3768
f  2879/1117/2879 3766/2111/3766 3769/2113/3769
f  3769/2113/3769 2880/1119/2880 2879/1117/2879
f  3770/2116/3770 3771/2115/3771 3769/2113/3769
f  3769/2113/3769 3768/2114/3768 3770/2116/3770
f  2880/1119/2880 3769/2113/3769 3771/2115/3771
f  3771/2115/3771 2881/1121/2881 2880/1119/2880
f  2896/1142/2896 3772/2117/3772 3771/2115/3771
f  3771/2115/3771 3770/2116/3770 2896/1142/2896
f  2881/1121/2881 3771/2115/3771 3772/2117/3772
f  3772/2117/3772 2882/1123/2882 2881/1121/2881
f  2892/1136/2892 2891/1137/2891 3772/2117/3772
f  3772/2117/3772 2896/1142/2896 2892/1136/2892
f  2882/1123/2882 3772/2117/3772 2891/1137/2891
f  2891/1137/2891 2883/1125/2883 2882/1123/2882
f  2897/1141/2897 2896/1142/2896 3770/2116/3770
f  3770/2116/3770 2901/1147/2901 2897/1141/2897
f  2901/1147/2901 3770/2116/3770 3768/2114/3768
f  3768/2114/3768 3773/2118/3773 2901/1147/2901
f  2902/1146/2902 2901/1147/2901 3773/2118/3773
f  3773/2118/3773 2906/1152/2906 2902/1146/2902
f  3767/2112/3767 3774/2119/3774 3773/2118/3773
f  3773/2118/3773 3768/2114/3768 3767/2112/3767
f  2906/1152/2906 3773/2118/3773 3774/2119/3774
f  3774/2119/3774 3775/2120/3775 2906/1152/2906
f  2907/1151/2907 2906/1152/2906 3775/2120/3775
f  3775/2120/3775 2911/1157/2911 2907/1151/2907
f  3776/2121/3776 3775/2120/3775 3774/2119/3774
f  3774/2119/3774 3777/2122/3777 3776/2121/3776
f  2911/1157/2911 3775/2120/3775 3776/2121/3776
f  3776/2121/3776 2913/1159/2913 2911/1157/2911
f  3778/2123/3778 3776/2121/3776 3777/2122/3777
f  3777/2122/3777 3779/2124/3779 3778/2123/3778
f  2913/1159/2913 3776/2121/3776 3778/2123/3778
f  3778/2123/3778 2915/1161/2915 2913/1159/2913
f  3780/2126/3780 3781/2125/3781 3778/2123/3778
f  3778/2123/3778 3779/2124/3779 3780/2126/3780
f  2915/1161/2915 3778/2123/3778 3781/2125/3781
f  3781/2125/3781 2917/1163/2917 2915/1161/2915
f  3782/2128/3782 3783/2127/3783 3781/2125/3781
f  3781/2125/3781 3780/2126/3780 3782/2128/3782
f  2917/1163/2917 3781/2125/3781 3783/2127/3783
f  3783/2127/3783 3784/2129/3784 2917/1163/2917
f  2918/1162/2918 2917/1163/2917 3784/2129/3784
f  3784/2129/3784 2921/1167/2921 2918/1162/2918
f  3785/2131/3785 3786/2130/3786 3784/2129/3784
f  3784/2129/3784 3783/2127/3783 3785/2131/3785
f  2921/1167/2921 3784/2129/3784 3786/2130/3786
f  3786/2130/3786 3787/2132/3787 2921/1167/2921
f  2922/1166/2922 2921/1167/2921 3787/2132/3787
f  3787/2132/3787 2926/1174/2926 2922/1166/2922
f  3746/2090/3746 3745/2091/3745 3787/2132/3787
f  3787/2132/3787 3786/2130/3786 3746/2090/3746
f  2926/1174/2926 3787/2132/3787 3745/2091/3745
f  3745/2091/3745 3788/2133/3788 2926/1174/2926
f  2927/1173/2927 2926/1174/2926 3788/2133/3788
f  3788/2133/3788 2931/1180/2931 2927/1173/2927
f  3743/2087/3743 3742/2088/3742 3788/2133/3788
f  3788/2133/3788 3745/2091/3745 3743/2087/3743
f  2931/1180/2931 3788/2133/3788 3742/2088/3742
f  3742/2088/3742 3789/2134/3789 2931/1180/2931
f  2932/1179/2932 2931/1180/2931 3789/2134/3789
f  3789/2134/3789 2936/1185/2936 2932/1179/2932
f  3740/2085/3740 3738/2083/3738 3789/2134/3789
f  3789/2134/3789 3742/2088/3742 3740/2085/3740
f  2936/1185/2936 3789/2134/3789 3738/2083/3738
f  3738/2083/3738 3736/2081/3736 2936/1185/2936
f  3748/2093/3748 3746/2090/3746 3786/2130/3786
f  3786/2130/3786 3785/2131/3785 3748/2093/3748
f  3790/2135/3790 3785/2131/3785 3783/2127/3783
f  3783/2127/3783 3782/2128/3782 3790/2135/3790
f  3750/2095/3750 3748/2093/3748 3785/2131/3785
f  3785/2131/3785 3790/2135/3790 3750/2095/3750
f  3756/2102/3756 3790/2135/3790 3782/2128/3782
f  3782/2128/3782 3758/2104/3758 3756/2102/3756
f  3752/2097/3752 3750/2095/3750 3790/2135/3790
f  3790/2135/3790 3756/2102/3756 3752/2097/3752
f  3758/2104/3758 3782/2128/3782 3780/2126/3780
f  3780/2126/3780 3760/2106/3760 3758/2104/3758
f  3762/2108/3762 3760/2106/3760 3780/2126/3780
f  3780/2126/3780 3779/2124/3779 3762/2108/3762
f  3764/2110/3764 3762/2108/3762 3779/2124/3779
f  3779/2124/3779 3777/2122/3777 3764/2110/3764
f  3767/2112/3767 3764/2110/3764 3777/2122/3777
f  3777/2122/3777 3774/2119/3774 3767/2112/3767
f  2937/1184/2937 2936/1185/2936 3736/2081/3736
f  3736/2081/3736 2941/1190/2941 2937/1184/2937
f  2028/65/2028 3791/2136/3791 2939/1187/2939
f  2939/1187/2939 2054/2137/2054 2028/65/2028
f  2935/1183/2935 2939/1187/2939 3791/2136/3791
f  3791/2136/3791 2934/1182/2934 2935/1183/2935
f  2054/2137/2054 2939/1187/2939 2940/1188/2940
f  2940/1188/2940 2047/1192/2047 2054/2137/2054
f  2031/66/2031 3792/2138/3792 3791/2136/3791
f  3791/2136/3791 2028/65/2028 2031/66/2031
f  3793/2139/3793 2934/1182/2934 3791/2136/3791
f  3791/2136/3791 3792/2138/3792 3793/2139/3793
f  3794/2142/3794 3793/2141/3793 3792/2140/3792
f  3792/2140/3792 3795/2143/3795 3794/2142/3794
f  3796/2145/3796 2930/2144/2930 3793/2141/3793
f  3793/2141/3793 3794/2142/3794 3796/2145/3796
f  2934/1182/2934 3793/2139/3793 2930/1178/2930
f  2930/1178/2930 2929/1177/2929 2934/1182/2934
f  3797/2146/3797 3796/2145/3796 3794/2142/3794
f  3794/2142/3794 2012/47/2012 3797/2146/3797
f  1990/22/1990 2925/1172/2925 3796/2145/3796
f  3796/2145/3796 3797/2146/3797 1990/22/1990
f  2930/2144/2930 3796/2145/3796 2925/1172/2925
f  2925/1172/2925 2924/1169/2924 2930/2144/2930
f  3798/2147/3798 3797/2146/3797 2012/47/2012
f  2012/47/2012 2011/44/2011 3798/2147/3798
f  1991/21/1991 1990/22/1990 3797/2146/3797
f  3797/2146/3797 3798/2147/3798 1991/21/1991
f  2015/50/2015 3799/2148/3799 3798/2147/3798
f  3798/2147/3798 2011/44/2011 2015/50/2015
f  2000/33/2000 1991/21/1991 3798/2147/3798
f  3798/2147/3798 3799/2148/3799 2000/33/2000
f  2016/53/2016 2019/54/2019 3799/2148/3799
f  3799/2148/3799 2015/50/2015 2016/53/2016
f  2003/34/2003 2000/33/2000 3799/2148/3799
f  3799/2148/3799 2019/54/2019 2003/34/2003
f  2012/47/2012 3794/2142/3794 3795/2143/3795
f  3795/2143/3795 2009/46/2009 2012/47/2012
f  2009/46/2009 3795/2143/3795 2032/69/2032
f  2032/69/2032 2014/49/2014 2009/46/2009
f  2031/68/2031 2032/69/2032 3795/2143/3795
f  3795/2143/3795 3792/2140/3792 2031/68/2031
f  1993/23/1993 2920/1171/2920 2925/1172/2925
f  2925/1172/2925 1990/22/1990 1993/23/1993
f  2883/1125/2883 2891/1137/2891 2888/1133/2888
f  2888/1133/2888 2884/1127/2884 2883/1125/2883
f  2859/1075/2859 2858/1076/2858 2870/1099/2870
f  2870/1099/2870 2861/1079/2861 2859/1075/2859
f  2067/105/2067 2830/1048/2830 2828/1045/2828
f  2828/1045/2828 2065/104/2065 2067/105/2067
f  2458/563/2458 2457/564/2457 2804/1014/2804
f  2804/1014/2804 2460/567/2460 2458/563/2458
f  3800/2149/3800 2470/578/2470 2803/1006/2803
f  2803/1006/2803 2802/1004/2802 3800/2149/3800
f  2466/574/2466 2467/575/2467 2803/1006/2803
f  2803/1006/2803 2470/578/2470 2466/574/2466
f  3801/2150/3801 3800/2149/3800 2802/1004/2802
f  2802/1004/2802 2801/1002/2801 3801/2150/3801
f  2490/601/2490 3802/2151/3802 3800/2149/3800
f  3800/2149/3800 3801/2150/3801 2490/601/2490
f  2470/578/2470 3800/2149/3800 3802/2151/3802
f  3802/2151/3802 2469/577/2469 2470/578/2470
f  2488/598/2488 2476/585/2476 3802/2151/3802
f  3802/2151/3802 2490/601/2490 2488/598/2488
f  2469/577/2469 3802/2151/3802 2476/585/2476
f  2476/585/2476 2471/580/2471 2469/577/2469
f  2800/1000/2800 3803/2152/3803 3801/2150/3801
f  3801/2150/3801 2801/1002/2801 2800/1000/2800
f  2491/600/2491 2490/601/2490 3801/2150/3801
f  3801/2150/3801 3803/2152/3803 2491/600/2491
f  2799/998/2799 3804/2153/3804 3803/2152/3803
f  3803/2152/3803 2800/1000/2800 2799/998/2799
f  2491/600/2491 3803/2152/3803 3804/2153/3804
f  3804/2153/3804 2493/603/2493 2491/600/2491
f  2137/186/2137 2136/183/2136 3804/2153/3804
f  3804/2153/3804 2799/998/2799 2137/186/2137
f  2140/189/2140 2493/603/2493 3804/2153/3804
f  3804/2153/3804 2136/183/2136 2140/189/2140
f  1974/4/1974 2397/485/2397 2393/481/2393
f  2393/481/2393 1971/3/1971 1974/4/1974
f  2330/403/2330 2336/412/2336 1942/2154/1942
f  1942/2154/1942 1943/2155/1943 2330/403/2330
f  2330/403/2330 1943/2155/1943 1944/2156/1944
f  1944/2156/1944 2328/399/2328 2330/403/2330
f  2329/402/2329 2328/399/2328 1944/2156/1944
f  1944/2156/1944 1945/2157/1945 2329/402/2329
f  2329/402/2329 1945/2157/1945 347/377/347
f  347/377/347 2309/378/2309 2329/402/2329
f  3805/2160/3805 1946/2159/1946 1942/2158/1942
f  1942/2158/1942 2336/412/2336 3805/2160/3805
f  3806/2162/3806 1948/2161/1948 1946/2159/1946
f  1946/2159/1946 3805/2160/3805 3806/2162/3806
f  1950/2163/1950 1948/2161/1948 3806/2162/3806
f  3806/2162/3806 3807/2164/3807 1950/2163/1950
f  2340/415/2340 381/419/381 1950/2163/1950
f  1950/2163/1950 3807/2164/3807 2340/415/2340
f  3808/2166/3808 3809/2165/3809 3807/2164/3807
f  3807/2164/3807 3806/2162/3806 3808/2166/3808
f  2341/418/2341 2340/415/2340 3807/2164/3807
f  3807/2164/3807 3809/2165/3809 2341/418/2341
f  1955/2168/1955 1954/2167/1954 3809/2165/3809
f  3809/2165/3809 3808/2166/3808 1955/2168/1955
f  1956/2169/1956 2341/418/2341 3809/2165/3809
f  3809/2165/3809 1954/2167/1954 1956/2169/1956
f  2338/417/2338 2341/418/2341 1956/2169/1956
f  1956/2169/1956 1957/2170/1957 2338/417/2338
f  3810/2172/3810 1958/2171/1958 1955/2168/1955
f  1955/2168/1955 3808/2166/3808 3810/2172/3810
f  2376/464/2376 1960/2173/1960 1958/2171/1958
f  1958/2171/1958 3810/2172/3810 2376/464/2376
f  2377/465/2377 1961/2174/1961 1960/2173/1960
f  1960/2173/1960 2376/464/2376 2377/465/2377
f  3811/2176/3811 1962/2175/1962 1961/2174/1961
f  1961/2174/1961 2377/465/2377 3811/2176/3811
f  2316/389/2316 1964/2177/1964 1962/2175/1962
f  1962/2175/1962 3811/2176/3811 2316/389/2316
f  2318/390/2318 1965/2178/1965 1964/2177/1964
f  1964/2177/1964 2316/389/2316 2318/390/2318
f  2282/343/2282 1966/2179/1966 1965/2178/1965
f  1965/2178/1965 2318/390/2318 2282/343/2282
f  1967/2180/1967 1966/2179/1966 2282/343/2282
f  2282/343/2282 2281/344/2281 1967/2180/1967
f  2261/321/2261 296/322/296 1967/2180/1967
f  1967/2180/1967 2281/344/2281 2261/321/2261
f  2317/388/2317 2316/389/2316 3811/2176/3811
f  3811/2176/3811 3812/2181/3812 2317/388/2317
f  3812/2181/3812 3811/2176/3811 2377/465/2377
f  2377/465/2377 2374/462/2374 3812/2181/3812
f  2319/395/2319 2317/2183/2317 3812/2182/3812
f  3812/2182/3812 2320/394/2320 2319/395/2319
f  2320/394/2320 3812/2182/3812 2374/960/2374
f  2374/960/2374 2325/398/2325 2320/394/2320
f  2376/464/2376 3810/2172/3810 3805/2160/3805
f  3805/2160/3805 2336/412/2336 2376/464/2376
f  3805/2160/3805 3810/2172/3810 3808/2166/3808
f  3808/2166/3808 3806/2162/3806 3805/2160/3805
f  3813/2186/3813 3619/2185/3619 2353/2184/2353
f  2353/2184/2353 2351/432/2351 3813/2186/3813
f  3732/2077/3732 3813/2186/3813 2351/432/2351
f  2351/432/2351 2350/433/2350 3732/2077/3732
f  3732/2077/3732 3814/2187/3814 3619/2185/3619
f  3619/2185/3619 3813/2186/3813 3732/2077/3732
f  2338/417/2338 1957/2170/1957 382/420/382
f  382/420/382 2339/416/2339 2338/417/2338
f  2309/2188/2309 2759/953/2759 2326/405/2326
f  2326/405/2326 2329/2189/2329 2309/2188/2309
f  2311/381/2311 2319/395/2319 2322/392/2322
f  2322/392/2322 2312/384/2312 2311/381/2311
f  2265/328/2265 2282/343/2282 2318/390/2318
f  2318/390/2318 2310/380/2310 2265/328/2265
f  2301/363/2301 2315/387/2315 2295/357/2295
f  2295/357/2295 2273/335/2273 2301/363/2301
f  2259/318/2259 2265/328/2265 2310/380/2310
f  2310/380/2310 2289/349/2289 2259/318/2259
f  2759/953/2759 2309/2188/2309 2731/923/2731
f  2731/923/2731 2733/925/2733 2759/953/2759
f  2307/922/2307 2731/923/2731 2309/2188/2309
f  2309/2188/2309 2305/2190/2305 2307/922/2307
f  2292/354/2292 2296/358/2296 2308/372/2308
f  2308/372/2308 2304/369/2304 2292/354/2292
f  2293/811/2293 2292/2191/2292 2304/366/2304
f  2304/366/2304 2303/367/2303 2293/811/2293
f  2160/212/2160 2215/268/2215 2221/273/2221
f  2221/273/2221 2157/211/2157 2160/212/2160
f  2486/596/2486 2216/267/2216 2215/268/2215
f  2215/268/2215 2160/212/2160 2486/596/2486
f  2197/2192/2197 2200/630/2200 2214/266/2214
f  2214/266/2214 2213/263/2213 2197/2192/2197
f  2197/2192/2197 2213/263/2213 2218/270/2218
f  2218/270/2218 2196/2193/2196 2197/2192/2197
f  2155/207/2155 2156/208/2156 2181/233/2181
f  2181/233/2181 2180/232/2180 2155/207/2155
f  2174/226/2174 2177/229/2177 2176/230/2176
f  2176/230/2176 2173/225/2173 2174/226/2174
f  2125/174/2125 2126/175/2126 2166/216/2166
f  2166/216/2166 2151/200/2151 2125/174/2125
f  2127/176/2127 2152/201/2152 2109/153/2109
f  2109/153/2109 2110/154/2110 2127/176/2127
f  2102/143/2102 2117/163/2117 2111/156/2111
f  2111/156/2111 2099/142/2099 2102/143/2102
f  2103/144/2103 2107/148/2107 2098/139/2098
f  2098/139/2098 2096/136/2096 2103/144/2103
f  2101/140/2101 2103/144/2103 2096/136/2096
f  2096/136/2096 2095/137/2095 2101/140/2101
f  2087/128/2087 2091/132/2091 2094/134/2094
f  2094/134/2094 2085/127/2085 2087/128/2087
f  2029/64/2029 2028/65/2028 2054/2137/2054
f  2054/2137/2054 2053/2194/2053 2029/64/2029
f  2034/72/2034 2029/64/2029 2053/2194/2053
f  2053/2194/2053 2052/1786/2052 2034/72/2034
f  2025/60/2025 2014/49/2014 2032/69/2032
f  2032/69/2032 2026/61/2026 2025/60/2025
f  2016/53/2016 2027/62/2027 2021/58/2021
f  2021/58/2021 2017/52/2017 2016/53/2016
f  2015/50/2015 2013/48/2013 2027/62/2027
f  2027/62/2027 2016/53/2016 2015/50/2015
f  2025/60/2025 2027/62/2027 2013/48/2013
f  2013/48/2013 2014/49/2014 2025/60/2025
f  2017/52/2017 2021/58/2021 2024/59/2024
f  2024/59/2024 2020/55/2020 2017/52/2017
f  3465/1757/3465 3466/1759/3466 3463/1756/3463
f  3463/1756/3463 3462/1755/3462 3465/1757/3465
f  2108/149/2108 2105/146/2105 2112/155/2112
f  2112/155/2112 2119/168/2119 2108/149/2108
f  2398/486/2398 3814/2187/3814 3732/2077/3732
f  3732/2077/3732 2408/496/2408 2398/486/2398
f  3814/2187/3814 2398/486/2398 2379/467/2379
f  3617/2195/3617 3814/2187/3814 2379/467/2379
f  2379/467/2379 2378/468/2378 3617/2195/3617
f  3814/2187/3814 3617/2195/3617 3619/2185/3619
f  2196/2193/2196 2218/270/2218 2484/594/2484
f  2484/594/2484 2481/591/2481 2196/2193/2196
f  2486/596/2486 2484/594/2484 2218/270/2218
f  2218/270/2218 2216/267/2216 2486/596/2486

